parcel_id,state,district,land_area_acres,land_type,land_use,circle_rate_per_acre,nearby_transaction_avg,nearby_transaction_median,declared_compensation,historical_avg_value,distance_to_nearest_transaction_km,infrastructure_proximity_score,market_growth_rate,affected_family_count,objection_count,pending_days,document_completeness,r_and_r_progress,acquisition_stage,_synthetic_is_anomaly,_synthetic_anomaly_type
BS-PARCEL-01001,Uttar Pradesh,Prayagraj,2.41,Agricultural,Dry Crop,1153000.0,1585000.0,1585000.0,8592000.0,1214000.0,1.26,47.8,0.1038,5,3,155,0.622,0.755,Possession Handover,0,normal
BS-PARCEL-01002,Tamil Nadu,Kanchipuram,2.25,Agricultural,Infrastructure Corridor,1613000.0,1725000.0,1649000.0,8809000.0,1589000.0,2.48,68.4,0.0932,5,3,144,0.925,0.877,SIA Survey (Sec 4),0,normal
BS-PARCEL-01003,Karnataka,Belagavi,6.38,Agricultural,Infrastructure Corridor,1234000.0,1520000.0,1551000.0,24480000.0,1065000.0,2.67,35.6,0.1022,6,6,200,0.839,0.744,Preliminary Notification (Sec 11),0,normal
BS-PARCEL-01004,Madhya Pradesh,Bhopal,6.66,Agricultural,Dry Crop,1389000.0,1470000.0,1465000.0,22934000.0,1275000.0,2.95,67.7,0.0083,14,1,153,0.886,0.735,Declaration (Sec 19),0,normal
BS-PARCEL-01005,Madhya Pradesh,Bhopal,2.11,Agricultural,Infrastructure Corridor,1558000.0,2189000.0,2104000.0,9981000.0,1788000.0,0.61,60.0,0.0603,4,3,168,0.898,0.679,Possession Handover,0,normal
BS-PARCEL-01006,Odisha,Khordha,2.36,Agricultural,Irrigated Crop,1353000.0,1515000.0,1531000.0,9786000.0,1290000.0,0.43,68.3,0.0189,4,3,105,0.733,0.656,Rehabilitation Scheme (Sec 16),0,normal
BS-PARCEL-01007,Uttar Pradesh,Agra,5.26,Agricultural,Irrigated Crop,1080000.0,1404000.0,1454000.0,18408000.0,1023000.0,0.86,35.3,0.085,12,0,131,0.729,0.649,Compensation Disbursement,0,normal
BS-PARCEL-01008,Karnataka,Tumakuru,1.64,Barren,Irrigated Crop,724000.0,925000.0,935000.0,3027000.0,649000.0,2.43,76.8,0.093,0,5,10,0.741,0.801,SIA Survey (Sec 4),0,normal
BS-PARCEL-01009,Maharashtra,Nashik,2.34,Agricultural,Infrastructure Corridor,1189000.0,1546000.0,1552000.0,7178000.0,1363000.0,3.57,59.6,0.0857,2,2,268,0.736,0.706,Enquiry & Award (Sec 23),0,normal
BS-PARCEL-01010,Uttar Pradesh,Varanasi,3.58,Agricultural,Infrastructure Corridor,1204000.0,1536000.0,1600000.0,11774000.0,1107000.0,1.33,68.9,0.1271,2,1,67,0.665,0.806,Declaration (Sec 19),0,normal
BS-PARCEL-01011,Madhya Pradesh,Bhopal,7.74,Agricultural,Irrigated Crop,1605000.0,2145000.0,2019000.0,36635000.0,1676000.0,4.81,31.3,0.0201,13,1,126,0.735,0.365,SIA Survey (Sec 4),0,normal
BS-PARCEL-01012,Odisha,Cuttack,1.99,Agricultural,Irrigated Crop,1101000.0,1432000.0,1452000.0,5606000.0,950000.0,0.1,42.6,0.048,3,3,63,0.874,0.476,Enquiry & Award (Sec 23),0,normal
BS-PARCEL-01013,Tamil Nadu,Madurai,0.69,Non-Agricultural,Irrigated Crop,2888000.0,3137000.0,3103000.0,31089000.0,2512000.0,3.59,58.0,0.0966,0,3,242,0.427,0.612,Enquiry & Award (Sec 23),1,strong_anomaly
BS-PARCEL-01014,Tamil Nadu,Madurai,0.65,Agricultural,Irrigated Crop,1015000.0,1215000.0,1170000.0,1838000.0,1081000.0,0.25,89.8,0.0906,1,3,120,0.954,0.606,Declaration (Sec 19),0,normal
BS-PARCEL-01015,Tamil Nadu,Kanchipuram,1.14,Non-Agricultural,Residential Zone,2400000.0,3045000.0,3220000.0,7476000.0,2497000.0,1.1,74.5,0.0274,4,2,10,0.855,0.528,SIA Survey (Sec 4),0,normal
BS-PARCEL-01016,Tamil Nadu,Madurai,1.09,Agricultural,Irrigated Crop,1335000.0,1575000.0,1557000.0,5280000.0,1407000.0,16.93,67.3,0.1279,0,14,541,0.785,0.667,Preliminary Notification (Sec 11),1,moderate_anomaly
BS-PARCEL-01017,Madhya Pradesh,Jabalpur,2.91,Agricultural,Commercial Hub,1441000.0,1951000.0,1912000.0,12556000.0,1325000.0,0.1,48.4,0.1417,4,3,97,0.967,0.526,Possession Handover,0,normal
BS-PARCEL-01018,Uttar Pradesh,Agra,1.21,Industrial,Dry Crop,5433000.0,6396000.0,6142000.0,18987000.0,6223000.0,4.11,45.1,0.097,3,2,177,0.878,0.528,Enquiry & Award (Sec 23),0,normal
BS-PARCEL-01019,Tamil Nadu,Kanchipuram,1.83,Agricultural,Irrigated Crop,1137000.0,1571000.0,1665000.0,7453000.0,1157000.0,2.1,70.0,0.0196,2,22,616,0.785,0.346,Compensation Disbursement,1,moderate_anomaly
BS-PARCEL-01020,Madhya Pradesh,Gwalior,1.72,Commercial,Irrigated Crop,5108000.0,5663000.0,5905000.0,23315000.0,5828000.0,1.71,77.6,0.0864,4,2,71,0.94,0.737,Enquiry & Award (Sec 23),0,normal
BS-PARCEL-01021,Madhya Pradesh,Indore,2.28,Agricultural,Infrastructure Corridor,1239000.0,1682000.0,1595000.0,9029000.0,1114000.0,0.48,68.8,0.0936,1,3,174,0.967,0.777,Compensation Disbursement,0,normal
BS-PARCEL-01022,Gujarat,Ahmedabad,10.22,Industrial,Dry Crop,5052000.0,5675000.0,5720000.0,126712000.0,4908000.0,2.0,95.8,0.0691,15,0,95,0.685,0.804,SIA Survey (Sec 4),0,normal
BS-PARCEL-01023,Maharashtra,Pune,5.83,Agricultural,Dry Crop,1455000.0,1835000.0,1757000.0,22112000.0,1383000.0,0.44,52.7,0.1339,10,4,288,0.935,0.825,Declaration (Sec 19),0,normal
BS-PARCEL-01024,Odisha,Sambalpur,3.37,Agricultural,Irrigated Crop,1361000.0,1604000.0,1646000.0,12325000.0,1465000.0,3.22,68.2,0.0754,8,5,188,0.498,0.573,Enquiry & Award (Sec 23),0,normal
BS-PARCEL-01025,Tamil Nadu,Kanchipuram,2.24,Commercial,Infrastructure Corridor,8273000.0,10796000.0,10775000.0,52487000.0,8887000.0,0.24,34.5,0.1642,5,1,177,0.835,0.633,Preliminary Notification (Sec 11),0,normal
BS-PARCEL-01026,Karnataka,Mysuru,2.3,Agricultural,Residential Zone,1464000.0,1662000.0,1584000.0,8161000.0,1458000.0,0.98,68.8,0.1113,6,3,43,0.832,0.586,Preliminary Notification (Sec 11),0,normal
BS-PARCEL-01027,Gujarat,Surat,4.39,Agricultural,Residential Zone,1163000.0,1591000.0,1602000.0,18981000.0,994000.0,1.01,91.4,0.091,6,4,262,0.945,0.221,Declaration (Sec 19),0,normal
BS-PARCEL-01028,Tamil Nadu,Madurai,5.46,Barren,Dry Crop,734000.0,939000.0,985000.0,5290000.0,662000.0,1.02,46.3,0.1168,7,29,276,0.648,0.707,Compensation Disbursement,1,strong_anomaly
BS-PARCEL-01029,Madhya Pradesh,Bhopal,1.53,Non-Agricultural,Residential Zone,3355000.0,4807000.0,4715000.0,16183000.0,2902000.0,0.1,80.2,0.1412,5,2,95,0.765,0.586,Enquiry & Award (Sec 23),0,normal
BS-PARCEL-01030,Madhya Pradesh,Jabalpur,3.42,Non-Agricultural,Irrigated Crop,3708000.0,4949000.0,4682000.0,38712000.0,4094000.0,8.6,90.9,0.116,6,2,196,0.957,0.457,Preliminary Notification (Sec 11),0,normal
BS-PARCEL-01031,Madhya Pradesh,Gwalior,0.59,Non-Agricultural,Commercial Hub,2810000.0,3633000.0,3827000.0,5526000.0,2633000.0,4.49,52.6,0.077,1,4,244,0.787,0.743,Possession Handover,0,normal
BS-PARCEL-01032,Maharashtra,Aurangabad,3.97,Commercial,Dry Crop,7403000.0,10228000.0,9788000.0,78454000.0,6554000.0,2.61,73.4,0.0536,11,2,423,0.563,0.623,Preliminary Notification (Sec 11),0,normal
BS-PARCEL-01033,Uttar Pradesh,Gorakhpur,6.35,Commercial,Dry Crop,6406000.0,7289000.0,7267000.0,103383000.0,6126000.0,0.43,93.4,0.0351,18,5,223,0.882,0.559,SIA Survey (Sec 4),0,normal
BS-PARCEL-01034,Madhya Pradesh,Bhopal,2.62,Non-Agricultural,Infrastructure Corridor,3340000.0,4352000.0,4375000.0,24901000.0,2916000.0,1.05,69.1,-0.0176,2,3,179,0.941,0.502,Possession Handover,0,normal
BS-PARCEL-01035,Odisha,Cuttack,15.55,Agricultural,Infrastructure Corridor,1557000.0,1878000.0,1819000.0,68758000.0,1781000.0,0.96,79.2,0.087,21,2,162,0.848,0.578,Enquiry & Award (Sec 23),0,normal
BS-PARCEL-01036,Uttar Pradesh,Gorakhpur,1.57,Agricultural,Dry Crop,1562000.0,2105000.0,2024000.0,8259000.0,1475000.0,1.39,33.1,0.0645,2,1,169,0.875,0.474,Possession Handover,0,normal
BS-PARCEL-01037,Odisha,Sambalpur,3.99,Non-Agricultural,Dry Crop,2364000.0,2505000.0,2389000.0,48650000.0,2671000.0,0.37,75.7,0.0666,6,2,264,0.847,0.734,Compensation Disbursement,1,moderate_anomaly
BS-PARCEL-01038,Tamil Nadu,Coimbatore,3.22,Commercial,Residential Zone,5671000.0,6925000.0,6568000.0,54972000.0,5982000.0,0.8,74.3,0.1212,3,1,82,0.855,0.551,Enquiry & Award (Sec 23),0,normal
BS-PARCEL-01039,Maharashtra,Nashik,3.05,Agricultural,Infrastructure Corridor,1444000.0,1893000.0,1895000.0,12837000.0,1473000.0,0.16,41.1,0.0755,4,6,282,0.872,0.264,SIA Survey (Sec 4),0,normal
BS-PARCEL-01040,Karnataka,Mysuru,3.01,Agricultural,Commercial Hub,1354000.0,1671000.0,1740000.0,10441000.0,1344000.0,7.05,47.6,0.1558,5,3,10,0.929,0.595,Rehabilitation Scheme (Sec 16),0,normal
BS-PARCEL-01041,Maharashtra,Pune,3.64,Agricultural,Irrigated Crop,1552000.0,1777000.0,1697000.0,15967000.0,1639000.0,0.38,75.9,0.0571,9,1,253,0.729,0.64,Possession Handover,0,normal
BS-PARCEL-01042,Tamil Nadu,Madurai,6.83,Agricultural,Irrigated Crop,1126000.0,1391000.0,1424000.0,18507000.0,1189000.0,0.68,59.6,0.0412,9,4,283,0.854,0.647,Compensation Disbursement,0,normal
BS-PARCEL-01043,Karnataka,Belagavi,10.71,Commercial,Residential Zone,8182000.0,11372000.0,11253000.0,534345000.0,6981000.0,0.96,85.0,0.0297,28,42,989,0.381,0.24,Rehabilitation Scheme (Sec 16),1,strong_anomaly
BS-PARCEL-01044,Gujarat,Surat,3.31,Agricultural,Commercial Hub,1392000.0,1577000.0,1489000.0,12376000.0,1562000.0,0.38,70.6,0.1089,7,4,209,0.976,0.706,Rehabilitation Scheme (Sec 16),0,normal
BS-PARCEL-01045,Uttar Pradesh,Gorakhpur,6.64,Non-Agricultural,Commercial Hub,2428000.0,2906000.0,2919000.0,87364000.0,2332000.0,4.16,66.0,0.1261,12,3,223,0.891,0.822,SIA Survey (Sec 4),1,moderate_anomaly
BS-PARCEL-01046,Odisha,Sambalpur,1.83,Commercial,Dry Crop,5368000.0,7763000.0,7532000.0,28425000.0,5132000.0,5.44,61.9,0.0562,4,3,135,0.493,0.803,Rehabilitation Scheme (Sec 16),0,normal
BS-PARCEL-01047,Madhya Pradesh,Gwalior,6.37,Industrial,Dry Crop,5624000.0,7959000.0,8060000.0,100466000.0,5466000.0,4.37,70.3,0.0374,16,7,56,0.891,0.791,Compensation Disbursement,0,normal
BS-PARCEL-01048,Odisha,Jharsuguda,1.74,Agricultural,Dry Crop,1014000.0,1078000.0,1059000.0,4619000.0,1070000.0,2.5,79.5,0.1412,1,1,207,0.841,0.879,Preliminary Notification (Sec 11),0,normal
BS-PARCEL-01049,Karnataka,Mysuru,8.39,Industrial,Residential Zone,5888000.0,7431000.0,7579000.0,165050000.0,5669000.0,2.43,74.6,0.022,15,1,187,0.693,0.582,Rehabilitation Scheme (Sec 16),0,normal
BS-PARCEL-01050,Tamil Nadu,Kanchipuram,21.74,Non-Agricultural,Irrigated Crop,3036000.0,3267000.0,3431000.0,167149000.0,2921000.0,1.55,57.4,0.1204,42,0,281,0.735,0.641,Possession Handover,0,normal
BS-PARCEL-01051,Tamil Nadu,Salem,2.99,Commercial,Dry Crop,6735000.0,9561000.0,9268000.0,57703000.0,5853000.0,0.1,87.3,0.0572,2,6,164,0.824,0.765,Declaration (Sec 19),0,normal
BS-PARCEL-01052,Maharashtra,Pune,0.51,Agricultural,Commercial Hub,1098000.0,1347000.0,1418000.0,2758000.0,1071000.0,1.29,76.8,0.0959,2,2,197,0.76,0.581,Declaration (Sec 19),1,moderate_anomaly
BS-PARCEL-01053,Gujarat,Ahmedabad,2.08,Agricultural,Residential Zone,1608000.0,1958000.0,1889000.0,9735000.0,1439000.0,0.35,71.9,0.1231,3,3,211,0.735,0.423,Rehabilitation Scheme (Sec 16),0,normal
BS-PARCEL-01054,Madhya Pradesh,Bhopal,9.46,Non-Agricultural,Irrigated Crop,3313000.0,3840000.0,3642000.0,74908000.0,3666000.0,0.1,66.7,0.0991,14,5,242,0.75,0.636,Preliminary Notification (Sec 11),0,normal
BS-PARCEL-01055,Madhya Pradesh,Gwalior,5.31,Agricultural,Commercial Hub,1460000.0,1865000.0,1796000.0,19321000.0,1388000.0,0.87,74.0,0.0682,13,2,284,0.914,0.439,SIA Survey (Sec 4),0,normal
BS-PARCEL-01056,Uttar Pradesh,Varanasi,4.1,Agricultural,Irrigated Crop,1453000.0,1610000.0,1671000.0,13597000.0,1654000.0,0.1,32.0,0.1358,8,1,75,0.911,0.436,Preliminary Notification (Sec 11),0,normal
BS-PARCEL-01057,Madhya Pradesh,Gwalior,7.83,Non-Agricultural,Irrigated Crop,3081000.0,4220000.0,4310000.0,85169000.0,3252000.0,0.55,69.3,0.0916,7,3,257,0.748,0.812,Preliminary Notification (Sec 11),0,normal
BS-PARCEL-01058,Maharashtra,Aurangabad,5.01,Non-Agricultural,Dry Crop,3679000.0,4586000.0,4845000.0,55209000.0,3962000.0,0.1,94.5,0.2273,13,3,160,0.602,0.409,SIA Survey (Sec 4),0,normal
BS-PARCEL-01059,Tamil Nadu,Kanchipuram,9.35,Agricultural,Irrigated Crop,1320000.0,1685000.0,1727000.0,44427000.0,1497000.0,2.16,69.0,0.0118,20,23,498,0.44,0.663,Rehabilitation Scheme (Sec 16),1,moderate_anomaly
BS-PARCEL-01060,Karnataka,Tumakuru,7.25,Agricultural,Infrastructure Corridor,1274000.0,1766000.0,1747000.0,25717000.0,1174000.0,0.44,66.5,0.0112,26,4,342,0.793,0.742,Preliminary Notification (Sec 11),0,normal
BS-PARCEL-01061,Odisha,Jharsuguda,12.1,Agricultural,Infrastructure Corridor,1097000.0,1233000.0,1291000.0,33649000.0,1119000.0,4.83,54.3,0.1198,21,3,10,0.774,0.869,Possession Handover,0,normal
BS-PARCEL-01062,Tamil Nadu,Coimbatore,4.5,Industrial,Irrigated Crop,4411000.0,4941000.0,5213000.0,117239000.0,3803000.0,0.43,73.9,0.0787,10,46,777,0.361,0.239,Preliminary Notification (Sec 11),1,strong_anomaly
BS-PARCEL-01063,Gujarat,Vadodara,7.17,Barren,Residential Zone,775000.0,944000.0,977000.0,14903000.0,682000.0,4.88,61.5,0.1117,14,1,166,0.954,0.619,Rehabilitation Scheme (Sec 16),0,normal
BS-PARCEL-01064,Odisha,Sambalpur,2.56,Agricultural,Dry Crop,1141000.0,1557000.0,1568000.0,9919000.0,1095000.0,1.83,88.6,0.0361,7,3,85,0.886,0.678,Compensation Disbursement,0,normal
BS-PARCEL-01065,Gujarat,Surat,1.99,Agricultural,Commercial Hub,1425000.0,1530000.0,1590000.0,6931000.0,1503000.0,1.16,49.5,0.0822,5,3,131,0.966,0.303,Preliminary Notification (Sec 11),0,normal
BS-PARCEL-01066,Gujarat,Surat,14.16,Agricultural,Residential Zone,1586000.0,2170000.0,2086000.0,66002000.0,1744000.0,0.97,56.9,0.0983,20,3,66,0.753,0.56,Declaration (Sec 19),0,normal
BS-PARCEL-01067,Odisha,Cuttack,3.99,Agricultural,Dry Crop,1216000.0,1520000.0,1593000.0,13484000.0,1127000.0,0.58,54.2,0.0583,12,4,235,0.735,0.799,Compensation Disbursement,0,normal
BS-PARCEL-01068,Gujarat,Vadodara,6.58,Industrial,Irrigated Crop,3880000.0,4946000.0,5242000.0,454177000.0,4170000.0,2.18,98.0,0.0893,9,2,66,0.468,0.948,Declaration (Sec 19),1,strong_anomaly
BS-PARCEL-01069,Uttar Pradesh,Lucknow,3.69,Agricultural,Irrigated Crop,1380000.0,1761000.0,1796000.0,14077000.0,1266000.0,0.76,61.6,0.0255,7,2,312,0.822,0.351,SIA Survey (Sec 4),0,normal
BS-PARCEL-01070,Madhya Pradesh,Gwalior,2.02,Agricultural,Dry Crop,907000.0,973000.0,937000.0,5098000.0,773000.0,0.62,55.1,0.0958,4,13,653,0.881,0.396,Enquiry & Award (Sec 23),1,moderate_anomaly
BS-PARCEL-01071,Tamil Nadu,Madurai,3.35,Agricultural,Infrastructure Corridor,1467000.0,1687000.0,1615000.0,13102000.0,1271000.0,0.13,27.4,0.1378,5,0,204,0.731,0.783,Enquiry & Award (Sec 23),0,normal
BS-PARCEL-01072,Maharashtra,Aurangabad,11.25,Agricultural,Dry Crop,1278000.0,1728000.0,1823000.0,46619000.0,1311000.0,1.24,48.6,0.0305,22,2,10,0.888,0.731,Rehabilitation Scheme (Sec 16),0,normal
BS-PARCEL-01073,Madhya Pradesh,Jabalpur,5.32,Commercial,Irrigated Crop,6785000.0,8243000.0,8610000.0,101587000.0,6779000.0,1.22,74.5,0.0281,11,3,34,0.797,0.877,Preliminary Notification (Sec 11),0,normal
BS-PARCEL-01074,Uttar Pradesh,Lucknow,0.78,Non-Agricultural,Irrigated Crop,3057000.0,3895000.0,4011000.0,7241000.0,2846000.0,2.77,74.4,0.1276,0,3,171,0.782,0.589,Preliminary Notification (Sec 11),0,normal
BS-PARCEL-01075,Karnataka,Belagavi,2.77,Non-Agricultural,Infrastructure Corridor,2968000.0,4238000.0,4466000.0,9340000.0,2529000.0,1.78,53.3,0.0274,1,26,177,0.928,0.623,Compensation Disbursement,1,strong_anomaly
BS-PARCEL-01076,Madhya Pradesh,Indore,15.1,Agricultural,Irrigated Crop,1133000.0,1211000.0,1211000.0,40386000.0,1156000.0,4.22,54.3,0.1136,26,3,283,0.961,0.629,Rehabilitation Scheme (Sec 16),0,normal
BS-PARCEL-01077,Gujarat,Surat,2.77,Industrial,Commercial Hub,4411000.0,5425000.0,5677000.0,31135000.0,4831000.0,1.32,98.5,0.0822,4,7,10,0.921,0.375,Preliminary Notification (Sec 11),0,normal
BS-PARCEL-01078,Maharashtra,Nashik,0.72,Agricultural,Dry Crop,1199000.0,1432000.0,1374000.0,2864000.0,1044000.0,4.25,99.0,0.0633,0,21,472,0.759,0.927,Declaration (Sec 19),1,moderate_anomaly
BS-PARCEL-01079,Madhya Pradesh,Gwalior,16.59,Commercial,Irrigated Crop,8365000.0,9139000.0,8791000.0,348874000.0,8958000.0,0.66,85.7,0.1387,24,2,272,0.833,0.647,Possession Handover,0,normal
BS-PARCEL-01080,Karnataka,Tumakuru,5.93,Industrial,Irrigated Crop,3990000.0,5707000.0,5715000.0,86151000.0,4151000.0,0.39,93.1,0.1171,10,5,142,0.974,0.232,Preliminary Notification (Sec 11),0,normal
BS-PARCEL-01081,Odisha,Sambalpur,3.13,Agricultural,Irrigated Crop,1134000.0,1627000.0,1594000.0,13018000.0,1127000.0,0.71,96.9,0.0912,8,20,725,0.783,0.672,Preliminary Notification (Sec 11),1,moderate_anomaly
BS-PARCEL-01082,Madhya Pradesh,Indore,2.42,Industrial,Irrigated Crop,4154000.0,4879000.0,4839000.0,26582000.0,3591000.0,2.55,99.0,-0.0061,1,1,10,0.898,0.298,Rehabilitation Scheme (Sec 16),0,normal
BS-PARCEL-01083,Maharashtra,Pune,8.33,Agricultural,Commercial Hub,1208000.0,1726000.0,1788000.0,33045000.0,1362000.0,3.25,59.6,0.1085,21,2,296,0.699,0.827,Enquiry & Award (Sec 23),0,normal
BS-PARCEL-01084,Tamil Nadu,Salem,2.09,Non-Agricultural,Residential Zone,2324000.0,2473000.0,2340000.0,11679000.0,2308000.0,2.19,49.2,0.0372,2,2,126,0.629,0.63,Declaration (Sec 19),0,normal
BS-PARCEL-01085,Karnataka,Mysuru,8.81,Agricultural,Irrigated Crop,1448000.0,2089000.0,2144000.0,213682000.0,1404000.0,1.77,98.0,0.0711,16,4,300,0.429,0.467,Compensation Disbursement,1,strong_anomaly
BS-PARCEL-01086,Karnataka,Tumakuru,5.26,Agricultural,Dry Crop,974000.0,1348000.0,1281000.0,27187000.0,1080000.0,6.91,47.6,0.0803,10,1,341,0.759,0.736,Preliminary Notification (Sec 11),1,moderate_anomaly
BS-PARCEL-01087,Uttar Pradesh,Lucknow,4.09,Agricultural,Irrigated Crop,1379000.0,1566000.0,1631000.0,14977000.0,1522000.0,6.67,46.5,0.1559,7,5,324,0.971,0.791,Rehabilitation Scheme (Sec 16),0,normal
BS-PARCEL-01088,Gujarat,Surat,3.76,Agricultural,Irrigated Crop,1093000.0,1410000.0,1360000.0,13383000.0,1168000.0,0.13,46.9,0.0699,5,0,176,0.903,0.685,Rehabilitation Scheme (Sec 16),0,normal
BS-PARCEL-01089,Tamil Nadu,Madurai,2.86,Agricultural,Commercial Hub,1240000.0,1698000.0,1746000.0,12290000.0,1363000.0,1.38,62.6,0.0231,6,2,126,0.598,0.514,Rehabilitation Scheme (Sec 16),0,normal
BS-PARCEL-01090,Tamil Nadu,Coimbatore,8.08,Agricultural,Commercial Hub,1044000.0,1230000.0,1244000.0,23138000.0,926000.0,0.68,29.3,0.1388,15,3,119,0.896,0.395,Declaration (Sec 19),0,normal
BS-PARCEL-01091,Madhya Pradesh,Bhopal,1.59,Non-Agricultural,Commercial Hub,3327000.0,3964000.0,3910000.0,12602000.0,3587000.0,2.99,39.2,0.109,1,0,396,0.748,0.886,Enquiry & Award (Sec 23),0,normal
BS-PARCEL-01092,Tamil Nadu,Coimbatore,0.84,Agricultural,Irrigated Crop,1583000.0,2060000.0,2003000.0,4360000.0,1501000.0,5.18,53.8,0.1105,1,3,156,0.736,0.687,Rehabilitation Scheme (Sec 16),0,normal
BS-PARCEL-01093,Tamil Nadu,Salem,5.6,Agricultural,Dry Crop,1060000.0,1175000.0,1113000.0,4837000.0,1177000.0,2.86,43.5,0.1395,16,25,295,0.831,0.25,Enquiry & Award (Sec 23),1,strong_anomaly
BS-PARCEL-01094,Gujarat,Ahmedabad,5.68,Barren,Dry Crop,859000.0,943000.0,926000.0,13447000.0,826000.0,2.34,84.1,0.1489,13,0,233,0.764,0.815,Preliminary Notification (Sec 11),0,normal
BS-PARCEL-01095,Odisha,Sambalpur,4.99,Industrial,Infrastructure Corridor,4537000.0,5217000.0,5030000.0,60736000.0,3930000.0,2.82,65.1,0.0443,9,2,134,0.857,0.82,Declaration (Sec 19),0,normal
BS-PARCEL-01096,Gujarat,Ahmedabad,4.7,Agricultural,Dry Crop,1302000.0,1753000.0,1676000.0,17226000.0,1269000.0,0.1,75.4,0.0244,7,3,152,0.871,0.484,Rehabilitation Scheme (Sec 16),0,normal
BS-PARCEL-01097,Maharashtra,Nashik,2.53,Agricultural,Infrastructure Corridor,1405000.0,1681000.0,1729000.0,11267000.0,1513000.0,9.63,73.4,0.1137,3,0,310,0.683,0.917,Declaration (Sec 19),0,normal
BS-PARCEL-01098,Karnataka,Tumakuru,6.48,Non-Agricultural,Irrigated Crop,2435000.0,3051000.0,2946000.0,41197000.0,2436000.0,1.54,61.3,0.0695,5,5,183,0.918,0.4,Preliminary Notification (Sec 11),0,normal
BS-PARCEL-01099,Karnataka,Belagavi,3.19,Non-Agricultural,Dry Crop,2847000.0,3212000.0,3105000.0,27104000.0,3072000.0,1.46,82.8,0.0731,4,4,130,0.653,0.645,Possession Handover,0,normal
BS-PARCEL-01100,Uttar Pradesh,Lucknow,2.19,Agricultural,Commercial Hub,949000.0,1070000.0,1050000.0,5965000.0,817000.0,0.81,73.1,0.0351,4,3,91,0.688,0.653,Possession Handover,0,normal
BS-PARCEL-01101,Tamil Nadu,Madurai,2.55,Non-Agricultural,Irrigated Crop,3271000.0,4286000.0,4267000.0,23813000.0,2954000.0,2.29,59.3,0.1034,4,2,215,0.771,0.403,Compensation Disbursement,0,normal
BS-PARCEL-01102,Maharashtra,Pune,18.5,Agricultural,Dry Crop,1200000.0,1312000.0,1314000.0,50452000.0,1223000.0,1.45,34.7,0.0961,24,0,123,0.615,0.757,Compensation Disbursement,0,normal
BS-PARCEL-01103,Tamil Nadu,Madurai,0.76,Agricultural,Dry Crop,1542000.0,2031000.0,2071000.0,5208000.0,1489000.0,1.49,74.4,0.0738,0,15,660,0.971,0.405,Preliminary Notification (Sec 11),1,moderate_anomaly
BS-PARCEL-01104,Uttar Pradesh,Agra,5.08,Non-Agricultural,Infrastructure Corridor,2560000.0,3098000.0,3131000.0,31817000.0,2698000.0,0.4,42.3,0.0245,6,4,459,0.763,0.526,Declaration (Sec 19),0,normal
BS-PARCEL-01105,Tamil Nadu,Madurai,0.8,Non-Agricultural,Irrigated Crop,3652000.0,4815000.0,4804000.0,8578000.0,4159000.0,1.21,71.8,0.1284,1,1,236,0.856,0.442,Rehabilitation Scheme (Sec 16),0,normal
BS-PARCEL-01106,Tamil Nadu,Madurai,3.03,Commercial,Infrastructure Corridor,5425000.0,6525000.0,6442000.0,43744000.0,5685000.0,0.2,66.4,0.0902,6,3,378,0.924,0.898,Compensation Disbursement,0,normal
BS-PARCEL-01107,Tamil Nadu,Salem,2.3,Agricultural,Dry Crop,1337000.0,1856000.0,1804000.0,9352000.0,1304000.0,1.1,40.5,0.1247,3,2,101,0.72,0.69,SIA Survey (Sec 4),0,normal
BS-PARCEL-01108,Karnataka,Mysuru,0.56,Agricultural,Dry Crop,1122000.0,1203000.0,1233000.0,1597000.0,1136000.0,0.5,69.7,-0.0041,0,3,255,0.676,0.903,SIA Survey (Sec 4),0,normal
BS-PARCEL-01109,Madhya Pradesh,Jabalpur,4.62,Agricultural,Dry Crop,1031000.0,1451000.0,1419000.0,16253000.0,1159000.0,4.34,68.4,0.0823,7,2,318,0.843,0.786,Enquiry & Award (Sec 23),0,normal
BS-PARCEL-01110,Karnataka,Belagavi,2.4,Agricultural,Irrigated Crop,968000.0,1120000.0,1167000.0,6330000.0,1018000.0,2.51,68.5,0.0513,4,2,331,0.727,0.504,Preliminary Notification (Sec 11),0,normal
BS-PARCEL-01111,Maharashtra,Aurangabad,0.56,Agricultural,Infrastructure Corridor,1372000.0,1464000.0,1479000.0,1883000.0,1497000.0,0.45,67.6,0.0814,0,2,320,0.925,0.621,Enquiry & Award (Sec 23),0,normal
BS-PARCEL-01112,Tamil Nadu,Madurai,6.78,Agricultural,Infrastructure Corridor,1068000.0,1362000.0,1384000.0,5980000.0,1004000.0,0.51,53.3,0.1177,9,43,181,0.866,0.814,SIA Survey (Sec 4),1,strong_anomaly
BS-PARCEL-01113,Madhya Pradesh,Bhopal,11.24,Agricultural,Infrastructure Corridor,1312000.0,1495000.0,1497000.0,34928000.0,1408000.0,0.27,75.6,0.0948,17,3,277,0.776,0.777,Enquiry & Award (Sec 23),0,normal
BS-PARCEL-01114,Madhya Pradesh,Jabalpur,11.78,Non-Agricultural,Infrastructure Corridor,3745000.0,4620000.0,4858000.0,139427000.0,3340000.0,2.81,52.6,0.0807,16,2,68,0.895,0.611,Compensation Disbursement,0,normal
BS-PARCEL-01115,Madhya Pradesh,Bhopal,4.5,Agricultural,Dry Crop,1127000.0,1545000.0,1530000.0,14949000.0,1211000.0,3.64,45.7,0.0805,6,2,356,0.759,0.77,Declaration (Sec 19),0,normal
BS-PARCEL-01116,Madhya Pradesh,Jabalpur,3.45,Agricultural,Dry Crop,925000.0,1264000.0,1253000.0,10290000.0,1031000.0,0.66,77.1,0.0176,8,2,75,0.928,0.883,SIA Survey (Sec 4),0,normal
BS-PARCEL-01117,Uttar Pradesh,Gorakhpur,10.27,Non-Agricultural,Residential Zone,2340000.0,3019000.0,3161000.0,69314000.0,2621000.0,2.13,81.9,0.0437,15,2,317,0.849,0.54,Preliminary Notification (Sec 11),0,normal
BS-PARCEL-01118,Uttar Pradesh,Varanasi,13.87,Agricultural,Irrigated Crop,986000.0,1421000.0,1439000.0,45003000.0,873000.0,0.25,75.9,0.1249,25,5,294,0.813,0.882,Preliminary Notification (Sec 11),0,normal
BS-PARCEL-01119,Maharashtra,Thane,8.7,Commercial,Residential Zone,6682000.0,8256000.0,8206000.0,178412000.0,7343000.0,0.28,61.3,0.0598,9,1,294,0.433,0.948,Preliminary Notification (Sec 11),0,normal
BS-PARCEL-01120,Uttar Pradesh,Gorakhpur,1.49,Agricultural,Dry Crop,1436000.0,1530000.0,1486000.0,5093000.0,1268000.0,0.55,30.1,0.1256,5,2,407,0.707,0.726,Declaration (Sec 19),0,normal
BS-PARCEL-01121,Madhya Pradesh,Gwalior,3.94,Agricultural,Dry Crop,1113000.0,1533000.0,1486000.0,23932000.0,1106000.0,0.4,91.7,0.1131,14,3,295,0.947,0.521,Rehabilitation Scheme (Sec 16),1,moderate_anomaly
BS-PARCEL-01122,Karnataka,Mysuru,4.82,Industrial,Irrigated Crop,4020000.0,4577000.0,4743000.0,44982000.0,4240000.0,3.08,29.8,0.1152,6,6,34,0.745,0.511,SIA Survey (Sec 4),0,normal
BS-PARCEL-01123,Karnataka,Bengaluru Rural,0.71,Non-Agricultural,Irrigated Crop,3176000.0,3559000.0,3465000.0,9735000.0,3161000.0,0.1,75.5,0.0933,2,3,244,0.886,0.65,SIA Survey (Sec 4),1,moderate_anomaly
BS-PARCEL-01124,Madhya Pradesh,Gwalior,4.95,Non-Agricultural,Irrigated Crop,2606000.0,2809000.0,2642000.0,32415000.0,2481000.0,3.54,99.0,0.0626,8,5,10,0.654,0.703,Possession Handover,0,normal
BS-PARCEL-01125,Tamil Nadu,Madurai,22.92,Non-Agricultural,Dry Crop,3066000.0,3621000.0,3412000.0,239414000.0,3235000.0,0.48,67.7,0.074,58,19,671,0.627,0.473,Preliminary Notification (Sec 11),1,moderate_anomaly
BS-PARCEL-01126,Madhya Pradesh,Jabalpur,5.72,Agricultural,Dry Crop,1572000.0,1856000.0,1963000.0,21402000.0,1648000.0,0.72,70.2,0.1056,5,3,133,0.692,0.585,Rehabilitation Scheme (Sec 16),0,normal
BS-PARCEL-01127,Uttar Pradesh,Gorakhpur,11.62,Non-Agricultural,Irrigated Crop,2589000.0,3032000.0,3054000.0,96018000.0,2653000.0,0.33,71.8,-0.005,24,3,250,0.966,0.399,Declaration (Sec 19),0,normal
BS-PARCEL-01128,Tamil Nadu,Kanchipuram,3.88,Industrial,Irrigated Crop,5076000.0,6534000.0,6525000.0,55526000.0,5119000.0,0.13,68.6,0.1298,8,1,89,0.785,0.813,Preliminary Notification (Sec 11),0,normal
BS-PARCEL-01129,Karnataka,Tumakuru,3.12,Barren,Dry Crop,802000.0,1083000.0,1137000.0,9312000.0,852000.0,3.57,99.0,0.06,3,3,92,0.831,0.485,Possession Handover,0,normal
BS-PARCEL-01130,Karnataka,Bengaluru Rural,4.59,Agricultural,Irrigated Crop,1398000.0,1992000.0,1957000.0,21641000.0,1357000.0,0.79,49.8,0.0765,8,4,235,0.736,0.393,Preliminary Notification (Sec 11),0,normal
BS-PARCEL-01131,Madhya Pradesh,Gwalior,1.66,Agricultural,Residential Zone,1441000.0,1567000.0,1622000.0,5207000.0,1255000.0,1.11,47.6,0.0769,3,2,309,0.649,0.737,Enquiry & Award (Sec 23),0,normal
BS-PARCEL-01132,Madhya Pradesh,Jabalpur,1.46,Commercial,Irrigated Crop,7888000.0,8757000.0,8990000.0,29664000.0,7977000.0,0.69,59.1,0.0784,3,2,180,0.769,0.408,Declaration (Sec 19),0,normal
BS-PARCEL-01133,Uttar Pradesh,Gorakhpur,9.74,Agricultural,Dry Crop,1289000.0,1658000.0,1653000.0,37537000.0,1375000.0,0.74,96.3,0.0275,16,4,435,0.866,0.766,Compensation Disbursement,0,normal
BS-PARCEL-01134,Madhya Pradesh,Jabalpur,10.66,Agricultural,Irrigated Crop,1286000.0,1401000.0,1447000.0,32756000.0,1209000.0,0.64,54.6,0.0861,13,3,142,0.58,0.619,Enquiry & Award (Sec 23),0,normal
BS-PARCEL-01135,Tamil Nadu,Kanchipuram,1.43,Agricultural,Dry Crop,1418000.0,1699000.0,1794000.0,6647000.0,1265000.0,1.29,72.7,0.1038,3,24,697,0.969,0.144,Enquiry & Award (Sec 23),1,moderate_anomaly
BS-PARCEL-01136,Gujarat,Ahmedabad,7.56,Agricultural,Dry Crop,1402000.0,1822000.0,1757000.0,29998000.0,1575000.0,0.96,84.3,-0.0018,16,3,217,0.881,0.575,Rehabilitation Scheme (Sec 16),0,normal
BS-PARCEL-01137,Karnataka,Mysuru,3.08,Agricultural,Dry Crop,1382000.0,1883000.0,1774000.0,12591000.0,1533000.0,0.79,79.0,0.028,1,4,142,0.905,0.503,Declaration (Sec 19),0,normal
BS-PARCEL-01138,Uttar Pradesh,Prayagraj,4.43,Agricultural,Dry Crop,1175000.0,1336000.0,1388000.0,13914000.0,1217000.0,0.16,83.3,0.1158,6,3,324,0.838,0.398,Enquiry & Award (Sec 23),0,normal
BS-PARCEL-01139,Gujarat,Ahmedabad,4.91,Agricultural,Dry Crop,1497000.0,1972000.0,1949000.0,19820000.0,1626000.0,0.52,90.5,0.1084,5,2,82,0.9,0.805,Declaration (Sec 19),0,normal
BS-PARCEL-01140,Madhya Pradesh,Gwalior,7.73,Agricultural,Irrigated Crop,1070000.0,1400000.0,1407000.0,26604000.0,1220000.0,3.77,70.5,0.0919,10,2,10,0.933,0.697,Declaration (Sec 19),0,normal
BS-PARCEL-01141,Odisha,Khordha,3.56,Industrial,Dry Crop,4049000.0,5644000.0,5456000.0,42129000.0,4133000.0,2.29,56.8,0.0527,6,4,166,0.76,0.893,SIA Survey (Sec 4),0,normal
BS-PARCEL-01142,Maharashtra,Nashik,11.01,Agricultural,Irrigated Crop,1149000.0,1351000.0,1406000.0,169403000.0,1061000.0,0.29,67.6,0.1086,17,6,151,0.314,0.515,SIA Survey (Sec 4),1,strong_anomaly
BS-PARCEL-01143,Maharashtra,Pune,4.32,Agricultural,Dry Crop,1083000.0,1462000.0,1501000.0,14211000.0,1128000.0,1.24,58.9,0.0319,10,2,296,0.596,0.329,Rehabilitation Scheme (Sec 16),0,normal
BS-PARCEL-01144,Gujarat,Surat,5.64,Agricultural,Dry Crop,1377000.0,1860000.0,1961000.0,23429000.0,1548000.0,4.15,99.0,0.0745,12,2,42,0.846,0.828,Preliminary Notification (Sec 11),0,normal
BS-PARCEL-01145,Odisha,Sambalpur,1.64,Agricultural,Commercial Hub,1066000.0,1221000.0,1217000.0,4188000.0,1127000.0,1.63,55.4,0.0277,4,5,237,0.858,0.739,Rehabilitation Scheme (Sec 16),0,normal
BS-PARCEL-01146,Tamil Nadu,Kanchipuram,20.8,Barren,Dry Crop,744000.0,966000.0,1021000.0,50998000.0,638000.0,3.64,73.7,0.0735,34,13,401,0.936,0.593,Preliminary Notification (Sec 11),1,moderate_anomaly
BS-PARCEL-01147,Uttar Pradesh,Agra,4.95,Industrial,Irrigated Crop,5078000.0,6703000.0,6712000.0,77381000.0,5713000.0,3.67,38.0,0.0388,7,2,215,0.741,0.52,Declaration (Sec 19),0,normal
BS-PARCEL-01148,Maharashtra,Thane,6.09,Agricultural,Irrigated Crop,1010000.0,1171000.0,1188000.0,4296000.0,1087000.0,0.23,67.4,0.1102,11,33,294,0.826,0.359,Enquiry & Award (Sec 23),1,strong_anomaly
BS-PARCEL-01149,Tamil Nadu,Madurai,0.85,Agricultural,Irrigated Crop,1086000.0,1337000.0,1365000.0,950000.0,1054000.0,2.13,59.8,0.0973,3,32,177,0.818,0.889,Declaration (Sec 19),1,strong_anomaly
BS-PARCEL-01150,Uttar Pradesh,Lucknow,1.65,Agricultural,Dry Crop,1276000.0,1562000.0,1560000.0,16040000.0,1463000.0,1.05,77.2,0.0572,3,49,864,0.321,0.194,Enquiry & Award (Sec 23),1,strong_anomaly
BS-PARCEL-01151,Tamil Nadu,Madurai,9.51,Agricultural,Residential Zone,1428000.0,1941000.0,1956000.0,49799000.0,1523000.0,0.51,77.6,0.1236,20,3,229,0.894,0.558,Preliminary Notification (Sec 11),0,normal
BS-PARCEL-01152,Maharashtra,Aurangabad,4.24,Agricultural,Commercial Hub,1187000.0,1247000.0,1206000.0,13091000.0,1303000.0,0.57,90.5,0.0417,8,3,168,0.866,0.627,Preliminary Notification (Sec 11),0,normal
BS-PARCEL-01153,Odisha,Cuttack,0.65,Agricultural,Dry Crop,1068000.0,1335000.0,1313000.0,1931000.0,1210000.0,2.04,89.1,0.0786,0,1,31,0.748,0.778,Enquiry & Award (Sec 23),0,normal
BS-PARCEL-01154,Gujarat,Surat,8.02,Agricultural,Irrigated Crop,1112000.0,1250000.0,1280000.0,26477000.0,958000.0,11.98,63.8,0.0554,13,1,134,0.839,0.835,Compensation Disbursement,0,normal
BS-PARCEL-01155,Madhya Pradesh,Gwalior,2.09,Non-Agricultural,Residential Zone,2260000.0,2958000.0,2794000.0,12738000.0,2446000.0,0.83,48.0,0.1097,5,3,151,0.894,0.757,Enquiry & Award (Sec 23),0,normal
BS-PARCEL-01156,Karnataka,Tumakuru,11.02,Agricultural,Irrigated Crop,918000.0,1214000.0,1243000.0,31215000.0,887000.0,2.63,50.1,0.1057,15,0,118,0.935,0.64,Enquiry & Award (Sec 23),0,normal
BS-PARCEL-01157,Uttar Pradesh,Varanasi,3.08,Agricultural,Irrigated Crop,1601000.0,2002000.0,1955000.0,18101000.0,1778000.0,1.49,70.4,0.1321,2,12,596,0.727,0.913,Enquiry & Award (Sec 23),1,moderate_anomaly
BS-PARCEL-01158,Madhya Pradesh,Indore,3.95,Agricultural,Residential Zone,969000.0,1228000.0,1194000.0,6249000.0,1079000.0,0.84,67.8,0.0833,6,2,199,0.76,0.704,Enquiry & Award (Sec 23),1,moderate_anomaly
BS-PARCEL-01159,Madhya Pradesh,Jabalpur,9.04,Agricultural,Irrigated Crop,990000.0,1164000.0,1191000.0,26375000.0,1088000.0,0.31,69.6,-0.0384,16,13,526,0.731,0.605,Enquiry & Award (Sec 23),1,moderate_anomaly
BS-PARCEL-01160,Tamil Nadu,Kanchipuram,1.55,Agricultural,Irrigated Crop,1527000.0,1795000.0,1734000.0,5357000.0,1655000.0,7.75,55.4,0.0628,1,1,273,0.779,0.406,Enquiry & Award (Sec 23),0,normal
BS-PARCEL-01161,Odisha,Sambalpur,1.43,Agricultural,Irrigated Crop,1378000.0,1858000.0,1961000.0,6220000.0,1500000.0,1.03,90.9,0.1426,2,0,275,0.881,0.899,Preliminary Notification (Sec 11),0,normal
BS-PARCEL-01162,Karnataka,Belagavi,2.81,Agricultural,Dry Crop,1214000.0,1339000.0,1418000.0,8954000.0,1140000.0,0.12,38.5,0.067,8,2,10,0.851,0.717,Preliminary Notification (Sec 11),0,normal
BS-PARCEL-01163,Gujarat,Ahmedabad,6.71,Agricultural,Irrigated Crop,1367000.0,1857000.0,1848000.0,128084000.0,1329000.0,0.86,54.4,0.0033,14,1,22,0.583,0.499,Rehabilitation Scheme (Sec 16),1,strong_anomaly
BS-PARCEL-01164,Gujarat,Surat,1.07,Commercial,Dry Crop,8521000.0,11180000.0,11048000.0,25620000.0,7537000.0,5.27,45.6,0.098,3,1,10,0.671,0.74,Declaration (Sec 19),0,normal
BS-PARCEL-01165,Gujarat,Ahmedabad,0.8,Industrial,Dry Crop,3886000.0,5455000.0,5179000.0,9251000.0,4271000.0,1.35,61.2,0.101,2,0,149,0.676,0.754,Enquiry & Award (Sec 23),0,normal
BS-PARCEL-01166,Tamil Nadu,Salem,6.69,Agricultural,Irrigated Crop,1075000.0,1241000.0,1282000.0,34118000.0,1122000.0,0.1,87.4,0.0509,8,44,1048,0.315,0.119,Rehabilitation Scheme (Sec 16),1,strong_anomaly
BS-PARCEL-01167,Gujarat,Ahmedabad,1.99,Agricultural,Irrigated Crop,1519000.0,1903000.0,1826000.0,8598000.0,1570000.0,0.1,59.8,0.0701,0,3,196,0.829,0.9,SIA Survey (Sec 4),0,normal
BS-PARCEL-01168,Maharashtra,Aurangabad,2.38,Non-Agricultural,Residential Zone,3411000.0,3635000.0,3824000.0,22200000.0,3151000.0,0.77,66.8,0.0461,3,2,272,0.916,0.911,Enquiry & Award (Sec 23),0,normal
BS-PARCEL-01169,Gujarat,Ahmedabad,0.69,Non-Agricultural,Irrigated Crop,3770000.0,5335000.0,5649000.0,7998000.0,3900000.0,2.29,77.0,0.1009,2,4,175,0.956,0.658,SIA Survey (Sec 4),0,normal
BS-PARCEL-01170,Uttar Pradesh,Gorakhpur,1.86,Agricultural,Commercial Hub,1126000.0,1486000.0,1419000.0,5835000.0,1111000.0,0.83,59.0,0.0823,5,5,113,0.819,0.897,Compensation Disbursement,0,normal
BS-PARCEL-01171,Uttar Pradesh,Prayagraj,3.3,Agricultural,Dry Crop,1580000.0,2053000.0,2098000.0,15475000.0,1815000.0,3.88,71.9,0.0334,7,4,179,0.859,0.77,SIA Survey (Sec 4),0,normal
BS-PARCEL-01172,Uttar Pradesh,Gorakhpur,7.32,Agricultural,Irrigated Crop,1147000.0,1541000.0,1535000.0,8756000.0,1272000.0,0.53,69.5,0.0796,9,36,125,0.624,0.367,Rehabilitation Scheme (Sec 16),1,strong_anomaly
BS-PARCEL-01173,Tamil Nadu,Madurai,1.72,Non-Agricultural,Dry Crop,3301000.0,3841000.0,3860000.0,10124000.0,3327000.0,2.84,44.6,0.0507,1,1,17,0.931,0.594,Rehabilitation Scheme (Sec 16),1,moderate_anomaly
BS-PARCEL-01174,Tamil Nadu,Kanchipuram,13.58,Agricultural,Dry Crop,1536000.0,1984000.0,1908000.0,301464000.0,1678000.0,1.9,56.6,0.1384,28,1,285,0.383,0.593,SIA Survey (Sec 4),1,strong_anomaly
BS-PARCEL-01175,Karnataka,Belagavi,1.86,Agricultural,Dry Crop,1023000.0,1402000.0,1440000.0,5621000.0,920000.0,0.98,71.4,0.1157,3,1,226,0.822,0.546,Preliminary Notification (Sec 11),0,normal
BS-PARCEL-01176,Madhya Pradesh,Jabalpur,1.86,Agricultural,Residential Zone,1048000.0,1138000.0,1092000.0,4901000.0,923000.0,1.63,88.1,0.0751,3,4,339,0.876,0.461,SIA Survey (Sec 4),0,normal
BS-PARCEL-01177,Tamil Nadu,Madurai,12.27,Agricultural,Infrastructure Corridor,1318000.0,1889000.0,1976000.0,50198000.0,1370000.0,3.31,88.1,0.0832,24,0,43,0.796,0.735,Rehabilitation Scheme (Sec 16),0,normal
BS-PARCEL-01178,Maharashtra,Aurangabad,3.97,Agricultural,Commercial Hub,1508000.0,2121000.0,2109000.0,17494000.0,1611000.0,0.71,99.0,0.1206,8,3,10,0.787,0.77,Rehabilitation Scheme (Sec 16),0,normal
BS-PARCEL-01179,Odisha,Jharsuguda,2.08,Non-Agricultural,Dry Crop,2233000.0,3205000.0,3257000.0,13041000.0,1934000.0,2.15,73.7,0.0731,1,5,77,0.507,0.823,Enquiry & Award (Sec 23),0,normal
BS-PARCEL-01180,Madhya Pradesh,Indore,2.91,Agricultural,Dry Crop,1513000.0,2078000.0,2183000.0,12704000.0,1377000.0,0.79,57.6,0.1103,7,6,223,0.828,0.841,Preliminary Notification (Sec 11),0,normal
BS-PARCEL-01181,Odisha,Khordha,10.49,Agricultural,Dry Crop,1147000.0,1339000.0,1377000.0,32282000.0,1160000.0,2.27,63.8,0.1391,10,3,274,0.522,0.64,Rehabilitation Scheme (Sec 16),0,normal
BS-PARCEL-01182,Maharashtra,Nagpur,11.55,Agricultural,Irrigated Crop,1192000.0,1529000.0,1536000.0,43256000.0,1036000.0,0.55,63.0,0.0604,19,5,211,0.645,0.514,Preliminary Notification (Sec 11),0,normal
BS-PARCEL-01183,Madhya Pradesh,Indore,1.66,Commercial,Residential Zone,6200000.0,6808000.0,6728000.0,23060000.0,6059000.0,1.96,57.7,0.1458,3,3,195,0.846,0.317,Possession Handover,0,normal
BS-PARCEL-01184,Karnataka,Belagavi,3.2,Agricultural,Residential Zone,1556000.0,2103000.0,2093000.0,14910000.0,1548000.0,1.4,71.9,0.1342,5,2,273,0.715,0.192,Enquiry & Award (Sec 23),0,normal
BS-PARCEL-01185,Madhya Pradesh,Jabalpur,3.58,Agricultural,Irrigated Crop,994000.0,1105000.0,1084000.0,9165000.0,1120000.0,0.63,72.7,0.0899,10,0,129,0.638,0.421,Possession Handover,0,normal
BS-PARCEL-01186,Madhya Pradesh,Indore,1.44,Agricultural,Infrastructure Corridor,1313000.0,1834000.0,1932000.0,7397000.0,1240000.0,5.96,43.9,0.0622,4,17,749,0.554,0.81,Possession Handover,1,moderate_anomaly
BS-PARCEL-01187,Maharashtra,Pune,3.17,Commercial,Residential Zone,5453000.0,6250000.0,6065000.0,43958000.0,4911000.0,1.92,84.6,0.0894,5,4,398,0.826,0.829,Rehabilitation Scheme (Sec 16),0,normal
BS-PARCEL-01188,Gujarat,Vadodara,3.34,Commercial,Dry Crop,8497000.0,9467000.0,9364000.0,76290000.0,7242000.0,3.44,31.9,0.0702,3,5,63,0.813,0.592,Enquiry & Award (Sec 23),0,normal
BS-PARCEL-01189,Maharashtra,Thane,8.75,Industrial,Infrastructure Corridor,5898000.0,6360000.0,6572000.0,130081000.0,5228000.0,8.74,61.0,0.0483,22,6,152,0.752,0.349,Rehabilitation Scheme (Sec 16),0,normal
BS-PARCEL-01190,Gujarat,Bharuch,9.27,Non-Agricultural,Irrigated Crop,2493000.0,3327000.0,3273000.0,161344000.0,2681000.0,4.15,85.7,0.1013,22,52,797,0.497,0.282,Compensation Disbursement,1,strong_anomaly
BS-PARCEL-01191,Karnataka,Tumakuru,2.51,Agricultural,Irrigated Crop,1114000.0,1253000.0,1311000.0,7569000.0,1096000.0,4.61,75.9,0.0391,1,1,73,0.92,0.437,Rehabilitation Scheme (Sec 16),0,normal
BS-PARCEL-01192,Karnataka,Tumakuru,2.77,Agricultural,Irrigated Crop,1175000.0,1327000.0,1286000.0,5317000.0,1069000.0,1.16,58.6,0.0665,4,1,223,0.673,0.772,Rehabilitation Scheme (Sec 16),1,moderate_anomaly
BS-PARCEL-01193,Karnataka,Belagavi,5.84,Agricultural,Dry Crop,1192000.0,1333000.0,1258000.0,18267000.0,1347000.0,0.58,99.0,0.067,8,1,10,0.576,0.51,Possession Handover,0,normal
BS-PARCEL-01194,Gujarat,Surat,2.02,Non-Agricultural,Irrigated Crop,3473000.0,4071000.0,4134000.0,20153000.0,3773000.0,1.22,57.1,0.0254,3,3,94,0.884,0.671,Compensation Disbursement,0,normal
BS-PARCEL-01195,Odisha,Cuttack,5.48,Non-Agricultural,Infrastructure Corridor,3048000.0,4348000.0,4352000.0,52719000.0,2695000.0,0.52,29.0,0.1063,7,0,295,0.515,0.798,Possession Handover,0,normal
BS-PARCEL-01196,Uttar Pradesh,Lucknow,3.08,Agricultural,Irrigated Crop,1208000.0,1504000.0,1582000.0,12241000.0,1124000.0,2.32,73.1,0.0709,3,22,736,0.822,0.89,Preliminary Notification (Sec 11),1,moderate_anomaly
BS-PARCEL-01197,Gujarat,Ahmedabad,1.46,Industrial,Irrigated Crop,5672000.0,6547000.0,6487000.0,110440000.0,6267000.0,2.65,33.0,0.132,0,5,264,0.565,0.536,SIA Survey (Sec 4),1,strong_anomaly
BS-PARCEL-01198,Uttar Pradesh,Agra,1.47,Agricultural,Dry Crop,1230000.0,1375000.0,1315000.0,4753000.0,1301000.0,1.09,50.0,0.0702,1,1,37,0.741,0.665,Rehabilitation Scheme (Sec 16),0,normal
BS-PARCEL-01199,Gujarat,Ahmedabad,11.36,Agricultural,Irrigated Crop,992000.0,1049000.0,1028000.0,10010000.0,1125000.0,1.72,76.2,0.0637,20,33,187,0.78,0.712,Rehabilitation Scheme (Sec 16),1,strong_anomaly
BS-PARCEL-01200,Odisha,Khordha,2.91,Agricultural,Commercial Hub,977000.0,1168000.0,1153000.0,7708000.0,853000.0,0.32,56.7,0.0438,4,3,387,0.725,0.701,Declaration (Sec 19),0,normal
BS-PARCEL-01201,Gujarat,Bharuch,13.39,Commercial,Irrigated Crop,6146000.0,6724000.0,6791000.0,232561000.0,6654000.0,1.39,75.5,0.0816,16,3,107,0.8,0.33,SIA Survey (Sec 4),0,normal
BS-PARCEL-01202,Odisha,Cuttack,2.15,Industrial,Infrastructure Corridor,5336000.0,5660000.0,5507000.0,110558000.0,4658000.0,0.14,44.2,0.0818,0,2,126,0.5,0.454,Enquiry & Award (Sec 23),1,strong_anomaly
BS-PARCEL-01203,Madhya Pradesh,Bhopal,4.25,Agricultural,Dry Crop,997000.0,1088000.0,1095000.0,10445000.0,948000.0,2.13,80.5,0.1097,5,2,243,0.98,0.538,SIA Survey (Sec 4),0,normal
BS-PARCEL-01204,Karnataka,Belagavi,25.38,Barren,Irrigated Crop,702000.0,827000.0,867000.0,47667000.0,755000.0,0.28,34.6,0.0827,45,2,81,0.976,0.642,Enquiry & Award (Sec 23),0,normal
BS-PARCEL-01205,Madhya Pradesh,Bhopal,1.35,Industrial,Irrigated Crop,4376000.0,5909000.0,5855000.0,17437000.0,4653000.0,3.42,88.7,0.1638,1,3,258,0.98,0.628,Compensation Disbursement,0,normal
BS-PARCEL-01206,Maharashtra,Pune,0.66,Commercial,Irrigated Crop,7587000.0,8170000.0,8319000.0,12084000.0,6454000.0,2.26,56.4,0.0982,0,0,10,0.596,0.423,Declaration (Sec 19),0,normal
BS-PARCEL-01207,Tamil Nadu,Salem,9.91,Commercial,Infrastructure Corridor,4985000.0,6588000.0,6374000.0,178305000.0,4539000.0,0.3,92.6,0.0405,21,20,454,0.925,0.767,Rehabilitation Scheme (Sec 16),1,moderate_anomaly
BS-PARCEL-01208,Odisha,Sambalpur,1.64,Agricultural,Dry Crop,1238000.0,1607000.0,1665000.0,5773000.0,1341000.0,0.97,49.9,0.0371,2,1,214,0.922,0.801,SIA Survey (Sec 4),0,normal
BS-PARCEL-01209,Maharashtra,Thane,3.26,Commercial,Dry Crop,5079000.0,7125000.0,6928000.0,54286000.0,4509000.0,0.47,99.0,0.1014,1,1,72,0.646,0.605,Preliminary Notification (Sec 11),0,normal
BS-PARCEL-01210,Tamil Nadu,Madurai,2.02,Non-Agricultural,Irrigated Crop,2655000.0,2983000.0,3012000.0,12051000.0,2517000.0,0.1,47.8,0.0393,3,4,117,0.688,0.675,Enquiry & Award (Sec 23),0,normal
BS-PARCEL-01211,Maharashtra,Nagpur,4.17,Non-Agricultural,Residential Zone,2126000.0,2908000.0,2838000.0,29494000.0,1924000.0,4.59,32.7,0.1038,10,2,276,0.903,0.738,Declaration (Sec 19),0,normal
BS-PARCEL-01212,Tamil Nadu,Kanchipuram,1.48,Agricultural,Irrigated Crop,1238000.0,1728000.0,1638000.0,5947000.0,1094000.0,0.1,65.8,0.1158,3,4,248,0.906,0.91,Preliminary Notification (Sec 11),0,normal
BS-PARCEL-01213,Tamil Nadu,Madurai,2.85,Non-Agricultural,Commercial Hub,3389000.0,4882000.0,4776000.0,30613000.0,3731000.0,0.8,87.2,0.1168,7,1,44,0.807,0.647,Possession Handover,0,normal
BS-PARCEL-01214,Madhya Pradesh,Jabalpur,4.87,Barren,Commercial Hub,527000.0,724000.0,699000.0,7144000.0,458000.0,1.44,79.2,0.0452,6,0,237,0.919,0.378,Enquiry & Award (Sec 23),0,normal
BS-PARCEL-01215,Tamil Nadu,Salem,1.41,Agricultural,Irrigated Crop,1429000.0,1571000.0,1645000.0,5348000.0,1444000.0,1.32,85.9,0.1169,0,6,146,0.61,0.465,Compensation Disbursement,0,normal
BS-PARCEL-01216,Maharashtra,Nashik,1.83,Barren,Dry Crop,715000.0,1022000.0,993000.0,4167000.0,756000.0,0.71,79.6,0.0929,1,6,225,0.827,0.691,Rehabilitation Scheme (Sec 16),0,normal
BS-PARCEL-01217,Uttar Pradesh,Agra,2.47,Agricultural,Irrigated Crop,1263000.0,1738000.0,1837000.0,9851000.0,1095000.0,2.11,50.2,0.0557,6,0,177,0.695,0.762,Possession Handover,0,normal
BS-PARCEL-01218,Uttar Pradesh,Prayagraj,0.99,Agricultural,Irrigated Crop,1332000.0,1512000.0,1511000.0,3012000.0,1385000.0,4.31,78.8,0.0736,0,2,14,0.877,0.428,SIA Survey (Sec 4),0,normal
BS-PARCEL-01219,Madhya Pradesh,Jabalpur,2.32,Agricultural,Infrastructure Corridor,1142000.0,1275000.0,1232000.0,6712000.0,1085000.0,0.41,66.7,0.0989,7,5,101,0.741,0.702,SIA Survey (Sec 4),0,normal
BS-PARCEL-01220,Odisha,Khordha,3.67,Commercial,Dry Crop,7645000.0,10891000.0,10749000.0,87436000.0,8410000.0,0.34,52.2,0.0531,3,4,10,0.833,0.585,Compensation Disbursement,0,normal
BS-PARCEL-01221,Uttar Pradesh,Prayagraj,2.36,Non-Agricultural,Residential Zone,3410000.0,3793000.0,3649000.0,24234000.0,3715000.0,0.1,68.2,0.0921,8,7,200,0.878,0.727,Compensation Disbursement,0,normal
BS-PARCEL-01222,Madhya Pradesh,Jabalpur,2.64,Agricultural,Dry Crop,1460000.0,1987000.0,2067000.0,13362000.0,1589000.0,0.26,64.0,0.1378,4,4,223,0.905,0.817,Declaration (Sec 19),0,normal
BS-PARCEL-01223,Karnataka,Bengaluru Rural,3.26,Non-Agricultural,Irrigated Crop,2553000.0,3095000.0,2954000.0,27140000.0,2475000.0,0.44,90.5,0.1186,6,5,102,0.836,0.676,Preliminary Notification (Sec 11),0,normal
BS-PARCEL-01224,Maharashtra,Pune,1.9,Agricultural,Commercial Hub,1371000.0,1836000.0,1918000.0,7883000.0,1504000.0,0.1,55.7,0.0833,2,2,167,0.586,0.615,Rehabilitation Scheme (Sec 16),0,normal
BS-PARCEL-01225,Tamil Nadu,Madurai,5.97,Agricultural,Dry Crop,1007000.0,1094000.0,1034000.0,15542000.0,1046000.0,1.9,54.9,0.0894,11,20,619,0.69,0.565,Enquiry & Award (Sec 23),1,moderate_anomaly
BS-PARCEL-01226,Gujarat,Vadodara,11.25,Commercial,Irrigated Crop,6807000.0,9122000.0,8903000.0,245837000.0,6559000.0,1.8,52.4,0.0585,17,2,318,0.657,0.78,Compensation Disbursement,0,normal
BS-PARCEL-01227,Tamil Nadu,Kanchipuram,2.24,Non-Agricultural,Dry Crop,2104000.0,2640000.0,2526000.0,14881000.0,1839000.0,0.42,99.0,0.0596,4,1,38,0.706,0.574,Rehabilitation Scheme (Sec 16),0,normal
BS-PARCEL-01228,Karnataka,Bengaluru Rural,5.01,Commercial,Dry Crop,5630000.0,7939000.0,8115000.0,88958000.0,4898000.0,1.66,53.4,0.0185,12,3,145,0.804,0.782,Preliminary Notification (Sec 11),0,normal
BS-PARCEL-01229,Madhya Pradesh,Jabalpur,2.71,Non-Agricultural,Commercial Hub,3161000.0,3557000.0,3562000.0,25057000.0,2925000.0,1.0,88.3,0.09,4,2,37,0.887,0.221,Enquiry & Award (Sec 23),0,normal
BS-PARCEL-01230,Maharashtra,Nashik,4.53,Barren,Irrigated Crop,829000.0,907000.0,955000.0,17490000.0,779000.0,2.22,46.4,0.1073,13,0,205,0.682,0.599,Enquiry & Award (Sec 23),1,moderate_anomaly
BS-PARCEL-01231,Madhya Pradesh,Gwalior,12.56,Agricultural,Residential Zone,935000.0,1055000.0,1038000.0,31749000.0,1055000.0,0.27,74.1,0.0772,25,1,294,0.76,0.57,Rehabilitation Scheme (Sec 16),0,normal
BS-PARCEL-01232,Tamil Nadu,Salem,5.12,Agricultural,Irrigated Crop,1302000.0,1408000.0,1330000.0,14964000.0,1497000.0,3.71,69.7,0.0449,5,2,10,0.871,0.585,Declaration (Sec 19),0,normal
BS-PARCEL-01233,Uttar Pradesh,Gorakhpur,0.74,Agricultural,Irrigated Crop,1358000.0,1958000.0,2019000.0,2810000.0,1213000.0,1.28,87.2,0.0826,0,1,251,0.799,0.366,Possession Handover,0,normal
BS-PARCEL-01234,Tamil Nadu,Kanchipuram,4.88,Non-Agricultural,Irrigated Crop,3666000.0,4029000.0,4067000.0,49275000.0,4153000.0,0.99,84.6,0.1337,11,4,359,0.78,0.679,SIA Survey (Sec 4),0,normal
BS-PARCEL-01235,Madhya Pradesh,Indore,9.47,Non-Agricultural,Residential Zone,3201000.0,3618000.0,3760000.0,91639000.0,3399000.0,1.54,66.5,0.1159,13,1,194,0.957,0.499,Declaration (Sec 19),0,normal
BS-PARCEL-01236,Tamil Nadu,Kanchipuram,2.75,Non-Agricultural,Irrigated Crop,2273000.0,3123000.0,3095000.0,20984000.0,2272000.0,3.96,55.3,0.0788,3,3,105,0.648,0.812,Declaration (Sec 19),0,normal
BS-PARCEL-01237,Karnataka,Tumakuru,7.74,Agricultural,Dry Crop,1006000.0,1156000.0,1189000.0,19251000.0,1143000.0,1.17,94.2,0.1619,16,3,175,0.796,0.721,Declaration (Sec 19),0,normal
BS-PARCEL-01238,Madhya Pradesh,Bhopal,1.85,Agricultural,Irrigated Crop,1358000.0,1547000.0,1486000.0,8253000.0,1445000.0,0.55,53.5,0.1879,7,14,467,0.805,0.683,Compensation Disbursement,1,moderate_anomaly
BS-PARCEL-01239,Gujarat,Surat,0.94,Non-Agricultural,Dry Crop,2462000.0,3247000.0,3442000.0,7662000.0,2531000.0,3.12,24.2,0.0608,3,3,396,0.777,0.516,Declaration (Sec 19),0,normal
BS-PARCEL-01240,Karnataka,Mysuru,3.74,Barren,Commercial Hub,850000.0,1028000.0,988000.0,7926000.0,776000.0,0.91,31.5,0.0702,4,1,271,0.812,0.685,Declaration (Sec 19),0,normal
BS-PARCEL-01241,Uttar Pradesh,Varanasi,0.75,Agricultural,Irrigated Crop,1563000.0,2163000.0,2249000.0,3671000.0,1443000.0,1.08,35.9,0.1077,2,5,279,0.836,0.858,Preliminary Notification (Sec 11),0,normal
BS-PARCEL-01242,Karnataka,Bengaluru Rural,2.71,Agricultural,Infrastructure Corridor,1583000.0,2066000.0,1995000.0,11268000.0,1778000.0,3.36,75.7,0.0435,1,0,417,0.806,0.696,Enquiry & Award (Sec 23),0,normal
BS-PARCEL-01243,Uttar Pradesh,Agra,9.91,Agricultural,Irrigated Crop,1111000.0,1295000.0,1339000.0,27320000.0,1016000.0,2.53,99.0,0.114,12,3,327,0.279,0.668,Preliminary Notification (Sec 11),0,normal
BS-PARCEL-01244,Karnataka,Belagavi,0.65,Agricultural,Irrigated Crop,1416000.0,1825000.0,1904000.0,2658000.0,1217000.0,0.59,28.3,0.0841,2,2,166,0.902,0.852,Preliminary Notification (Sec 11),0,normal
BS-PARCEL-01245,Karnataka,Bengaluru Rural,1.12,Agricultural,Dry Crop,1377000.0,1923000.0,2010000.0,33276000.0,1280000.0,0.76,50.9,0.0949,3,3,182,0.361,0.546,Declaration (Sec 19),1,strong_anomaly
BS-PARCEL-01246,Uttar Pradesh,Agra,1.38,Agricultural,Commercial Hub,926000.0,1107000.0,1104000.0,3441000.0,921000.0,3.81,66.6,0.057,3,3,439,0.774,0.657,Declaration (Sec 19),0,normal
BS-PARCEL-01247,Tamil Nadu,Kanchipuram,3.15,Non-Agricultural,Irrigated Crop,2546000.0,3423000.0,3394000.0,25679000.0,2456000.0,0.25,92.8,0.0485,2,1,98,0.586,0.512,Possession Handover,0,normal
BS-PARCEL-01248,Gujarat,Bharuch,2.43,Agricultural,Dry Crop,1049000.0,1276000.0,1327000.0,7442000.0,1186000.0,1.04,50.8,0.0006,5,4,161,0.839,0.658,Enquiry & Award (Sec 23),0,normal
BS-PARCEL-01249,Tamil Nadu,Coimbatore,10.91,Agricultural,Irrigated Crop,1167000.0,1479000.0,1493000.0,14030000.0,1138000.0,1.89,75.6,0.1394,13,47,68,0.904,0.613,Compensation Disbursement,1,strong_anomaly
BS-PARCEL-01250,Uttar Pradesh,Gorakhpur,7.47,Agricultural,Dry Crop,1586000.0,2131000.0,2162000.0,42798000.0,1771000.0,1.22,60.5,0.1177,9,4,10,0.701,0.27,Rehabilitation Scheme (Sec 16),0,normal
BS-PARCEL-01251,Maharashtra,Pune,5.06,Industrial,Dry Crop,6035000.0,6483000.0,6278000.0,139831000.0,6206000.0,1.11,99.0,0.1069,11,4,83,0.709,0.716,Declaration (Sec 19),1,moderate_anomaly
BS-PARCEL-01252,Madhya Pradesh,Bhopal,3.76,Agricultural,Infrastructure Corridor,1111000.0,1369000.0,1360000.0,11493000.0,1119000.0,3.66,67.6,0.0939,10,4,85,0.893,0.74,Possession Handover,0,normal
BS-PARCEL-01253,Maharashtra,Nashik,4.64,Agricultural,Dry Crop,1282000.0,1395000.0,1373000.0,15637000.0,1151000.0,1.15,71.4,-0.0122,7,5,111,0.791,0.846,Rehabilitation Scheme (Sec 16),0,normal
BS-PARCEL-01254,Gujarat,Vadodara,1.6,Agricultural,Dry Crop,1038000.0,1391000.0,1419000.0,4581000.0,967000.0,2.14,66.5,0.05,1,1,247,0.82,0.334,Compensation Disbursement,0,normal
BS-PARCEL-01255,Karnataka,Belagavi,6.88,Non-Agricultural,Dry Crop,2566000.0,3318000.0,3197000.0,48922000.0,2849000.0,3.78,57.5,0.0698,17,1,178,0.861,0.435,Declaration (Sec 19),0,normal
BS-PARCEL-01256,Maharashtra,Aurangabad,1.29,Commercial,Irrigated Crop,5129000.0,6056000.0,5988000.0,17199000.0,5560000.0,0.15,82.1,0.0367,1,3,291,0.771,0.694,SIA Survey (Sec 4),0,normal
BS-PARCEL-01257,Karnataka,Belagavi,6.75,Agricultural,Irrigated Crop,1363000.0,1473000.0,1535000.0,20919000.0,1342000.0,3.72,44.1,0.0123,15,2,196,0.894,0.863,Declaration (Sec 19),0,normal
BS-PARCEL-01258,Uttar Pradesh,Prayagraj,9.1,Agricultural,Infrastructure Corridor,1373000.0,1950000.0,1961000.0,16232000.0,1541000.0,0.1,29.0,0.0409,17,43,199,0.841,0.765,SIA Survey (Sec 4),1,strong_anomaly
BS-PARCEL-01259,Maharashtra,Pune,3.97,Agricultural,Irrigated Crop,1504000.0,1769000.0,1853000.0,18083000.0,1648000.0,2.54,62.3,0.082,3,5,147,0.916,0.362,Preliminary Notification (Sec 11),0,normal
BS-PARCEL-01260,Karnataka,Mysuru,2.86,Non-Agricultural,Commercial Hub,3564000.0,4135000.0,4002000.0,27516000.0,3149000.0,1.98,79.7,0.082,8,3,394,0.684,0.815,SIA Survey (Sec 4),0,normal
BS-PARCEL-01261,Tamil Nadu,Kanchipuram,4.67,Industrial,Irrigated Crop,4061000.0,4428000.0,4396000.0,50254000.0,4190000.0,0.24,54.5,0.1163,8,4,133,0.736,0.471,SIA Survey (Sec 4),0,normal
BS-PARCEL-01262,Maharashtra,Nashik,0.29,Agricultural,Residential Zone,1435000.0,1838000.0,1838000.0,328000.0,1564000.0,2.09,68.4,0.1625,1,23,280,0.928,0.805,Rehabilitation Scheme (Sec 16),1,strong_anomaly
BS-PARCEL-01263,Gujarat,Surat,4.29,Agricultural,Irrigated Crop,997000.0,1153000.0,1139000.0,11086000.0,1089000.0,2.32,43.0,0.1074,7,4,49,0.975,0.187,Compensation Disbursement,0,normal
BS-PARCEL-01264,Odisha,Khordha,3.02,Commercial,Infrastructure Corridor,6332000.0,8783000.0,8977000.0,263148000.0,5556000.0,1.56,84.1,0.073,3,4,153,0.643,0.753,Rehabilitation Scheme (Sec 16),1,strong_anomaly
BS-PARCEL-01265,Odisha,Khordha,3.18,Non-Agricultural,Dry Crop,2966000.0,3924000.0,3759000.0,31488000.0,2721000.0,3.39,76.7,0.152,10,1,400,0.446,0.37,Compensation Disbursement,0,normal
BS-PARCEL-01266,Karnataka,Tumakuru,6.05,Agricultural,Irrigated Crop,936000.0,984000.0,986000.0,15098000.0,912000.0,0.89,65.4,0.0167,10,2,255,0.658,0.152,Declaration (Sec 19),0,normal
BS-PARCEL-01267,Madhya Pradesh,Indore,3.12,Agricultural,Dry Crop,1013000.0,1293000.0,1237000.0,8441000.0,938000.0,0.1,68.0,-0.0032,4,2,26,0.662,0.716,Preliminary Notification (Sec 11),0,normal
BS-PARCEL-01268,Gujarat,Bharuch,1.26,Agricultural,Dry Crop,1095000.0,1251000.0,1270000.0,3893000.0,967000.0,0.26,39.9,0.0445,4,3,66,0.631,0.545,SIA Survey (Sec 4),0,normal
BS-PARCEL-01269,Karnataka,Mysuru,2.94,Commercial,Irrigated Crop,5372000.0,5674000.0,5899000.0,25014000.0,5580000.0,1.78,40.7,0.1125,3,3,356,0.978,0.698,Possession Handover,1,moderate_anomaly
BS-PARCEL-01270,Karnataka,Belagavi,3.52,Non-Agricultural,Irrigated Crop,3669000.0,4761000.0,4487000.0,34650000.0,3677000.0,6.05,62.8,0.0867,8,4,189,0.841,0.672,Declaration (Sec 19),0,normal
BS-PARCEL-01271,Gujarat,Vadodara,3.66,Non-Agricultural,Commercial Hub,2584000.0,2925000.0,2910000.0,24202000.0,2317000.0,6.46,74.2,0.0349,12,2,149,0.773,0.606,Possession Handover,0,normal
BS-PARCEL-01272,Uttar Pradesh,Varanasi,3.81,Commercial,Commercial Hub,6830000.0,9629000.0,9621000.0,76670000.0,7007000.0,4.1,75.2,0.0509,9,1,94,0.858,0.609,Rehabilitation Scheme (Sec 16),0,normal
BS-PARCEL-01273,Maharashtra,Pune,8.03,Agricultural,Irrigated Crop,1618000.0,2070000.0,2125000.0,35675000.0,1405000.0,0.54,58.5,0.0303,15,4,145,0.754,0.637,Enquiry & Award (Sec 23),0,normal
BS-PARCEL-01274,Odisha,Jharsuguda,1.32,Agricultural,Residential Zone,1308000.0,1483000.0,1407000.0,1562000.0,1262000.0,1.37,78.4,0.0303,1,41,335,0.791,0.538,Enquiry & Award (Sec 23),1,strong_anomaly
BS-PARCEL-01275,Gujarat,Vadodara,3.85,Agricultural,Irrigated Crop,1196000.0,1724000.0,1705000.0,14742000.0,1301000.0,0.58,90.6,0.142,5,6,102,0.895,0.393,Possession Handover,0,normal
BS-PARCEL-01276,Madhya Pradesh,Indore,9.94,Commercial,Irrigated Crop,8501000.0,10784000.0,11153000.0,215964000.0,9496000.0,0.79,63.4,0.0743,17,2,113,0.898,0.414,Preliminary Notification (Sec 11),0,normal
BS-PARCEL-01277,Madhya Pradesh,Jabalpur,0.76,Non-Agricultural,Dry Crop,2474000.0,2761000.0,2772000.0,4431000.0,2285000.0,0.95,70.6,0.1508,1,7,245,0.907,0.541,Possession Handover,0,normal
BS-PARCEL-01278,Tamil Nadu,Madurai,3.87,Agricultural,Irrigated Crop,1029000.0,1293000.0,1332000.0,11798000.0,1140000.0,3.75,61.3,0.0444,9,1,65,0.703,0.875,Rehabilitation Scheme (Sec 16),0,normal
BS-PARCEL-01279,Uttar Pradesh,Lucknow,2.02,Agricultural,Irrigated Crop,1285000.0,1842000.0,1812000.0,8354000.0,1436000.0,3.27,62.7,0.0996,1,2,77,0.672,0.753,Compensation Disbursement,0,normal
BS-PARCEL-01280,Uttar Pradesh,Varanasi,2.42,Non-Agricultural,Dry Crop,2818000.0,3437000.0,3610000.0,17342000.0,2908000.0,4.47,68.1,0.0891,2,0,180,0.866,0.775,Declaration (Sec 19),0,normal
BS-PARCEL-01281,Maharashtra,Pune,1.54,Non-Agricultural,Irrigated Crop,3439000.0,4196000.0,3983000.0,13180000.0,3936000.0,0.22,95.7,0.1152,2,0,183,0.844,0.552,Declaration (Sec 19),0,normal
BS-PARCEL-01282,Madhya Pradesh,Gwalior,2.87,Non-Agricultural,Irrigated Crop,2171000.0,2680000.0,2549000.0,17184000.0,2006000.0,0.95,81.5,0.0902,5,1,90,0.582,0.619,Rehabilitation Scheme (Sec 16),0,normal
BS-PARCEL-01283,Karnataka,Belagavi,15.88,Agricultural,Commercial Hub,1345000.0,1563000.0,1568000.0,62909000.0,1171000.0,0.7,79.9,0.1194,23,6,232,0.851,0.488,Compensation Disbursement,0,normal
BS-PARCEL-01284,Madhya Pradesh,Gwalior,1.13,Industrial,Dry Crop,5647000.0,6295000.0,6273000.0,17393000.0,6229000.0,0.5,56.8,0.1022,1,2,204,0.813,0.508,SIA Survey (Sec 4),0,normal
BS-PARCEL-01285,Madhya Pradesh,Gwalior,1.23,Commercial,Residential Zone,8665000.0,11105000.0,11290000.0,28853000.0,8641000.0,0.26,48.8,0.0363,2,3,10,0.834,0.865,Declaration (Sec 19),0,normal
BS-PARCEL-01286,Odisha,Khordha,1.1,Non-Agricultural,Dry Crop,2345000.0,3301000.0,3194000.0,8020000.0,2237000.0,1.63,72.0,0.1093,4,2,265,0.845,0.567,Declaration (Sec 19),0,normal
BS-PARCEL-01287,Maharashtra,Pune,14.42,Non-Agricultural,Dry Crop,2514000.0,3380000.0,3269000.0,95994000.0,2179000.0,0.37,87.4,0.0759,23,1,117,0.824,0.697,Enquiry & Award (Sec 23),0,normal
BS-PARCEL-01288,Karnataka,Bengaluru Rural,2.24,Industrial,Irrigated Crop,6285000.0,6841000.0,7045000.0,41754000.0,5464000.0,1.36,96.0,0.0489,4,12,619,0.909,0.212,Declaration (Sec 19),1,moderate_anomaly
BS-PARCEL-01289,Madhya Pradesh,Bhopal,3.25,Industrial,Commercial Hub,5416000.0,6555000.0,6391000.0,47870000.0,4751000.0,0.73,20.9,0.1078,4,2,408,0.784,0.442,Enquiry & Award (Sec 23),0,normal
BS-PARCEL-01290,Madhya Pradesh,Gwalior,2.36,Non-Agricultural,Irrigated Crop,2164000.0,2277000.0,2339000.0,10466000.0,1959000.0,0.15,99.0,0.1169,5,2,172,0.666,0.724,Declaration (Sec 19),0,normal
BS-PARCEL-01291,Tamil Nadu,Madurai,1.49,Agricultural,Irrigated Crop,956000.0,1122000.0,1141000.0,8176000.0,1091000.0,0.89,72.5,0.0607,2,4,109,0.813,0.777,Enquiry & Award (Sec 23),1,moderate_anomaly
BS-PARCEL-01292,Maharashtra,Nagpur,2.72,Agricultural,Residential Zone,1466000.0,1932000.0,1835000.0,11243000.0,1370000.0,0.57,81.4,0.066,2,5,331,0.783,0.593,Enquiry & Award (Sec 23),0,normal
BS-PARCEL-01293,Odisha,Jharsuguda,26.83,Commercial,Commercial Hub,7088000.0,8265000.0,8474000.0,516579000.0,7762000.0,4.47,33.7,0.0245,46,3,87,0.652,0.702,Enquiry & Award (Sec 23),0,normal
BS-PARCEL-01294,Gujarat,Vadodara,10.84,Non-Agricultural,Dry Crop,3050000.0,4228000.0,4421000.0,136102000.0,2610000.0,2.15,60.7,0.0078,20,14,506,0.831,0.537,Compensation Disbursement,1,moderate_anomaly
BS-PARCEL-01295,Madhya Pradesh,Bhopal,1.61,Agricultural,Irrigated Crop,1534000.0,1904000.0,1976000.0,7487000.0,1452000.0,0.74,79.8,0.0703,2,1,129,0.926,0.515,Declaration (Sec 19),0,normal
BS-PARCEL-01296,Madhya Pradesh,Gwalior,5.76,Agricultural,Irrigated Crop,1074000.0,1415000.0,1332000.0,20987000.0,1205000.0,1.33,43.9,0.1117,9,2,111,0.912,0.623,SIA Survey (Sec 4),0,normal
BS-PARCEL-01297,Tamil Nadu,Madurai,1.64,Industrial,Dry Crop,4062000.0,5701000.0,5728000.0,19732000.0,3678000.0,5.21,13.0,0.0571,2,2,440,0.981,0.655,Enquiry & Award (Sec 23),0,normal
BS-PARCEL-01298,Madhya Pradesh,Jabalpur,0.73,Industrial,Commercial Hub,5368000.0,7103000.0,7455000.0,18375000.0,5020000.0,1.5,71.0,0.1371,1,4,219,0.961,0.482,Preliminary Notification (Sec 11),1,moderate_anomaly
BS-PARCEL-01299,Maharashtra,Thane,7.9,Barren,Dry Crop,832000.0,1172000.0,1186000.0,23771000.0,913000.0,4.21,64.1,0.0718,19,2,358,0.89,0.794,SIA Survey (Sec 4),0,normal
BS-PARCEL-01300,Uttar Pradesh,Lucknow,8.9,Agricultural,Irrigated Crop,1091000.0,1498000.0,1460000.0,31847000.0,967000.0,0.45,90.9,0.072,20,7,177,0.748,0.978,Enquiry & Award (Sec 23),0,normal
BS-PARCEL-01301,Gujarat,Bharuch,8.08,Commercial,Irrigated Crop,7532000.0,9617000.0,9264000.0,359116000.0,6522000.0,3.34,62.1,0.0684,24,1,169,0.903,0.559,Rehabilitation Scheme (Sec 16),1,moderate_anomaly
BS-PARCEL-01302,Tamil Nadu,Coimbatore,2.23,Commercial,Dry Crop,5469000.0,6393000.0,6535000.0,35965000.0,6234000.0,4.77,63.4,0.1193,2,2,10,0.877,0.569,Declaration (Sec 19),0,normal
BS-PARCEL-01303,Uttar Pradesh,Gorakhpur,2.88,Agricultural,Dry Crop,1024000.0,1197000.0,1236000.0,16138000.0,995000.0,1.0,77.6,0.0416,3,38,822,0.298,0.218,Possession Handover,1,strong_anomaly
BS-PARCEL-01304,Odisha,Khordha,6.28,Agricultural,Irrigated Crop,1549000.0,2169000.0,2276000.0,31306000.0,1622000.0,1.09,83.6,0.0748,11,0,222,0.805,0.815,SIA Survey (Sec 4),0,normal
BS-PARCEL-01305,Madhya Pradesh,Bhopal,4.63,Barren,Irrigated Crop,534000.0,572000.0,600000.0,6241000.0,474000.0,1.63,52.2,0.0581,6,2,167,0.715,0.565,Preliminary Notification (Sec 11),0,normal
BS-PARCEL-01306,Uttar Pradesh,Gorakhpur,2.38,Agricultural,Irrigated Crop,918000.0,1310000.0,1285000.0,8268000.0,841000.0,1.97,82.0,0.0575,3,0,245,0.868,0.834,Preliminary Notification (Sec 11),0,normal
BS-PARCEL-01307,Gujarat,Surat,0.84,Non-Agricultural,Irrigated Crop,3402000.0,4017000.0,4067000.0,7858000.0,3361000.0,1.18,55.6,0.0814,0,1,184,0.561,0.522,SIA Survey (Sec 4),0,normal
BS-PARCEL-01308,Madhya Pradesh,Indore,3.66,Non-Agricultural,Dry Crop,2709000.0,3645000.0,3471000.0,34517000.0,2851000.0,0.34,65.3,0.0755,6,4,76,0.777,0.633,Enquiry & Award (Sec 23),0,normal
BS-PARCEL-01309,Gujarat,Bharuch,8.31,Non-Agricultural,Irrigated Crop,2766000.0,3269000.0,3110000.0,66938000.0,2594000.0,0.21,77.1,0.1221,7,2,219,0.943,0.64,Enquiry & Award (Sec 23),0,normal
BS-PARCEL-01310,Uttar Pradesh,Varanasi,1.2,Agricultural,Dry Crop,1476000.0,2113000.0,2004000.0,6303000.0,1646000.0,3.03,80.2,0.0796,2,5,159,0.782,0.397,Declaration (Sec 19),0,normal
BS-PARCEL-01311,Karnataka,Tumakuru,5.71,Non-Agricultural,Commercial Hub,2402000.0,2557000.0,2688000.0,11268000.0,2605000.0,0.38,70.7,0.1022,10,34,261,0.648,0.623,SIA Survey (Sec 4),1,strong_anomaly
BS-PARCEL-01312,Karnataka,Mysuru,4.4,Agricultural,Infrastructure Corridor,1368000.0,1630000.0,1562000.0,15990000.0,1389000.0,0.1,45.6,0.0869,4,4,149,0.837,0.563,Declaration (Sec 19),0,normal
BS-PARCEL-01313,Uttar Pradesh,Varanasi,6.28,Commercial,Infrastructure Corridor,6098000.0,8519000.0,8501000.0,42143000.0,6023000.0,1.01,31.3,0.1362,8,20,128,0.691,0.797,Preliminary Notification (Sec 11),1,strong_anomaly
BS-PARCEL-01314,Maharashtra,Aurangabad,6.97,Agricultural,Irrigated Crop,975000.0,1131000.0,1122000.0,17029000.0,1010000.0,0.9,61.6,0.0679,15,4,120,0.917,0.457,Enquiry & Award (Sec 23),0,normal
BS-PARCEL-01315,Maharashtra,Nagpur,1.84,Non-Agricultural,Irrigated Crop,3255000.0,3777000.0,3698000.0,15170000.0,3481000.0,3.64,82.5,0.068,2,2,82,0.778,0.674,Declaration (Sec 19),0,normal
BS-PARCEL-01316,Karnataka,Bengaluru Rural,0.84,Commercial,Irrigated Crop,6118000.0,8623000.0,8662000.0,16320000.0,5448000.0,0.11,73.1,0.1098,1,3,122,0.838,0.845,Preliminary Notification (Sec 11),0,normal
BS-PARCEL-01317,Tamil Nadu,Salem,2.11,Agricultural,Commercial Hub,1524000.0,2107000.0,1981000.0,10140000.0,1685000.0,2.49,69.4,0.0674,0,1,227,0.708,0.738,Compensation Disbursement,0,normal
BS-PARCEL-01318,Tamil Nadu,Madurai,7.07,Agricultural,Irrigated Crop,1562000.0,1706000.0,1681000.0,146834000.0,1557000.0,1.26,64.9,0.0999,16,1,97,0.578,0.715,Enquiry & Award (Sec 23),1,strong_anomaly
BS-PARCEL-01319,Odisha,Khordha,2.09,Commercial,Irrigated Crop,8186000.0,10495000.0,10469000.0,58628000.0,9255000.0,0.95,70.6,0.1735,1,2,50,0.718,0.639,Rehabilitation Scheme (Sec 16),0,normal
BS-PARCEL-01320,Tamil Nadu,Salem,1.84,Agricultural,Irrigated Crop,1132000.0,1290000.0,1337000.0,3139000.0,1287000.0,1.4,47.1,0.0408,1,3,266,0.733,0.736,Declaration (Sec 19),1,moderate_anomaly
BS-PARCEL-01321,Gujarat,Vadodara,0.71,Agricultural,Irrigated Crop,1070000.0,1216000.0,1245000.0,2113000.0,919000.0,1.15,79.0,0.1413,1,3,164,0.557,0.548,Declaration (Sec 19),0,normal
BS-PARCEL-01322,Uttar Pradesh,Gorakhpur,14.73,Agricultural,Commercial Hub,1543000.0,2000000.0,2084000.0,64691000.0,1490000.0,0.29,80.2,0.0603,23,2,264,0.733,0.473,Preliminary Notification (Sec 11),0,normal
BS-PARCEL-01323,Karnataka,Bengaluru Rural,6.7,Industrial,Dry Crop,4904000.0,5392000.0,5312000.0,80491000.0,4943000.0,0.37,58.6,0.1335,10,4,155,0.846,0.399,SIA Survey (Sec 4),0,normal
BS-PARCEL-01324,Odisha,Cuttack,6.39,Non-Agricultural,Dry Crop,3289000.0,4071000.0,3896000.0,66952000.0,3328000.0,2.19,72.9,0.1074,11,3,117,0.839,0.809,Enquiry & Award (Sec 23),0,normal
BS-PARCEL-01325,Odisha,Jharsuguda,7.56,Agricultural,Infrastructure Corridor,1496000.0,1724000.0,1704000.0,27768000.0,1641000.0,0.16,34.1,0.104,15,2,10,0.794,0.782,Possession Handover,0,normal
BS-PARCEL-01326,Maharashtra,Aurangabad,5.42,Barren,Irrigated Crop,596000.0,829000.0,875000.0,9475000.0,532000.0,0.8,68.2,0.074,8,2,55,0.966,0.707,Declaration (Sec 19),0,normal
BS-PARCEL-01327,Maharashtra,Pune,2.7,Agricultural,Irrigated Crop,986000.0,1254000.0,1211000.0,8220000.0,1022000.0,0.6,62.6,0.07,7,2,84,0.759,0.742,Declaration (Sec 19),0,normal
BS-PARCEL-01328,Uttar Pradesh,Gorakhpur,2.89,Agricultural,Irrigated Crop,1350000.0,1534000.0,1474000.0,10443000.0,1529000.0,0.31,87.7,0.0511,5,1,210,0.904,0.534,Declaration (Sec 19),0,normal
BS-PARCEL-01329,Uttar Pradesh,Prayagraj,2.31,Agricultural,Dry Crop,1325000.0,1882000.0,1982000.0,5254000.0,1522000.0,1.97,61.4,0.0803,3,1,168,0.968,0.466,Rehabilitation Scheme (Sec 16),1,moderate_anomaly
BS-PARCEL-01330,Madhya Pradesh,Bhopal,31.17,Agricultural,Dry Crop,1095000.0,1510000.0,1592000.0,103241000.0,934000.0,1.5,80.6,0.0726,53,2,67,0.887,0.757,Preliminary Notification (Sec 11),0,normal
BS-PARCEL-01331,Madhya Pradesh,Gwalior,5.33,Agricultural,Irrigated Crop,1321000.0,1527000.0,1463000.0,7110000.0,1508000.0,3.48,58.0,0.0876,7,38,10,0.873,0.656,Rehabilitation Scheme (Sec 16),1,strong_anomaly
BS-PARCEL-01332,Gujarat,Bharuch,2.24,Non-Agricultural,Infrastructure Corridor,3428000.0,4917000.0,5076000.0,26612000.0,3039000.0,2.52,23.9,0.0236,1,2,230,0.822,0.624,Possession Handover,0,normal
BS-PARCEL-01333,Gujarat,Surat,4.93,Agricultural,Irrigated Crop,1152000.0,1333000.0,1322000.0,25530000.0,1165000.0,0.67,60.9,0.0809,8,5,276,0.813,0.855,Compensation Disbursement,1,moderate_anomaly
BS-PARCEL-01334,Tamil Nadu,Salem,1.41,Non-Agricultural,Irrigated Crop,2507000.0,2926000.0,2923000.0,9519000.0,2316000.0,1.24,68.5,0.1305,2,2,286,0.876,0.628,Possession Handover,0,normal
BS-PARCEL-01335,Madhya Pradesh,Indore,11.93,Agricultural,Dry Crop,1422000.0,1713000.0,1713000.0,48005000.0,1467000.0,0.64,67.7,0.1178,22,4,73,0.741,0.594,SIA Survey (Sec 4),0,normal
BS-PARCEL-01336,Tamil Nadu,Salem,1.89,Agricultural,Infrastructure Corridor,1466000.0,1636000.0,1728000.0,6659000.0,1262000.0,1.11,68.0,0.0809,0,3,292,0.816,0.698,Declaration (Sec 19),0,normal
BS-PARCEL-01337,Odisha,Cuttack,5.08,Agricultural,Dry Crop,1587000.0,2102000.0,2022000.0,43435000.0,1462000.0,0.14,55.9,0.1825,7,49,865,0.373,0.103,Declaration (Sec 19),1,strong_anomaly
BS-PARCEL-01338,Gujarat,Bharuch,8.22,Non-Agricultural,Infrastructure Corridor,2348000.0,2989000.0,3087000.0,57696000.0,2208000.0,3.5,59.2,0.0569,16,0,241,0.612,0.743,SIA Survey (Sec 4),0,normal
BS-PARCEL-01339,Maharashtra,Pune,4.6,Non-Agricultural,Irrigated Crop,3594000.0,5060000.0,4760000.0,59526000.0,4042000.0,3.18,44.7,0.0765,10,3,112,0.83,0.564,SIA Survey (Sec 4),0,normal
BS-PARCEL-01340,Odisha,Cuttack,3.6,Agricultural,Dry Crop,1451000.0,1663000.0,1689000.0,13861000.0,1487000.0,0.38,29.1,0.022,6,1,165,0.717,0.804,Enquiry & Award (Sec 23),0,normal
BS-PARCEL-01341,Karnataka,Mysuru,3.35,Agricultural,Residential Zone,1405000.0,1571000.0,1600000.0,12059000.0,1493000.0,0.72,63.1,0.0639,7,2,381,0.788,0.709,Enquiry & Award (Sec 23),0,normal
BS-PARCEL-01342,Gujarat,Vadodara,3.16,Agricultural,Dry Crop,1125000.0,1343000.0,1384000.0,5783000.0,1184000.0,0.74,51.6,0.1515,3,3,364,0.907,0.658,Declaration (Sec 19),1,moderate_anomaly
BS-PARCEL-01343,Karnataka,Belagavi,2.03,Commercial,Irrigated Crop,4962000.0,5500000.0,5781000.0,23837000.0,4802000.0,0.2,84.4,0.0654,7,4,174,0.888,0.85,SIA Survey (Sec 4),0,normal
BS-PARCEL-01344,Madhya Pradesh,Indore,2.27,Agricultural,Infrastructure Corridor,1265000.0,1807000.0,1862000.0,9562000.0,1081000.0,0.85,25.7,0.0189,5,2,201,0.869,0.289,Declaration (Sec 19),0,normal
BS-PARCEL-01345,Odisha,Sambalpur,11.68,Commercial,Irrigated Crop,5990000.0,8009000.0,8232000.0,243827000.0,5284000.0,1.61,70.2,0.1149,15,8,10,0.755,0.327,Preliminary Notification (Sec 11),0,normal
BS-PARCEL-01346,Maharashtra,Nashik,3.03,Agricultural,Dry Crop,1109000.0,1518000.0,1473000.0,23589000.0,1095000.0,0.1,99.0,0.0956,5,30,915,0.279,0.265,Preliminary Notification (Sec 11),1,strong_anomaly
BS-PARCEL-01347,Odisha,Cuttack,1.7,Agricultural,Residential Zone,1568000.0,2116000.0,2241000.0,8136000.0,1776000.0,2.86,61.7,0.1132,3,0,262,0.548,0.795,Declaration (Sec 19),0,normal
BS-PARCEL-01348,Odisha,Sambalpur,2.14,Non-Agricultural,Infrastructure Corridor,2357000.0,2704000.0,2694000.0,11813000.0,2179000.0,3.84,65.0,0.0681,4,3,217,0.722,0.538,Rehabilitation Scheme (Sec 16),0,normal
BS-PARCEL-01349,Maharashtra,Pune,8.46,Agricultural,Infrastructure Corridor,1573000.0,1740000.0,1723000.0,110517000.0,1667000.0,3.86,72.7,0.0397,23,35,897,0.279,0.251,Possession Handover,1,strong_anomaly
BS-PARCEL-01350,Maharashtra,Pune,5.9,Agricultural,Residential Zone,1263000.0,1543000.0,1543000.0,20628000.0,1387000.0,2.21,74.1,0.0727,7,0,187,0.693,0.753,Declaration (Sec 19),0,normal
BS-PARCEL-01351,Madhya Pradesh,Bhopal,5.35,Barren,Irrigated Crop,814000.0,1125000.0,1111000.0,5365000.0,913000.0,0.65,57.6,0.1022,9,25,341,0.908,0.914,Preliminary Notification (Sec 11),1,strong_anomaly
BS-PARCEL-01352,Uttar Pradesh,Lucknow,2.67,Agricultural,Infrastructure Corridor,1104000.0,1305000.0,1320000.0,7724000.0,1036000.0,0.3,46.9,0.0771,4,3,219,0.815,0.765,Preliminary Notification (Sec 11),0,normal
BS-PARCEL-01353,Gujarat,Ahmedabad,5.41,Agricultural,Dry Crop,1356000.0,1429000.0,1403000.0,18372000.0,1531000.0,0.93,76.7,0.0955,11,3,469,0.867,0.53,Enquiry & Award (Sec 23),0,normal
BS-PARCEL-01354,Madhya Pradesh,Bhopal,1.92,Agricultural,Dry Crop,1301000.0,1710000.0,1657000.0,8046000.0,1343000.0,1.82,30.7,0.0585,2,0,269,0.868,0.267,SIA Survey (Sec 4),0,normal
BS-PARCEL-01355,Odisha,Jharsuguda,2.66,Agricultural,Irrigated Crop,1565000.0,1768000.0,1859000.0,10206000.0,1569000.0,0.1,80.0,0.097,4,1,78,0.952,0.769,SIA Survey (Sec 4),0,normal
BS-PARCEL-01356,Odisha,Khordha,7.57,Commercial,Residential Zone,5574000.0,7063000.0,7426000.0,137540000.0,6040000.0,6.15,57.9,0.0799,17,4,134,0.748,0.519,Rehabilitation Scheme (Sec 16),0,normal
BS-PARCEL-01357,Maharashtra,Nashik,6.98,Agricultural,Dry Crop,1047000.0,1106000.0,1106000.0,16531000.0,965000.0,3.58,65.1,0.0518,9,4,101,0.872,0.419,SIA Survey (Sec 4),0,normal
BS-PARCEL-01358,Odisha,Cuttack,1.44,Industrial,Residential Zone,6333000.0,7939000.0,8379000.0,24329000.0,6927000.0,2.74,55.5,0.0856,1,3,274,0.876,0.551,Declaration (Sec 19),0,normal
BS-PARCEL-01359,Uttar Pradesh,Prayagraj,1.6,Non-Agricultural,Irrigated Crop,2265000.0,2735000.0,2707000.0,9842000.0,2367000.0,3.3,90.8,0.0645,1,3,306,0.851,0.654,Declaration (Sec 19),0,normal
BS-PARCEL-01360,Tamil Nadu,Coimbatore,3.64,Barren,Irrigated Crop,735000.0,1031000.0,1017000.0,54628000.0,801000.0,0.71,69.5,0.1047,6,2,368,0.538,0.854,Preliminary Notification (Sec 11),1,strong_anomaly
BS-PARCEL-01361,Tamil Nadu,Kanchipuram,14.4,Commercial,Dry Crop,5111000.0,6842000.0,7184000.0,219764000.0,5656000.0,1.07,59.2,0.1149,16,1,143,0.801,0.609,Enquiry & Award (Sec 23),0,normal
BS-PARCEL-01362,Odisha,Cuttack,0.65,Industrial,Irrigated Crop,3822000.0,4068000.0,4133000.0,5626000.0,3957000.0,0.1,58.7,0.1001,0,3,231,0.873,0.701,Rehabilitation Scheme (Sec 16),0,normal
BS-PARCEL-01363,Maharashtra,Aurangabad,4.21,Non-Agricultural,Dry Crop,3103000.0,4238000.0,4372000.0,37829000.0,2672000.0,1.52,62.3,0.0146,6,3,320,0.968,0.552,Declaration (Sec 19),0,normal
BS-PARCEL-01364,Odisha,Jharsuguda,1.03,Agricultural,Irrigated Crop,1297000.0,1772000.0,1753000.0,4758000.0,1218000.0,0.21,99.0,0.0414,0,1,350,0.89,0.853,Preliminary Notification (Sec 11),0,normal
BS-PARCEL-01365,Uttar Pradesh,Varanasi,1.94,Agricultural,Dry Crop,1313000.0,1727000.0,1708000.0,7301000.0,1462000.0,0.1,41.3,0.0545,6,1,44,0.866,0.764,Declaration (Sec 19),0,normal
BS-PARCEL-01366,Madhya Pradesh,Bhopal,2.44,Non-Agricultural,Irrigated Crop,2896000.0,4117000.0,3911000.0,30011000.0,3006000.0,0.26,84.5,0.0481,5,14,510,0.81,0.907,SIA Survey (Sec 4),1,moderate_anomaly
BS-PARCEL-01367,Madhya Pradesh,Indore,2.32,Agricultural,Irrigated Crop,1434000.0,1966000.0,2076000.0,19451000.0,1602000.0,1.06,75.2,0.0583,5,40,957,0.418,0.26,Declaration (Sec 19),1,strong_anomaly
BS-PARCEL-01368,Gujarat,Ahmedabad,2.11,Non-Agricultural,Dry Crop,3767000.0,4285000.0,4145000.0,20025000.0,3637000.0,1.38,92.7,0.117,1,1,113,0.858,0.457,SIA Survey (Sec 4),0,normal
BS-PARCEL-01369,Uttar Pradesh,Gorakhpur,3.34,Agricultural,Irrigated Crop,1099000.0,1322000.0,1321000.0,10570000.0,1101000.0,1.4,76.3,0.1079,9,1,36,0.774,0.638,Possession Handover,0,normal
BS-PARCEL-01370,Tamil Nadu,Kanchipuram,2.11,Commercial,Irrigated Crop,6136000.0,7302000.0,6964000.0,36547000.0,6803000.0,2.35,65.1,0.063,0,3,111,0.891,0.799,SIA Survey (Sec 4),0,normal
BS-PARCEL-01371,Gujarat,Surat,0.96,Agricultural,Irrigated Crop,1133000.0,1418000.0,1443000.0,3082000.0,1222000.0,0.55,83.4,0.1037,1,1,20,0.611,0.775,Possession Handover,0,normal
BS-PARCEL-01372,Karnataka,Belagavi,6.44,Industrial,Irrigated Crop,5798000.0,8300000.0,8191000.0,115399000.0,5585000.0,0.61,69.1,0.0932,9,2,49,0.824,0.95,Possession Handover,0,normal
BS-PARCEL-01373,Gujarat,Bharuch,6.3,Agricultural,Dry Crop,1151000.0,1492000.0,1540000.0,19284000.0,986000.0,4.11,78.6,0.0787,11,4,80,0.857,0.609,Rehabilitation Scheme (Sec 16),0,normal
BS-PARCEL-01374,Gujarat,Ahmedabad,6.8,Agricultural,Irrigated Crop,1387000.0,1630000.0,1636000.0,28223000.0,1545000.0,2.34,90.7,0.1259,10,4,213,0.699,0.583,Rehabilitation Scheme (Sec 16),0,normal
BS-PARCEL-01375,Odisha,Sambalpur,0.9,Commercial,Irrigated Crop,6614000.0,9436000.0,9016000.0,20939000.0,7182000.0,2.77,66.7,0.0535,3,1,183,0.86,0.369,Rehabilitation Scheme (Sec 16),0,normal
BS-PARCEL-01376,Uttar Pradesh,Agra,4.28,Commercial,Dry Crop,7245000.0,9637000.0,9071000.0,35055000.0,7135000.0,11.41,57.4,0.0821,7,40,10,0.98,0.657,Possession Handover,1,strong_anomaly
BS-PARCEL-01377,Tamil Nadu,Salem,5.9,Non-Agricultural,Dry Crop,3493000.0,4039000.0,3900000.0,53561000.0,3541000.0,4.99,53.4,0.038,9,3,481,0.722,0.728,Declaration (Sec 19),0,normal
BS-PARCEL-01378,Tamil Nadu,Madurai,1.38,Barren,Dry Crop,688000.0,972000.0,998000.0,3180000.0,627000.0,5.53,73.1,0.0399,3,1,126,0.873,0.884,Declaration (Sec 19),0,normal
BS-PARCEL-01379,Gujarat,Bharuch,3.35,Agricultural,Irrigated Crop,1242000.0,1475000.0,1533000.0,9949000.0,1209000.0,7.69,49.2,0.0256,6,2,33,0.774,0.533,Preliminary Notification (Sec 11),0,normal
BS-PARCEL-01380,Maharashtra,Aurangabad,3.01,Commercial,Infrastructure Corridor,5916000.0,7433000.0,7291000.0,232953000.0,5318000.0,1.51,58.7,0.0406,6,1,244,0.419,0.489,Compensation Disbursement,1,strong_anomaly
BS-PARCEL-01381,Uttar Pradesh,Varanasi,15.89,Agricultural,Dry Crop,1271000.0,1578000.0,1585000.0,61330000.0,1161000.0,1.12,47.6,0.0833,26,0,179,0.777,0.401,Preliminary Notification (Sec 11),0,normal
BS-PARCEL-01382,Odisha,Khordha,17.04,Agricultural,Irrigated Crop,1089000.0,1546000.0,1498000.0,69703000.0,1202000.0,0.1,74.2,0.0679,16,4,90,0.887,0.738,Preliminary Notification (Sec 11),0,normal
BS-PARCEL-01383,Odisha,Jharsuguda,0.81,Agricultural,Infrastructure Corridor,1507000.0,1742000.0,1822000.0,3571000.0,1445000.0,2.86,51.5,0.0692,1,0,222,0.702,0.667,SIA Survey (Sec 4),0,normal
BS-PARCEL-01384,Maharashtra,Nagpur,27.66,Agricultural,Dry Crop,1180000.0,1396000.0,1474000.0,100873000.0,1291000.0,5.15,41.8,0.068,53,18,738,0.916,0.448,Declaration (Sec 19),1,moderate_anomaly
BS-PARCEL-01385,Uttar Pradesh,Lucknow,1.53,Non-Agricultural,Dry Crop,2317000.0,3045000.0,3137000.0,11104000.0,2299000.0,1.41,45.0,0.1509,3,2,147,0.838,0.554,Compensation Disbursement,0,normal
BS-PARCEL-01386,Uttar Pradesh,Varanasi,7.64,Non-Agricultural,Residential Zone,2503000.0,3516000.0,3343000.0,69861000.0,2181000.0,0.13,54.7,0.0345,14,4,341,0.902,0.802,Enquiry & Award (Sec 23),0,normal
BS-PARCEL-01387,Uttar Pradesh,Gorakhpur,7.58,Agricultural,Irrigated Crop,1285000.0,1408000.0,1397000.0,20549000.0,1232000.0,0.36,56.4,0.0302,7,5,193,0.559,0.863,SIA Survey (Sec 4),0,normal
BS-PARCEL-01388,Tamil Nadu,Kanchipuram,1.42,Industrial,Residential Zone,6239000.0,7075000.0,7491000.0,10111000.0,5599000.0,0.15,69.5,0.0462,2,33,247,0.652,0.627,Rehabilitation Scheme (Sec 16),1,strong_anomaly
BS-PARCEL-01389,Odisha,Khordha,5.05,Agricultural,Dry Crop,1116000.0,1595000.0,1543000.0,10746000.0,1181000.0,1.17,62.1,0.0771,11,2,122,0.669,0.594,Enquiry & Award (Sec 23),1,moderate_anomaly
BS-PARCEL-01390,Maharashtra,Nagpur,3.03,Agricultural,Irrigated Crop,1090000.0,1483000.0,1513000.0,11175000.0,1225000.0,2.4,71.7,0.1006,3,4,196,0.822,0.593,Declaration (Sec 19),0,normal
BS-PARCEL-01391,Tamil Nadu,Kanchipuram,5.32,Non-Agricultural,Irrigated Crop,2783000.0,3307000.0,3481000.0,39622000.0,3003000.0,3.36,73.1,0.1047,11,2,95,0.845,0.891,SIA Survey (Sec 4),0,normal
BS-PARCEL-01392,Maharashtra,Nashik,4.04,Agricultural,Irrigated Crop,1597000.0,1905000.0,1967000.0,16672000.0,1730000.0,3.26,78.3,0.1178,9,3,90,0.774,0.724,Rehabilitation Scheme (Sec 16),0,normal
BS-PARCEL-01393,Gujarat,Surat,9.18,Agricultural,Infrastructure Corridor,1509000.0,1868000.0,1892000.0,38502000.0,1673000.0,0.1,30.7,0.0757,12,1,134,0.921,0.569,Declaration (Sec 19),0,normal
BS-PARCEL-01394,Karnataka,Belagavi,3.54,Non-Agricultural,Irrigated Crop,2351000.0,3102000.0,3104000.0,123425000.0,2546000.0,0.6,44.7,0.0641,11,2,103,0.402,0.659,Possession Handover,1,strong_anomaly
BS-PARCEL-01395,Tamil Nadu,Coimbatore,2.88,Agricultural,Irrigated Crop,1342000.0,1710000.0,1798000.0,10909000.0,1370000.0,0.26,75.0,0.1453,4,1,294,0.889,0.406,Enquiry & Award (Sec 23),0,normal
BS-PARCEL-01396,Odisha,Jharsuguda,8.43,Agricultural,Dry Crop,1470000.0,2000000.0,1975000.0,31183000.0,1564000.0,1.1,68.8,-0.0314,16,1,243,0.735,0.59,Preliminary Notification (Sec 11),0,normal
BS-PARCEL-01397,Uttar Pradesh,Prayagraj,5.44,Non-Agricultural,Commercial Hub,3390000.0,3633000.0,3808000.0,46424000.0,3305000.0,3.65,82.6,0.0825,12,2,10,0.941,0.661,Enquiry & Award (Sec 23),0,normal
BS-PARCEL-01398,Maharashtra,Thane,6.18,Agricultural,Irrigated Crop,1252000.0,1725000.0,1711000.0,24839000.0,1091000.0,0.22,37.2,0.0972,5,0,369,0.751,0.649,SIA Survey (Sec 4),0,normal
BS-PARCEL-01399,Maharashtra,Thane,1.89,Commercial,Residential Zone,7729000.0,8295000.0,8550000.0,42694000.0,8206000.0,5.03,56.4,0.1549,3,1,250,0.771,0.859,Compensation Disbursement,0,normal
BS-PARCEL-01400,Gujarat,Ahmedabad,1.37,Commercial,Dry Crop,7151000.0,10028000.0,10528000.0,36718000.0,7627000.0,1.84,59.7,0.0136,2,1,305,0.915,0.783,Rehabilitation Scheme (Sec 16),0,normal
BS-PARCEL-01401,Odisha,Jharsuguda,2.05,Agricultural,Residential Zone,1045000.0,1115000.0,1122000.0,5427000.0,958000.0,0.25,68.0,0.0632,0,2,161,0.65,0.55,SIA Survey (Sec 4),0,normal
BS-PARCEL-01402,Tamil Nadu,Madurai,1.96,Agricultural,Irrigated Crop,940000.0,1035000.0,1011000.0,4618000.0,1068000.0,0.21,65.6,0.0257,2,2,15,0.812,0.723,Declaration (Sec 19),0,normal
BS-PARCEL-01403,Gujarat,Bharuch,6.48,Agricultural,Irrigated Crop,1166000.0,1308000.0,1238000.0,6375000.0,1009000.0,0.12,73.4,0.0081,10,26,34,0.736,0.291,SIA Survey (Sec 4),1,strong_anomaly
BS-PARCEL-01404,Odisha,Jharsuguda,7.61,Non-Agricultural,Dry Crop,2204000.0,2511000.0,2604000.0,231547000.0,2360000.0,0.1,62.9,0.0718,10,2,367,0.344,0.627,SIA Survey (Sec 4),1,strong_anomaly
BS-PARCEL-01405,Madhya Pradesh,Jabalpur,2.91,Agricultural,Irrigated Crop,1184000.0,1433000.0,1454000.0,9596000.0,1350000.0,6.23,89.7,0.1133,3,2,10,0.695,0.631,Declaration (Sec 19),0,normal
BS-PARCEL-01406,Madhya Pradesh,Gwalior,11.2,Industrial,Dry Crop,5987000.0,7856000.0,7633000.0,213542000.0,5644000.0,2.05,95.4,0.1282,21,3,20,0.685,0.826,Enquiry & Award (Sec 23),0,normal
BS-PARCEL-01407,Madhya Pradesh,Jabalpur,10.62,Agricultural,Irrigated Crop,1508000.0,2122000.0,2218000.0,48292000.0,1695000.0,2.43,44.9,0.0587,13,3,132,0.877,0.405,Compensation Disbursement,0,normal
BS-PARCEL-01408,Maharashtra,Aurangabad,4.08,Non-Agricultural,Commercial Hub,2157000.0,2717000.0,2854000.0,23042000.0,2368000.0,2.12,65.8,0.1067,7,2,27,0.639,0.627,Rehabilitation Scheme (Sec 16),0,normal
BS-PARCEL-01409,Odisha,Khordha,1.65,Agricultural,Residential Zone,950000.0,1200000.0,1256000.0,4479000.0,1020000.0,4.98,79.4,0.0721,3,0,238,0.802,0.555,Preliminary Notification (Sec 11),0,normal
BS-PARCEL-01410,Uttar Pradesh,Lucknow,12.67,Agricultural,Residential Zone,1382000.0,1628000.0,1648000.0,50845000.0,1570000.0,13.96,75.5,0.1023,22,4,247,0.776,0.723,Declaration (Sec 19),0,normal
BS-PARCEL-01411,Maharashtra,Nagpur,3.15,Agricultural,Infrastructure Corridor,1260000.0,1727000.0,1826000.0,23036000.0,1318000.0,0.13,57.7,0.1262,6,0,225,0.877,0.699,Rehabilitation Scheme (Sec 16),1,moderate_anomaly
BS-PARCEL-01412,Maharashtra,Nagpur,3.7,Non-Agricultural,Infrastructure Corridor,2351000.0,2572000.0,2688000.0,22768000.0,2347000.0,1.71,69.6,0.0722,4,6,112,0.633,0.818,SIA Survey (Sec 4),0,normal
BS-PARCEL-01413,Maharashtra,Nashik,2.49,Barren,Dry Crop,802000.0,939000.0,894000.0,6228000.0,844000.0,3.27,36.5,0.1231,5,4,211,0.906,0.799,Compensation Disbursement,0,normal
BS-PARCEL-01414,Uttar Pradesh,Lucknow,1.56,Agricultural,Irrigated Crop,1056000.0,1150000.0,1216000.0,8285000.0,1028000.0,2.07,64.7,0.0315,2,3,376,0.82,0.455,Possession Handover,1,moderate_anomaly
BS-PARCEL-01415,Uttar Pradesh,Agra,0.95,Agricultural,Residential Zone,956000.0,1086000.0,1092000.0,2342000.0,906000.0,1.45,38.7,0.1063,0,2,22,0.489,0.721,Preliminary Notification (Sec 11),0,normal
BS-PARCEL-01416,Karnataka,Mysuru,5.69,Agricultural,Infrastructure Corridor,1440000.0,1850000.0,1943000.0,26405000.0,1260000.0,3.65,74.1,0.1213,16,13,727,0.876,0.923,Enquiry & Award (Sec 23),1,moderate_anomaly
BS-PARCEL-01417,Odisha,Jharsuguda,1.71,Agricultural,Infrastructure Corridor,1338000.0,1472000.0,1518000.0,3262000.0,1289000.0,0.1,44.9,0.1172,3,1,268,0.923,0.849,Declaration (Sec 19),1,moderate_anomaly
BS-PARCEL-01418,Uttar Pradesh,Gorakhpur,44.73,Industrial,Commercial Hub,4736000.0,5163000.0,5254000.0,583162000.0,5167000.0,5.14,67.9,0.0326,87,4,168,0.466,0.549,SIA Survey (Sec 4),0,normal
BS-PARCEL-01419,Gujarat,Bharuch,1.32,Industrial,Irrigated Crop,5595000.0,7723000.0,7562000.0,22585000.0,6343000.0,3.02,70.7,0.0718,6,6,198,0.753,0.637,Declaration (Sec 19),0,normal
BS-PARCEL-01420,Madhya Pradesh,Indore,1.14,Industrial,Infrastructure Corridor,6225000.0,6831000.0,6443000.0,15159000.0,7112000.0,0.1,66.4,0.0921,2,1,219,0.647,0.729,Preliminary Notification (Sec 11),0,normal
BS-PARCEL-01421,Odisha,Sambalpur,5.12,Agricultural,Infrastructure Corridor,925000.0,1196000.0,1164000.0,12275000.0,844000.0,4.74,53.6,0.0977,8,2,72,0.887,0.512,Preliminary Notification (Sec 11),0,normal
BS-PARCEL-01422,Karnataka,Belagavi,12.18,Agricultural,Dry Crop,1352000.0,1610000.0,1646000.0,48089000.0,1381000.0,1.29,61.2,0.0846,20,2,10,0.947,0.806,Possession Handover,0,normal
BS-PARCEL-01423,Tamil Nadu,Kanchipuram,3.51,Non-Agricultural,Residential Zone,2467000.0,3475000.0,3626000.0,33184000.0,2523000.0,2.7,86.3,0.1372,5,6,279,0.855,0.414,Declaration (Sec 19),0,normal
BS-PARCEL-01424,Karnataka,Tumakuru,5.4,Agricultural,Dry Crop,1241000.0,1654000.0,1555000.0,42827000.0,1120000.0,6.37,57.4,0.0282,9,1,43,0.794,0.268,SIA Survey (Sec 4),1,moderate_anomaly
BS-PARCEL-01425,Gujarat,Surat,0.69,Non-Agricultural,Infrastructure Corridor,2812000.0,3019000.0,2913000.0,4275000.0,2881000.0,0.1,65.4,0.0704,1,3,59,0.855,0.544,Declaration (Sec 19),0,normal
BS-PARCEL-01426,Maharashtra,Nagpur,1.87,Agricultural,Irrigated Crop,1181000.0,1663000.0,1698000.0,7156000.0,1132000.0,0.15,55.0,0.0125,4,5,123,0.922,0.347,Possession Handover,0,normal
BS-PARCEL-01427,Odisha,Jharsuguda,1.33,Agricultural,Residential Zone,1037000.0,1261000.0,1228000.0,1893000.0,1175000.0,0.33,83.4,0.1048,2,1,211,0.631,0.576,Rehabilitation Scheme (Sec 16),1,moderate_anomaly
BS-PARCEL-01428,Tamil Nadu,Coimbatore,0.66,Commercial,Irrigated Crop,8005000.0,9360000.0,8958000.0,14074000.0,7417000.0,0.13,66.4,0.1022,1,4,125,0.895,0.154,Possession Handover,0,normal
BS-PARCEL-01429,Uttar Pradesh,Varanasi,3.67,Agricultural,Irrigated Crop,1173000.0,1547000.0,1469000.0,12744000.0,1291000.0,2.3,51.2,0.2139,7,5,100,0.851,0.64,Compensation Disbursement,0,normal
BS-PARCEL-01430,Tamil Nadu,Salem,0.49,Barren,Irrigated Crop,834000.0,1115000.0,1133000.0,1175000.0,933000.0,0.76,65.1,0.1211,0,3,284,0.918,0.751,Rehabilitation Scheme (Sec 16),0,normal
BS-PARCEL-01431,Uttar Pradesh,Varanasi,1.08,Agricultural,Dry Crop,1155000.0,1353000.0,1368000.0,3285000.0,1237000.0,1.55,60.7,0.0933,1,1,143,0.72,0.94,Enquiry & Award (Sec 23),0,normal
BS-PARCEL-01432,Tamil Nadu,Salem,2.1,Agricultural,Irrigated Crop,1505000.0,1792000.0,1869000.0,9469000.0,1376000.0,3.01,90.1,0.0902,3,1,92,0.684,0.647,Enquiry & Award (Sec 23),0,normal
BS-PARCEL-01433,Tamil Nadu,Kanchipuram,1.64,Agricultural,Infrastructure Corridor,1292000.0,1437000.0,1405000.0,4866000.0,1199000.0,14.3,64.2,0.0673,3,2,223,0.94,0.577,Enquiry & Award (Sec 23),0,normal
BS-PARCEL-01434,Uttar Pradesh,Agra,4.65,Agricultural,Dry Crop,1178000.0,1517000.0,1451000.0,16539000.0,1344000.0,0.22,40.1,0.0852,6,2,186,0.673,0.287,Rehabilitation Scheme (Sec 16),0,normal
BS-PARCEL-01435,Madhya Pradesh,Gwalior,4.3,Agricultural,Residential Zone,1407000.0,2016000.0,2088000.0,18563000.0,1228000.0,1.19,74.0,0.091,8,0,183,0.974,0.528,Preliminary Notification (Sec 11),0,normal
BS-PARCEL-01436,Uttar Pradesh,Lucknow,7.1,Agricultural,Irrigated Crop,1466000.0,1784000.0,1889000.0,29793000.0,1298000.0,1.12,97.1,0.0014,9,2,228,0.822,0.363,SIA Survey (Sec 4),0,normal
BS-PARCEL-01437,Madhya Pradesh,Gwalior,6.29,Non-Agricultural,Irrigated Crop,2911000.0,4217000.0,4146000.0,78145000.0,3329000.0,0.94,86.5,0.0879,8,22,484,0.719,0.464,Declaration (Sec 19),1,moderate_anomaly
BS-PARCEL-01438,Odisha,Jharsuguda,8.76,Industrial,Commercial Hub,4825000.0,5407000.0,5644000.0,108076000.0,5226000.0,1.66,45.1,0.084,19,1,272,0.789,0.552,Enquiry & Award (Sec 23),0,normal
BS-PARCEL-01439,Uttar Pradesh,Gorakhpur,3.31,Agricultural,Commercial Hub,1316000.0,1801000.0,1858000.0,8996000.0,1413000.0,1.18,60.2,0.1502,5,1,22,0.782,0.9,Enquiry & Award (Sec 23),1,moderate_anomaly
BS-PARCEL-01440,Gujarat,Ahmedabad,4.3,Agricultural,Dry Crop,1321000.0,1877000.0,1970000.0,41512000.0,1186000.0,0.81,64.4,0.0747,6,51,927,0.454,0.258,Declaration (Sec 19),1,strong_anomaly
BS-PARCEL-01441,Odisha,Jharsuguda,5.13,Agricultural,Residential Zone,1206000.0,1598000.0,1583000.0,15705000.0,1202000.0,1.87,64.7,0.0494,6,3,79,0.904,0.75,Preliminary Notification (Sec 11),0,normal
BS-PARCEL-01442,Gujarat,Bharuch,3.74,Commercial,Residential Zone,7830000.0,8564000.0,8154000.0,155837000.0,8630000.0,0.59,71.9,0.0907,5,0,10,0.856,0.546,Preliminary Notification (Sec 11),1,moderate_anomaly
BS-PARCEL-01443,Uttar Pradesh,Prayagraj,2.37,Non-Agricultural,Dry Crop,2772000.0,3273000.0,3123000.0,17396000.0,2630000.0,0.92,58.8,0.083,1,1,93,0.88,0.755,Enquiry & Award (Sec 23),0,normal
BS-PARCEL-01444,Madhya Pradesh,Bhopal,2.5,Agricultural,Infrastructure Corridor,1226000.0,1329000.0,1371000.0,6895000.0,1113000.0,0.38,48.5,0.0748,2,2,141,0.743,0.506,Declaration (Sec 19),0,normal
BS-PARCEL-01445,Madhya Pradesh,Gwalior,1.66,Agricultural,Commercial Hub,1336000.0,1724000.0,1799000.0,6995000.0,1140000.0,0.43,82.1,0.0288,3,4,99,0.662,0.525,Enquiry & Award (Sec 23),0,normal
BS-PARCEL-01446,Karnataka,Bengaluru Rural,4.75,Agricultural,Dry Crop,1611000.0,2335000.0,2323000.0,6170000.0,1670000.0,0.45,44.8,0.0738,8,46,73,0.969,0.74,SIA Survey (Sec 4),1,strong_anomaly
BS-PARCEL-01447,Gujarat,Vadodara,3.07,Agricultural,Irrigated Crop,1088000.0,1305000.0,1236000.0,12855000.0,1021000.0,1.35,50.6,0.0568,8,15,456,0.721,0.668,Rehabilitation Scheme (Sec 16),1,moderate_anomaly
BS-PARCEL-01448,Odisha,Sambalpur,1.89,Agricultural,Irrigated Crop,1067000.0,1190000.0,1128000.0,14322000.0,1183000.0,0.46,44.7,0.0713,1,44,782,0.347,0.092,Possession Handover,1,strong_anomaly
BS-PARCEL-01449,Madhya Pradesh,Jabalpur,1.89,Barren,Irrigated Crop,556000.0,644000.0,652000.0,2418000.0,520000.0,0.49,76.0,0.1093,0,2,10,0.802,0.815,SIA Survey (Sec 4),0,normal
BS-PARCEL-01450,Gujarat,Vadodara,1.19,Agricultural,Commercial Hub,1396000.0,1785000.0,1875000.0,4874000.0,1250000.0,2.9,66.9,0.053,0,4,141,0.753,0.622,Preliminary Notification (Sec 11),0,normal
BS-PARCEL-01451,Odisha,Khordha,7.63,Agricultural,Commercial Hub,1223000.0,1562000.0,1543000.0,29197000.0,1392000.0,3.46,80.9,0.0712,19,3,404,0.83,0.496,Enquiry & Award (Sec 23),0,normal
BS-PARCEL-01452,Odisha,Jharsuguda,3.55,Agricultural,Irrigated Crop,1180000.0,1347000.0,1371000.0,14577000.0,1345000.0,0.5,50.9,0.1016,12,19,690,0.723,0.635,Declaration (Sec 19),1,moderate_anomaly
BS-PARCEL-01453,Madhya Pradesh,Gwalior,1.59,Non-Agricultural,Dry Crop,2443000.0,3299000.0,3316000.0,12765000.0,2579000.0,1.54,42.4,0.0692,0,2,81,0.941,0.526,Possession Handover,0,normal
BS-PARCEL-01454,Uttar Pradesh,Agra,6.6,Agricultural,Irrigated Crop,1542000.0,1673000.0,1751000.0,23233000.0,1740000.0,1.67,57.0,0.1844,8,3,135,0.942,0.387,Possession Handover,0,normal
BS-PARCEL-01455,Karnataka,Mysuru,2.06,Agricultural,Irrigated Crop,1219000.0,1584000.0,1647000.0,5467000.0,1095000.0,0.1,61.7,0.09,2,2,349,0.874,0.583,Enquiry & Award (Sec 23),1,moderate_anomaly
BS-PARCEL-01456,Madhya Pradesh,Gwalior,1.0,Agricultural,Infrastructure Corridor,1338000.0,1633000.0,1574000.0,6033000.0,1322000.0,0.1,68.8,0.0303,0,1,140,0.74,0.702,Preliminary Notification (Sec 11),1,moderate_anomaly
BS-PARCEL-01457,Maharashtra,Nagpur,7.91,Non-Agricultural,Dry Crop,2289000.0,2520000.0,2574000.0,49499000.0,2086000.0,1.97,34.7,0.0464,14,0,67,0.749,0.56,Declaration (Sec 19),0,normal
BS-PARCEL-01458,Karnataka,Mysuru,2.1,Agricultural,Irrigated Crop,978000.0,1275000.0,1328000.0,6850000.0,972000.0,0.25,73.6,0.0424,1,3,219,0.706,0.368,Compensation Disbursement,0,normal
BS-PARCEL-01459,Tamil Nadu,Salem,2.35,Industrial,Dry Crop,3794000.0,5005000.0,5263000.0,25256000.0,4125000.0,2.02,48.9,0.047,3,3,211,0.918,0.518,Rehabilitation Scheme (Sec 16),0,normal
BS-PARCEL-01460,Uttar Pradesh,Agra,3.44,Agricultural,Irrigated Crop,1164000.0,1427000.0,1442000.0,11891000.0,1284000.0,0.84,53.3,0.1015,1,3,233,0.898,0.574,Possession Handover,0,normal
BS-PARCEL-01461,Tamil Nadu,Madurai,8.77,Agricultural,Commercial Hub,1240000.0,1698000.0,1632000.0,32511000.0,1056000.0,0.25,86.1,0.0357,14,2,63,0.846,0.734,Enquiry & Award (Sec 23),0,normal
BS-PARCEL-01462,Uttar Pradesh,Agra,3.38,Barren,Infrastructure Corridor,583000.0,731000.0,736000.0,6219000.0,564000.0,3.64,25.7,0.0668,9,2,117,0.68,0.5,Preliminary Notification (Sec 11),0,normal
BS-PARCEL-01463,Tamil Nadu,Madurai,1.2,Commercial,Dry Crop,6239000.0,7264000.0,7409000.0,18454000.0,7164000.0,0.78,70.8,0.1257,1,2,303,0.891,0.709,Declaration (Sec 19),0,normal
BS-PARCEL-01464,Gujarat,Ahmedabad,5.27,Agricultural,Dry Crop,905000.0,1295000.0,1260000.0,16074000.0,929000.0,0.59,70.7,0.0592,8,1,224,0.839,0.746,Enquiry & Award (Sec 23),0,normal
BS-PARCEL-01465,Uttar Pradesh,Prayagraj,2.2,Commercial,Irrigated Crop,6244000.0,8914000.0,9420000.0,44407000.0,5862000.0,1.55,50.3,0.1069,2,2,268,0.858,0.448,Preliminary Notification (Sec 11),0,normal
BS-PARCEL-01466,Odisha,Jharsuguda,16.52,Agricultural,Dry Crop,986000.0,1073000.0,1038000.0,92947000.0,953000.0,2.18,57.0,0.0127,23,5,174,0.735,0.488,Rehabilitation Scheme (Sec 16),1,moderate_anomaly
BS-PARCEL-01467,Maharashtra,Pune,3.32,Agricultural,Irrigated Crop,992000.0,1417000.0,1487000.0,10009000.0,939000.0,0.44,87.0,0.0652,7,4,296,0.7,0.873,Enquiry & Award (Sec 23),0,normal
BS-PARCEL-01468,Karnataka,Bengaluru Rural,0.5,Commercial,Irrigated Crop,4893000.0,6655000.0,6595000.0,3137000.0,4816000.0,2.37,99.0,0.0446,1,32,212,0.853,0.811,SIA Survey (Sec 4),1,strong_anomaly
BS-PARCEL-01469,Maharashtra,Thane,4.5,Commercial,Residential Zone,7591000.0,8294000.0,7797000.0,86230000.0,7465000.0,0.1,84.2,0.092,3,5,122,0.963,0.807,Rehabilitation Scheme (Sec 16),0,normal
BS-PARCEL-01470,Odisha,Jharsuguda,17.34,Agricultural,Dry Crop,1571000.0,1976000.0,1986000.0,77640000.0,1574000.0,1.48,98.9,0.0386,24,0,262,0.739,0.791,Enquiry & Award (Sec 23),0,normal
BS-PARCEL-01471,Tamil Nadu,Salem,12.67,Non-Agricultural,Dry Crop,3144000.0,3345000.0,3396000.0,97165000.0,3111000.0,1.32,52.6,0.1628,27,0,83,0.717,0.699,Enquiry & Award (Sec 23),0,normal
BS-PARCEL-01472,Tamil Nadu,Kanchipuram,15.74,Agricultural,Irrigated Crop,969000.0,1246000.0,1301000.0,37579000.0,974000.0,1.78,36.6,0.0144,34,2,349,0.659,0.574,Declaration (Sec 19),0,normal
BS-PARCEL-01473,Madhya Pradesh,Jabalpur,1.4,Agricultural,Residential Zone,1613000.0,2296000.0,2307000.0,7772000.0,1385000.0,3.23,64.1,0.1254,3,1,290,0.923,0.789,Possession Handover,0,normal
BS-PARCEL-01474,Madhya Pradesh,Gwalior,7.21,Barren,Irrigated Crop,868000.0,1039000.0,988000.0,19775000.0,752000.0,3.69,79.5,0.1151,8,2,147,0.928,0.641,Possession Handover,0,normal
BS-PARCEL-01475,Karnataka,Bengaluru Rural,1.8,Agricultural,Dry Crop,1237000.0,1551000.0,1630000.0,6851000.0,1189000.0,12.07,31.6,0.0924,4,4,159,0.684,0.826,Declaration (Sec 19),0,normal
BS-PARCEL-01476,Tamil Nadu,Coimbatore,4.02,Non-Agricultural,Residential Zone,2281000.0,2603000.0,2623000.0,22478000.0,2544000.0,2.57,48.3,0.0822,4,2,194,0.61,0.738,SIA Survey (Sec 4),0,normal
BS-PARCEL-01477,Tamil Nadu,Coimbatore,1.13,Non-Agricultural,Dry Crop,3311000.0,4193000.0,4078000.0,10594000.0,3600000.0,0.77,50.3,0.1542,1,1,160,0.632,0.594,Enquiry & Award (Sec 23),0,normal
BS-PARCEL-01478,Uttar Pradesh,Gorakhpur,1.92,Non-Agricultural,Infrastructure Corridor,3715000.0,5093000.0,5337000.0,49644000.0,3281000.0,2.98,71.4,0.1788,2,2,325,0.905,0.577,SIA Survey (Sec 4),1,moderate_anomaly
BS-PARCEL-01479,Karnataka,Mysuru,1.87,Agricultural,Irrigated Crop,1461000.0,1660000.0,1584000.0,7341000.0,1459000.0,3.27,69.1,0.0717,1,0,120,0.953,0.417,Compensation Disbursement,0,normal
BS-PARCEL-01480,Uttar Pradesh,Agra,7.13,Barren,Commercial Hub,731000.0,929000.0,884000.0,14672000.0,754000.0,3.26,51.0,0.0863,11,1,14,0.919,0.719,Declaration (Sec 19),0,normal
BS-PARCEL-01481,Gujarat,Vadodara,6.56,Non-Agricultural,Infrastructure Corridor,3126000.0,3726000.0,3742000.0,60575000.0,3108000.0,0.15,68.2,0.0579,5,3,151,0.786,0.665,Rehabilitation Scheme (Sec 16),0,normal
BS-PARCEL-01482,Tamil Nadu,Kanchipuram,4.2,Non-Agricultural,Dry Crop,3743000.0,5050000.0,5126000.0,65060000.0,3965000.0,4.71,44.4,0.0332,7,18,435,0.722,0.331,Declaration (Sec 19),1,moderate_anomaly
BS-PARCEL-01483,Maharashtra,Aurangabad,1.05,Agricultural,Dry Crop,953000.0,1268000.0,1270000.0,893000.0,1095000.0,1.2,57.3,0.0985,0,33,291,0.883,0.53,Declaration (Sec 19),1,strong_anomaly
BS-PARCEL-01484,Tamil Nadu,Madurai,2.55,Agricultural,Irrigated Crop,1008000.0,1340000.0,1409000.0,15722000.0,886000.0,2.12,42.2,0.09,7,3,192,0.709,0.545,Possession Handover,1,moderate_anomaly
BS-PARCEL-01485,Madhya Pradesh,Jabalpur,1.76,Agricultural,Commercial Hub,1498000.0,1799000.0,1748000.0,6371000.0,1505000.0,4.58,62.3,0.0156,3,3,110,0.843,0.833,SIA Survey (Sec 4),0,normal
BS-PARCEL-01486,Maharashtra,Thane,6.95,Agricultural,Infrastructure Corridor,1004000.0,1295000.0,1371000.0,13530000.0,1008000.0,1.96,50.6,0.0982,21,4,175,0.934,0.7,Possession Handover,1,moderate_anomaly
BS-PARCEL-01487,Gujarat,Vadodara,9.04,Agricultural,Commercial Hub,1176000.0,1541000.0,1452000.0,34613000.0,1198000.0,0.94,77.4,0.0913,20,3,107,0.838,0.914,Preliminary Notification (Sec 11),0,normal
BS-PARCEL-01488,Madhya Pradesh,Gwalior,8.15,Non-Agricultural,Infrastructure Corridor,2573000.0,3402000.0,3246000.0,67327000.0,2316000.0,1.86,64.5,0.056,13,2,10,0.975,0.505,Enquiry & Award (Sec 23),0,normal
BS-PARCEL-01489,Tamil Nadu,Madurai,1.75,Industrial,Dry Crop,4301000.0,5506000.0,5298000.0,22857000.0,4480000.0,3.81,60.9,0.0533,2,1,86,0.886,0.225,Possession Handover,0,normal
BS-PARCEL-01490,Karnataka,Mysuru,0.32,Agricultural,Dry Crop,919000.0,1284000.0,1219000.0,1855000.0,793000.0,0.77,96.8,0.097,2,2,236,0.888,0.417,Rehabilitation Scheme (Sec 16),1,moderate_anomaly
BS-PARCEL-01491,Odisha,Sambalpur,0.74,Agricultural,Irrigated Crop,1308000.0,1504000.0,1493000.0,3087000.0,1403000.0,0.23,71.9,0.1444,0,19,647,0.793,0.734,Preliminary Notification (Sec 11),1,moderate_anomaly
BS-PARCEL-01492,Odisha,Jharsuguda,11.12,Non-Agricultural,Commercial Hub,2774000.0,2975000.0,3105000.0,80004000.0,2910000.0,0.44,58.4,0.0959,27,2,146,0.719,0.596,Compensation Disbursement,0,normal
BS-PARCEL-01493,Tamil Nadu,Kanchipuram,2.36,Agricultural,Residential Zone,1297000.0,1861000.0,1933000.0,10348000.0,1231000.0,4.9,54.5,0.1112,3,3,301,0.886,0.795,Compensation Disbursement,0,normal
BS-PARCEL-01494,Karnataka,Belagavi,1.75,Industrial,Dry Crop,4477000.0,4810000.0,4951000.0,58319000.0,5134000.0,0.68,43.7,0.0467,1,52,782,0.466,0.114,Rehabilitation Scheme (Sec 16),1,strong_anomaly
BS-PARCEL-01495,Gujarat,Bharuch,13.41,Agricultural,Irrigated Crop,1578000.0,2227000.0,2095000.0,63825000.0,1734000.0,0.62,63.8,0.0634,19,2,84,0.838,0.791,Declaration (Sec 19),0,normal
BS-PARCEL-01496,Gujarat,Vadodara,9.73,Agricultural,Dry Crop,1326000.0,1717000.0,1792000.0,44213000.0,1342000.0,1.67,70.5,0.1043,16,3,216,0.966,0.65,Compensation Disbursement,0,normal
BS-PARCEL-01497,Uttar Pradesh,Lucknow,3.39,Agricultural,Commercial Hub,1592000.0,2257000.0,2229000.0,18155000.0,1826000.0,0.56,30.5,0.0257,4,3,101,0.783,0.772,SIA Survey (Sec 4),0,normal
BS-PARCEL-01498,Gujarat,Surat,2.59,Industrial,Infrastructure Corridor,4608000.0,5880000.0,6043000.0,37178000.0,5064000.0,2.24,40.4,0.0883,4,1,101,0.871,0.643,Declaration (Sec 19),0,normal
BS-PARCEL-01499,Odisha,Sambalpur,2.97,Agricultural,Irrigated Crop,902000.0,1243000.0,1277000.0,8997000.0,804000.0,2.35,55.7,0.0997,2,2,350,0.658,0.26,Rehabilitation Scheme (Sec 16),0,normal
BS-PARCEL-01500,Gujarat,Vadodara,4.03,Non-Agricultural,Irrigated Crop,3413000.0,4568000.0,4391000.0,40633000.0,3506000.0,2.94,45.2,0.0785,4,2,62,0.876,0.672,SIA Survey (Sec 4),0,normal
BS-PARCEL-01501,Uttar Pradesh,Prayagraj,12.94,Agricultural,Dry Crop,1496000.0,1885000.0,1888000.0,65498000.0,1532000.0,0.42,65.8,0.0928,25,1,99,0.829,0.432,Compensation Disbursement,0,normal
BS-PARCEL-01502,Karnataka,Tumakuru,4.75,Agricultural,Irrigated Crop,942000.0,1126000.0,1184000.0,18937000.0,985000.0,0.57,68.3,0.0823,12,1,228,0.631,0.613,Rehabilitation Scheme (Sec 16),1,moderate_anomaly
BS-PARCEL-01503,Odisha,Cuttack,6.15,Industrial,Infrastructure Corridor,5401000.0,5677000.0,5516000.0,75437000.0,6115000.0,1.98,62.8,0.0551,6,0,174,0.801,0.88,Possession Handover,0,normal
BS-PARCEL-01504,Odisha,Cuttack,8.97,Agricultural,Dry Crop,1376000.0,1583000.0,1624000.0,31901000.0,1373000.0,1.2,74.9,0.0329,20,2,28,0.861,0.842,Declaration (Sec 19),0,normal
BS-PARCEL-01505,Maharashtra,Thane,1.23,Agricultural,Dry Crop,1005000.0,1438000.0,1517000.0,3781000.0,878000.0,0.97,54.5,0.0764,4,6,376,0.486,0.518,Declaration (Sec 19),0,normal
BS-PARCEL-01506,Madhya Pradesh,Indore,6.31,Agricultural,Irrigated Crop,1298000.0,1506000.0,1481000.0,20808000.0,1290000.0,0.1,64.2,0.1322,9,4,92,0.954,0.657,Rehabilitation Scheme (Sec 16),0,normal
BS-PARCEL-01507,Madhya Pradesh,Jabalpur,2.58,Commercial,Dry Crop,5823000.0,7865000.0,7759000.0,34536000.0,6326000.0,0.28,46.9,0.121,1,2,152,0.888,0.748,Rehabilitation Scheme (Sec 16),1,moderate_anomaly
BS-PARCEL-01508,Maharashtra,Nashik,0.39,Agricultural,Infrastructure Corridor,912000.0,1143000.0,1136000.0,1033000.0,873000.0,1.06,70.1,0.0662,2,5,228,0.631,0.518,Compensation Disbursement,0,normal
BS-PARCEL-01509,Maharashtra,Thane,0.54,Agricultural,Dry Crop,1524000.0,1788000.0,1854000.0,2633000.0,1308000.0,3.6,66.4,0.0654,1,3,417,0.908,0.298,Enquiry & Award (Sec 23),0,normal
BS-PARCEL-01510,Maharashtra,Aurangabad,1.4,Barren,Irrigated Crop,679000.0,982000.0,975000.0,3518000.0,639000.0,4.08,43.4,0.0624,3,4,134,0.753,0.773,Enquiry & Award (Sec 23),0,normal
BS-PARCEL-01511,Odisha,Sambalpur,5.22,Non-Agricultural,Irrigated Crop,3413000.0,3648000.0,3642000.0,54530000.0,3600000.0,1.0,62.2,0.0624,10,16,749,0.782,0.841,Rehabilitation Scheme (Sec 16),1,moderate_anomaly
BS-PARCEL-01512,Tamil Nadu,Salem,3.66,Commercial,Infrastructure Corridor,7694000.0,9870000.0,9541000.0,32767000.0,6738000.0,1.54,64.3,0.0915,11,39,234,0.776,0.916,SIA Survey (Sec 4),1,strong_anomaly
BS-PARCEL-01513,Tamil Nadu,Kanchipuram,3.88,Commercial,Infrastructure Corridor,8750000.0,10803000.0,11436000.0,93315000.0,8424000.0,1.73,70.1,0.1223,11,4,409,0.875,0.602,Preliminary Notification (Sec 11),0,normal
BS-PARCEL-01514,Tamil Nadu,Salem,17.43,Non-Agricultural,Irrigated Crop,2836000.0,3065000.0,3209000.0,112617000.0,2524000.0,0.54,70.7,0.1705,25,2,194,0.865,0.511,Enquiry & Award (Sec 23),0,normal
BS-PARCEL-01515,Odisha,Sambalpur,1.13,Agricultural,Dry Crop,1208000.0,1372000.0,1389000.0,8163000.0,1199000.0,0.17,52.0,0.0468,1,54,783,0.313,0.262,Rehabilitation Scheme (Sec 16),1,strong_anomaly
BS-PARCEL-01516,Uttar Pradesh,Agra,3.24,Agricultural,Irrigated Crop,1103000.0,1464000.0,1545000.0,11280000.0,984000.0,0.67,78.7,0.106,4,2,223,0.814,0.707,Declaration (Sec 19),0,normal
BS-PARCEL-01517,Odisha,Jharsuguda,4.3,Non-Agricultural,Dry Crop,3150000.0,3444000.0,3521000.0,69586000.0,2781000.0,0.48,74.4,0.1017,8,2,10,0.841,0.798,Declaration (Sec 19),1,moderate_anomaly
BS-PARCEL-01518,Uttar Pradesh,Lucknow,1.78,Non-Agricultural,Irrigated Crop,2917000.0,3997000.0,4217000.0,17487000.0,3090000.0,1.48,52.0,0.0668,5,2,112,0.822,0.541,Rehabilitation Scheme (Sec 16),0,normal
BS-PARCEL-01519,Madhya Pradesh,Jabalpur,3.4,Barren,Residential Zone,772000.0,1004000.0,963000.0,7679000.0,693000.0,1.73,44.4,0.039,5,1,10,0.796,0.68,Enquiry & Award (Sec 23),0,normal
BS-PARCEL-01520,Karnataka,Tumakuru,0.85,Non-Agricultural,Infrastructure Corridor,2699000.0,2943000.0,2846000.0,5044000.0,2419000.0,0.88,53.3,0.091,1,2,140,0.786,0.658,Declaration (Sec 19),0,normal
BS-PARCEL-01521,Gujarat,Surat,11.01,Agricultural,Irrigated Crop,994000.0,1158000.0,1212000.0,27334000.0,1022000.0,1.44,38.5,0.1648,14,5,123,0.778,0.711,Possession Handover,0,normal
BS-PARCEL-01522,Maharashtra,Nagpur,1.86,Agricultural,Dry Crop,1521000.0,1681000.0,1665000.0,7202000.0,1313000.0,0.91,68.7,0.0908,2,1,10,0.949,0.647,Preliminary Notification (Sec 11),0,normal
BS-PARCEL-01523,Maharashtra,Pune,18.67,Non-Agricultural,Irrigated Crop,3491000.0,4779000.0,4705000.0,210889000.0,3002000.0,0.81,86.3,0.0485,41,5,199,0.673,0.557,Declaration (Sec 19),0,normal
BS-PARCEL-01524,Tamil Nadu,Kanchipuram,3.23,Agricultural,Irrigated Crop,1153000.0,1456000.0,1500000.0,10396000.0,1129000.0,0.71,90.6,0.0737,4,2,247,0.81,0.677,Preliminary Notification (Sec 11),0,normal
BS-PARCEL-01525,Gujarat,Surat,7.96,Commercial,Irrigated Crop,7567000.0,7954000.0,8078000.0,436017000.0,7261000.0,5.37,45.4,0.0344,16,46,893,0.403,0.117,Compensation Disbursement,1,strong_anomaly
BS-PARCEL-01526,Gujarat,Vadodara,3.17,Non-Agricultural,Irrigated Crop,2927000.0,3709000.0,3640000.0,24436000.0,2966000.0,0.45,79.2,0.0807,5,0,11,0.61,0.795,Declaration (Sec 19),0,normal
BS-PARCEL-01527,Odisha,Khordha,3.23,Agricultural,Infrastructure Corridor,1448000.0,1800000.0,1778000.0,13249000.0,1662000.0,0.94,66.5,0.1073,1,8,319,0.809,0.671,Rehabilitation Scheme (Sec 16),0,normal
BS-PARCEL-01528,Maharashtra,Thane,2.02,Non-Agricultural,Irrigated Crop,2755000.0,3601000.0,3561000.0,16097000.0,2701000.0,1.91,21.9,0.0523,5,1,388,0.726,0.777,Compensation Disbursement,0,normal
BS-PARCEL-01529,Odisha,Khordha,3.67,Non-Agricultural,Residential Zone,3000000.0,3192000.0,3049000.0,26501000.0,3068000.0,0.1,59.0,-0.05,3,1,224,0.523,0.556,Declaration (Sec 19),0,normal
BS-PARCEL-01530,Odisha,Cuttack,4.35,Industrial,Irrigated Crop,3767000.0,4009000.0,3879000.0,40623000.0,4241000.0,0.65,57.0,0.0911,7,0,141,0.638,0.597,SIA Survey (Sec 4),0,normal
BS-PARCEL-01531,Karnataka,Tumakuru,1.7,Agricultural,Dry Crop,1026000.0,1221000.0,1226000.0,5187000.0,1021000.0,0.1,86.8,0.0599,4,2,142,0.675,0.604,Declaration (Sec 19),0,normal
BS-PARCEL-01532,Maharashtra,Pune,2.99,Non-Agricultural,Dry Crop,3413000.0,4524000.0,4677000.0,26662000.0,3701000.0,0.1,49.3,0.05,6,2,227,0.819,0.751,Preliminary Notification (Sec 11),0,normal
BS-PARCEL-01533,Maharashtra,Nashik,1.98,Agricultural,Infrastructure Corridor,1175000.0,1547000.0,1532000.0,7749000.0,1192000.0,0.37,75.1,0.0496,3,3,189,0.692,0.635,Compensation Disbursement,0,normal
BS-PARCEL-01534,Maharashtra,Nagpur,23.45,Agricultural,Irrigated Crop,925000.0,1074000.0,1059000.0,53938000.0,963000.0,0.95,63.1,0.096,37,3,227,0.873,0.516,Enquiry & Award (Sec 23),0,normal
BS-PARCEL-01535,Karnataka,Bengaluru Rural,3.08,Agricultural,Irrigated Crop,1021000.0,1160000.0,1181000.0,7997000.0,1153000.0,2.48,39.0,0.0637,5,1,229,0.938,0.408,Enquiry & Award (Sec 23),0,normal
BS-PARCEL-01536,Maharashtra,Aurangabad,12.35,Industrial,Commercial Hub,4785000.0,6332000.0,6072000.0,208368000.0,4068000.0,0.86,55.1,0.1172,17,2,98,0.695,0.582,Compensation Disbursement,0,normal
BS-PARCEL-01537,Madhya Pradesh,Gwalior,2.81,Industrial,Commercial Hub,5668000.0,6013000.0,5927000.0,41882000.0,6350000.0,0.68,92.6,0.1181,8,2,89,0.929,0.465,Enquiry & Award (Sec 23),0,normal
BS-PARCEL-01538,Uttar Pradesh,Varanasi,4.14,Agricultural,Dry Crop,1162000.0,1479000.0,1427000.0,13967000.0,1161000.0,1.69,61.9,0.0692,2,3,149,0.822,0.645,Rehabilitation Scheme (Sec 16),0,normal
BS-PARCEL-01539,Madhya Pradesh,Indore,1.08,Non-Agricultural,Irrigated Crop,3352000.0,4088000.0,4162000.0,9953000.0,3459000.0,4.38,81.3,0.0592,1,2,231,0.648,0.579,Preliminary Notification (Sec 11),0,normal
BS-PARCEL-01540,Uttar Pradesh,Varanasi,2.27,Agricultural,Irrigated Crop,1518000.0,1739000.0,1658000.0,9875000.0,1495000.0,0.36,80.3,0.0851,3,2,10,0.775,0.496,Rehabilitation Scheme (Sec 16),0,normal
BS-PARCEL-01541,Karnataka,Mysuru,3.97,Non-Agricultural,Residential Zone,2673000.0,3363000.0,3342000.0,28897000.0,2481000.0,1.17,56.9,0.0742,5,4,154,0.86,0.547,Possession Handover,0,normal
BS-PARCEL-01542,Uttar Pradesh,Lucknow,12.78,Agricultural,Dry Crop,1476000.0,1678000.0,1697000.0,53808000.0,1284000.0,0.1,41.9,0.0099,21,2,176,0.922,0.602,Possession Handover,0,normal
BS-PARCEL-01543,Maharashtra,Pune,4.01,Non-Agricultural,Dry Crop,2313000.0,2951000.0,3069000.0,27634000.0,2622000.0,3.41,44.3,0.1566,6,1,126,0.943,0.445,Enquiry & Award (Sec 23),0,normal
BS-PARCEL-01544,Maharashtra,Nashik,10.76,Agricultural,Irrigated Crop,1199000.0,1330000.0,1366000.0,33570000.0,1244000.0,1.11,91.1,0.1086,21,1,334,0.896,0.493,SIA Survey (Sec 4),0,normal
BS-PARCEL-01545,Tamil Nadu,Kanchipuram,5.72,Non-Agricultural,Irrigated Crop,2264000.0,2745000.0,2891000.0,34754000.0,2518000.0,0.29,67.7,0.0615,11,3,315,0.925,0.566,SIA Survey (Sec 4),0,normal
BS-PARCEL-01546,Uttar Pradesh,Gorakhpur,13.24,Agricultural,Infrastructure Corridor,938000.0,1176000.0,1201000.0,37962000.0,879000.0,0.73,33.8,0.0033,32,1,225,0.795,0.742,Compensation Disbursement,0,normal
BS-PARCEL-01547,Madhya Pradesh,Jabalpur,3.16,Non-Agricultural,Commercial Hub,2208000.0,2346000.0,2304000.0,14931000.0,2061000.0,1.08,80.0,0.0728,4,1,374,0.963,0.738,Preliminary Notification (Sec 11),0,normal
BS-PARCEL-01548,Karnataka,Belagavi,25.32,Non-Agricultural,Irrigated Crop,2276000.0,2946000.0,2851000.0,169163000.0,2164000.0,0.61,32.8,0.0565,41,2,276,0.718,0.364,Declaration (Sec 19),0,normal
BS-PARCEL-01549,Madhya Pradesh,Bhopal,2.2,Agricultural,Infrastructure Corridor,1502000.0,2028000.0,1920000.0,10274000.0,1381000.0,1.72,50.1,0.0776,1,4,194,0.872,0.511,Rehabilitation Scheme (Sec 16),0,normal
BS-PARCEL-01550,Karnataka,Tumakuru,1.73,Agricultural,Dry Crop,1291000.0,1849000.0,1800000.0,21016000.0,1290000.0,2.24,66.5,-0.0066,2,54,979,0.378,0.198,Rehabilitation Scheme (Sec 16),1,strong_anomaly
BS-PARCEL-01551,Tamil Nadu,Madurai,1.19,Commercial,Irrigated Crop,8570000.0,9695000.0,9273000.0,27141000.0,9692000.0,0.1,99.0,0.0611,1,4,136,0.812,0.602,Enquiry & Award (Sec 23),0,normal
BS-PARCEL-01552,Gujarat,Ahmedabad,24.08,Non-Agricultural,Irrigated Crop,3004000.0,3405000.0,3352000.0,182125000.0,3343000.0,0.84,79.7,0.0635,34,0,221,0.742,0.598,Possession Handover,0,normal
BS-PARCEL-01553,Tamil Nadu,Madurai,6.66,Agricultural,Commercial Hub,1353000.0,1586000.0,1625000.0,27010000.0,1351000.0,2.21,56.3,0.0723,8,2,139,0.858,0.758,Enquiry & Award (Sec 23),0,normal
BS-PARCEL-01554,Gujarat,Surat,2.5,Agricultural,Irrigated Crop,1033000.0,1453000.0,1486000.0,8428000.0,986000.0,2.05,65.5,0.0706,2,0,13,0.855,0.535,Declaration (Sec 19),0,normal
BS-PARCEL-01555,Odisha,Cuttack,9.6,Agricultural,Dry Crop,1289000.0,1563000.0,1529000.0,38706000.0,1332000.0,1.55,81.6,0.0821,19,3,138,0.924,0.727,Rehabilitation Scheme (Sec 16),0,normal
BS-PARCEL-01556,Madhya Pradesh,Indore,5.96,Non-Agricultural,Commercial Hub,2747000.0,3216000.0,3219000.0,48873000.0,2840000.0,2.74,90.6,0.1408,14,2,293,0.838,0.448,Possession Handover,0,normal
BS-PARCEL-01557,Tamil Nadu,Madurai,17.66,Non-Agricultural,Irrigated Crop,3665000.0,4935000.0,4767000.0,193219000.0,3867000.0,0.69,60.5,0.0594,31,1,10,0.799,0.52,Declaration (Sec 19),0,normal
BS-PARCEL-01558,Odisha,Khordha,0.89,Agricultural,Infrastructure Corridor,1572000.0,1674000.0,1675000.0,3443000.0,1589000.0,3.57,61.1,0.0436,2,3,334,0.791,0.862,Declaration (Sec 19),0,normal
BS-PARCEL-01559,Tamil Nadu,Coimbatore,2.65,Non-Agricultural,Irrigated Crop,2433000.0,3089000.0,3093000.0,6042000.0,2088000.0,0.12,50.1,0.0109,5,45,243,0.77,0.64,Enquiry & Award (Sec 23),1,strong_anomaly
BS-PARCEL-01560,Tamil Nadu,Coimbatore,2.24,Non-Agricultural,Dry Crop,3142000.0,3865000.0,3773000.0,17517000.0,2742000.0,0.41,77.0,0.0596,5,3,154,0.957,0.568,SIA Survey (Sec 4),0,normal
BS-PARCEL-01561,Madhya Pradesh,Bhopal,0.62,Commercial,Dry Crop,7364000.0,9573000.0,9297000.0,14473000.0,8411000.0,0.1,83.5,0.0239,0,4,211,0.858,0.491,Preliminary Notification (Sec 11),0,normal
BS-PARCEL-01562,Uttar Pradesh,Lucknow,8.18,Agricultural,Dry Crop,1305000.0,1752000.0,1853000.0,32538000.0,1401000.0,1.25,30.1,0.1184,17,4,285,0.851,0.712,Compensation Disbursement,0,normal
BS-PARCEL-01563,Madhya Pradesh,Indore,2.64,Agricultural,Dry Crop,990000.0,1168000.0,1173000.0,7189000.0,1123000.0,2.17,57.9,0.0762,7,1,183,0.883,0.669,Declaration (Sec 19),0,normal
BS-PARCEL-01564,Maharashtra,Nagpur,6.23,Agricultural,Dry Crop,1371000.0,1789000.0,1802000.0,24716000.0,1305000.0,0.85,43.2,0.1176,8,1,284,0.597,0.405,SIA Survey (Sec 4),0,normal
BS-PARCEL-01565,Odisha,Jharsuguda,24.68,Agricultural,Infrastructure Corridor,1475000.0,1858000.0,1748000.0,107943000.0,1490000.0,0.51,67.7,0.1386,45,4,273,0.728,0.493,SIA Survey (Sec 4),0,normal
BS-PARCEL-01566,Maharashtra,Nashik,2.46,Agricultural,Residential Zone,1149000.0,1268000.0,1220000.0,7567000.0,1088000.0,0.46,42.7,0.0454,3,2,199,0.577,0.478,Possession Handover,0,normal
BS-PARCEL-01567,Maharashtra,Aurangabad,2.32,Agricultural,Residential Zone,1270000.0,1781000.0,1750000.0,9706000.0,1426000.0,1.69,41.2,0.0661,4,5,57,0.767,0.622,Declaration (Sec 19),0,normal
BS-PARCEL-01568,Maharashtra,Thane,3.67,Agricultural,Irrigated Crop,984000.0,1330000.0,1404000.0,11337000.0,921000.0,0.96,85.2,0.1333,8,3,169,0.854,0.547,Declaration (Sec 19),0,normal
BS-PARCEL-01569,Karnataka,Bengaluru Rural,7.68,Non-Agricultural,Dry Crop,3664000.0,5198000.0,4995000.0,83366000.0,3877000.0,5.67,62.0,0.0876,19,0,10,0.713,0.774,Preliminary Notification (Sec 11),0,normal
BS-PARCEL-01570,Madhya Pradesh,Bhopal,2.05,Agricultural,Dry Crop,979000.0,1310000.0,1279000.0,3603000.0,884000.0,1.55,63.9,0.1009,5,1,229,0.758,0.492,Possession Handover,1,moderate_anomaly
BS-PARCEL-01571,Odisha,Sambalpur,1.94,Non-Agricultural,Irrigated Crop,2450000.0,2812000.0,2977000.0,16140000.0,2160000.0,1.93,72.8,0.1213,3,13,730,0.942,0.543,Compensation Disbursement,1,moderate_anomaly
BS-PARCEL-01572,Gujarat,Surat,8.15,Agricultural,Commercial Hub,1115000.0,1363000.0,1360000.0,21658000.0,1000000.0,0.1,82.5,0.1159,18,3,112,0.456,0.484,Declaration (Sec 19),0,normal
BS-PARCEL-01573,Maharashtra,Pune,4.58,Non-Agricultural,Irrigated Crop,3487000.0,4201000.0,4109000.0,50828000.0,3518000.0,6.44,57.5,0.0964,7,17,632,0.501,0.604,Rehabilitation Scheme (Sec 16),1,moderate_anomaly
BS-PARCEL-01574,Uttar Pradesh,Prayagraj,0.58,Agricultural,Irrigated Crop,1404000.0,1494000.0,1518000.0,732000.0,1549000.0,0.72,57.9,0.1359,1,48,40,0.877,0.624,Enquiry & Award (Sec 23),1,strong_anomaly
BS-PARCEL-01575,Uttar Pradesh,Agra,1.17,Commercial,Irrigated Crop,4902000.0,5952000.0,5949000.0,14237000.0,5636000.0,7.2,57.9,0.0773,3,7,192,0.759,0.596,Compensation Disbursement,0,normal
BS-PARCEL-01576,Gujarat,Vadodara,11.89,Commercial,Irrigated Crop,5591000.0,6643000.0,7008000.0,204000000.0,5797000.0,0.73,84.5,0.1008,15,5,142,0.748,0.635,Enquiry & Award (Sec 23),0,normal
BS-PARCEL-01577,Odisha,Khordha,4.67,Agricultural,Irrigated Crop,1440000.0,1514000.0,1438000.0,18933000.0,1455000.0,2.94,63.8,0.0729,13,4,160,0.871,0.312,Possession Handover,0,normal
BS-PARCEL-01578,Madhya Pradesh,Gwalior,1.74,Non-Agricultural,Dry Crop,2778000.0,3858000.0,3993000.0,8006000.0,3017000.0,0.1,59.8,0.1208,3,4,211,0.824,0.777,Declaration (Sec 19),1,moderate_anomaly
BS-PARCEL-01579,Odisha,Khordha,2.87,Agricultural,Dry Crop,919000.0,1018000.0,991000.0,6736000.0,799000.0,0.87,72.0,0.052,1,1,380,0.92,0.923,Rehabilitation Scheme (Sec 16),0,normal
BS-PARCEL-01580,Uttar Pradesh,Agra,3.36,Non-Agricultural,Irrigated Crop,3719000.0,4650000.0,4821000.0,34753000.0,4064000.0,0.55,98.0,0.0127,3,1,223,0.846,0.716,Declaration (Sec 19),0,normal
BS-PARCEL-01581,Uttar Pradesh,Agra,6.21,Agricultural,Irrigated Crop,1009000.0,1376000.0,1433000.0,16966000.0,1087000.0,0.45,66.3,0.1062,11,0,329,0.911,0.374,Compensation Disbursement,0,normal
BS-PARCEL-01582,Tamil Nadu,Madurai,1.05,Agricultural,Residential Zone,1268000.0,1638000.0,1707000.0,2729000.0,1279000.0,0.65,60.1,0.0392,2,1,333,0.717,0.925,SIA Survey (Sec 4),1,moderate_anomaly
BS-PARCEL-01583,Uttar Pradesh,Lucknow,1.62,Agricultural,Irrigated Crop,1079000.0,1206000.0,1259000.0,8431000.0,925000.0,0.64,99.0,0.0352,2,6,264,0.623,0.569,SIA Survey (Sec 4),1,moderate_anomaly
BS-PARCEL-01584,Uttar Pradesh,Lucknow,4.19,Industrial,Dry Crop,5724000.0,7426000.0,7620000.0,77995000.0,5213000.0,1.46,88.9,0.1306,7,17,638,0.82,0.934,Enquiry & Award (Sec 23),1,moderate_anomaly
BS-PARCEL-01585,Gujarat,Surat,3.05,Agricultural,Dry Crop,1459000.0,1974000.0,1889000.0,12514000.0,1402000.0,0.41,86.3,0.1187,4,3,153,0.764,0.684,Rehabilitation Scheme (Sec 16),0,normal
BS-PARCEL-01586,Odisha,Sambalpur,5.4,Non-Agricultural,Dry Crop,2767000.0,3851000.0,3644000.0,43646000.0,3133000.0,0.84,56.0,0.0663,10,2,60,0.877,0.506,Compensation Disbursement,0,normal
BS-PARCEL-01587,Karnataka,Bengaluru Rural,1.17,Agricultural,Residential Zone,1374000.0,1618000.0,1587000.0,2182000.0,1431000.0,0.35,54.2,-0.0418,3,3,495,0.769,0.742,Preliminary Notification (Sec 11),1,moderate_anomaly
BS-PARCEL-01588,Uttar Pradesh,Varanasi,4.5,Agricultural,Dry Crop,1555000.0,1654000.0,1653000.0,33325000.0,1560000.0,0.53,32.0,0.1013,12,2,69,0.797,0.591,Rehabilitation Scheme (Sec 16),1,moderate_anomaly
BS-PARCEL-01589,Tamil Nadu,Kanchipuram,8.4,Agricultural,Infrastructure Corridor,1487000.0,1923000.0,1877000.0,38370000.0,1482000.0,2.61,82.4,0.1065,13,1,15,0.959,0.868,SIA Survey (Sec 4),0,normal
BS-PARCEL-01590,Tamil Nadu,Coimbatore,5.02,Industrial,Residential Zone,4795000.0,5468000.0,5627000.0,71933000.0,5198000.0,0.1,66.4,0.1007,10,2,10,0.866,0.746,Enquiry & Award (Sec 23),0,normal
BS-PARCEL-01591,Tamil Nadu,Coimbatore,3.74,Commercial,Irrigated Crop,6597000.0,8987000.0,9227000.0,145023000.0,6248000.0,4.33,32.6,0.0988,8,1,66,0.834,0.794,Enquiry & Award (Sec 23),1,moderate_anomaly
BS-PARCEL-01592,Odisha,Sambalpur,3.06,Agricultural,Irrigated Crop,1539000.0,2034000.0,2149000.0,13686000.0,1352000.0,0.72,86.6,0.0727,6,3,193,0.885,0.68,Declaration (Sec 19),0,normal
BS-PARCEL-01593,Maharashtra,Thane,1.63,Non-Agricultural,Irrigated Crop,2158000.0,2933000.0,2898000.0,10289000.0,2273000.0,0.83,58.9,0.0636,3,1,299,0.895,0.852,Declaration (Sec 19),0,normal
BS-PARCEL-01594,Odisha,Khordha,3.12,Agricultural,Irrigated Crop,916000.0,1316000.0,1361000.0,8495000.0,869000.0,4.64,61.1,0.0358,6,2,62,0.84,0.929,Preliminary Notification (Sec 11),0,normal
BS-PARCEL-01595,Gujarat,Bharuch,9.69,Agricultural,Dry Crop,1048000.0,1345000.0,1384000.0,17288000.0,993000.0,1.16,37.8,0.0521,16,2,308,0.967,0.787,Enquiry & Award (Sec 23),1,moderate_anomaly
BS-PARCEL-01596,Tamil Nadu,Madurai,3.0,Agricultural,Irrigated Crop,1496000.0,2112000.0,2236000.0,15294000.0,1476000.0,4.83,73.9,0.0929,2,2,172,0.988,0.481,Possession Handover,0,normal
BS-PARCEL-01597,Karnataka,Bengaluru Rural,1.56,Agricultural,Irrigated Crop,1010000.0,1320000.0,1363000.0,5554000.0,932000.0,0.99,74.0,0.0935,1,4,126,0.807,0.587,Enquiry & Award (Sec 23),0,normal
BS-PARCEL-01598,Tamil Nadu,Coimbatore,2.18,Agricultural,Irrigated Crop,1105000.0,1241000.0,1209000.0,11734000.0,1245000.0,0.1,64.1,0.1116,3,1,199,0.981,0.848,SIA Survey (Sec 4),1,moderate_anomaly
BS-PARCEL-01599,Karnataka,Bengaluru Rural,3.94,Non-Agricultural,Dry Crop,3157000.0,4324000.0,4072000.0,35867000.0,3486000.0,0.78,57.5,0.0237,7,3,335,0.696,0.441,Declaration (Sec 19),0,normal
BS-PARCEL-01600,Karnataka,Mysuru,2.42,Agricultural,Dry Crop,1033000.0,1371000.0,1448000.0,8206000.0,1185000.0,1.11,99.0,0.0136,5,0,185,0.72,0.247,SIA Survey (Sec 4),0,normal
BS-PARCEL-01601,Karnataka,Mysuru,5.02,Industrial,Infrastructure Corridor,4473000.0,6446000.0,6613000.0,74704000.0,5096000.0,4.09,43.3,0.0648,17,1,58,0.848,0.568,Preliminary Notification (Sec 11),0,normal
BS-PARCEL-01602,Tamil Nadu,Kanchipuram,5.18,Non-Agricultural,Irrigated Crop,2884000.0,3309000.0,3433000.0,40820000.0,2723000.0,2.94,52.0,0.0392,14,5,226,0.914,0.725,SIA Survey (Sec 4),0,normal
BS-PARCEL-01603,Tamil Nadu,Kanchipuram,7.07,Commercial,Irrigated Crop,5765000.0,6821000.0,7061000.0,97507000.0,5558000.0,0.1,77.7,0.0874,14,2,224,0.955,0.488,Preliminary Notification (Sec 11),0,normal
BS-PARCEL-01604,Uttar Pradesh,Agra,11.13,Non-Agricultural,Infrastructure Corridor,3767000.0,5193000.0,5340000.0,135294000.0,3991000.0,1.16,46.7,0.0276,15,2,159,0.95,0.5,SIA Survey (Sec 4),0,normal
BS-PARCEL-01605,Tamil Nadu,Salem,7.74,Commercial,Dry Crop,5512000.0,5926000.0,6105000.0,514774000.0,4711000.0,3.51,45.4,0.1272,16,5,292,0.312,0.396,Enquiry & Award (Sec 23),1,strong_anomaly
BS-PARCEL-01606,Madhya Pradesh,Indore,1.5,Agricultural,Dry Crop,1512000.0,1971000.0,2073000.0,7166000.0,1736000.0,2.73,85.4,0.0471,2,4,10,0.961,0.811,SIA Survey (Sec 4),0,normal
BS-PARCEL-01607,Gujarat,Bharuch,1.54,Agricultural,Dry Crop,1238000.0,1565000.0,1643000.0,6194000.0,1056000.0,0.2,75.9,0.1437,2,1,219,0.914,0.51,Enquiry & Award (Sec 23),0,normal
BS-PARCEL-01608,Madhya Pradesh,Indore,3.11,Agricultural,Irrigated Crop,993000.0,1110000.0,1094000.0,8099000.0,1002000.0,2.07,73.7,0.101,3,2,266,0.644,0.46,Possession Handover,0,normal
BS-PARCEL-01609,Odisha,Cuttack,2.26,Industrial,Residential Zone,3941000.0,4398000.0,4150000.0,23018000.0,4140000.0,4.57,68.3,0.0378,5,3,20,0.857,0.628,Declaration (Sec 19),0,normal
BS-PARCEL-01610,Odisha,Khordha,1.26,Agricultural,Dry Crop,1260000.0,1731000.0,1635000.0,5081000.0,1417000.0,2.19,52.5,0.1638,0,1,16,0.772,0.808,Declaration (Sec 19),0,normal
BS-PARCEL-01611,Tamil Nadu,Salem,2.28,Non-Agricultural,Dry Crop,2694000.0,2845000.0,2827000.0,14642000.0,2810000.0,3.8,60.5,0.0906,4,5,289,0.688,0.888,Enquiry & Award (Sec 23),0,normal
BS-PARCEL-01612,Madhya Pradesh,Gwalior,2.22,Commercial,Dry Crop,5790000.0,7809000.0,8123000.0,42378000.0,5958000.0,2.91,63.6,0.0866,0,3,309,0.85,0.442,Preliminary Notification (Sec 11),0,normal
BS-PARCEL-01613,Tamil Nadu,Kanchipuram,1.88,Agricultural,Irrigated Crop,1590000.0,2135000.0,2224000.0,2586000.0,1495000.0,1.28,80.2,0.0774,1,35,329,0.824,0.504,Rehabilitation Scheme (Sec 16),1,strong_anomaly
BS-PARCEL-01614,Gujarat,Bharuch,2.54,Commercial,Irrigated Crop,6682000.0,8753000.0,8653000.0,56009000.0,6864000.0,0.82,72.7,0.0987,3,23,553,0.669,0.742,Declaration (Sec 19),1,moderate_anomaly
BS-PARCEL-01615,Karnataka,Mysuru,9.04,Agricultural,Commercial Hub,1569000.0,1904000.0,1859000.0,276683000.0,1687000.0,0.51,48.3,0.101,14,4,202,0.564,0.88,Compensation Disbursement,1,strong_anomaly
BS-PARCEL-01616,Karnataka,Mysuru,3.93,Agricultural,Dry Crop,1018000.0,1080000.0,1081000.0,4647000.0,1023000.0,0.3,79.2,0.0454,8,46,216,0.659,0.424,Compensation Disbursement,1,strong_anomaly
BS-PARCEL-01617,Maharashtra,Thane,27.14,Non-Agricultural,Irrigated Crop,2408000.0,3301000.0,3433000.0,211129000.0,2610000.0,0.39,34.8,0.0715,47,3,10,0.791,0.562,Compensation Disbursement,0,normal
BS-PARCEL-01618,Maharashtra,Thane,3.84,Agricultural,Irrigated Crop,1329000.0,1462000.0,1486000.0,12332000.0,1157000.0,2.99,59.2,0.0846,3,2,197,0.811,0.799,Enquiry & Award (Sec 23),0,normal
BS-PARCEL-01619,Uttar Pradesh,Varanasi,2.59,Agricultural,Infrastructure Corridor,1094000.0,1272000.0,1217000.0,7219000.0,1040000.0,0.71,44.4,0.1033,3,3,195,0.898,0.591,Declaration (Sec 19),0,normal
BS-PARCEL-01620,Uttar Pradesh,Gorakhpur,3.33,Agricultural,Irrigated Crop,1033000.0,1476000.0,1452000.0,9745000.0,1175000.0,2.62,49.6,0.104,5,2,261,0.885,0.595,Compensation Disbursement,0,normal
BS-PARCEL-01621,Madhya Pradesh,Jabalpur,4.13,Agricultural,Dry Crop,968000.0,1133000.0,1141000.0,10600000.0,917000.0,2.61,99.0,0.0866,8,4,117,0.622,0.642,Compensation Disbursement,0,normal
BS-PARCEL-01622,Madhya Pradesh,Gwalior,4.81,Commercial,Dry Crop,5172000.0,5958000.0,5985000.0,62007000.0,5361000.0,1.3,38.5,0.058,9,1,317,0.844,0.665,Declaration (Sec 19),0,normal
BS-PARCEL-01623,Maharashtra,Nashik,19.4,Industrial,Residential Zone,5769000.0,8304000.0,8633000.0,170528000.0,5803000.0,3.39,50.3,0.0559,33,40,188,0.935,0.866,Possession Handover,1,strong_anomaly
BS-PARCEL-01624,Gujarat,Vadodara,1.62,Agricultural,Dry Crop,1103000.0,1196000.0,1258000.0,8788000.0,1247000.0,0.99,74.2,0.0323,1,5,368,0.878,0.848,Compensation Disbursement,1,moderate_anomaly
BS-PARCEL-01625,Karnataka,Mysuru,6.89,Agricultural,Residential Zone,1604000.0,1787000.0,1701000.0,66064000.0,1442000.0,2.41,56.5,0.1037,9,6,262,0.828,0.659,Declaration (Sec 19),1,moderate_anomaly
BS-PARCEL-01626,Maharashtra,Aurangabad,3.96,Agricultural,Irrigated Crop,1032000.0,1265000.0,1223000.0,13298000.0,970000.0,4.57,67.8,0.0554,5,2,210,0.967,0.959,Preliminary Notification (Sec 11),0,normal
BS-PARCEL-01627,Gujarat,Bharuch,0.87,Commercial,Infrastructure Corridor,6257000.0,8541000.0,8430000.0,17388000.0,6937000.0,1.49,90.7,0.0723,1,1,49,0.831,0.538,SIA Survey (Sec 4),0,normal
BS-PARCEL-01628,Gujarat,Bharuch,6.39,Non-Agricultural,Infrastructure Corridor,2730000.0,3832000.0,3738000.0,56624000.0,2866000.0,1.13,76.8,0.0895,14,1,34,0.875,0.731,Enquiry & Award (Sec 23),0,normal
BS-PARCEL-01629,Madhya Pradesh,Jabalpur,9.75,Agricultural,Dry Crop,1260000.0,1704000.0,1685000.0,48762000.0,1276000.0,5.78,56.6,0.0802,19,18,575,0.872,0.476,Preliminary Notification (Sec 11),1,moderate_anomaly
BS-PARCEL-01630,Gujarat,Bharuch,1.6,Agricultural,Dry Crop,1527000.0,2200000.0,2079000.0,7869000.0,1479000.0,4.74,62.6,0.0798,2,6,276,0.699,0.706,Declaration (Sec 19),0,normal
BS-PARCEL-01631,Tamil Nadu,Coimbatore,3.3,Industrial,Irrigated Crop,6004000.0,6345000.0,6015000.0,53549000.0,5844000.0,11.37,74.6,0.0438,4,1,148,0.919,0.763,Declaration (Sec 19),0,normal
BS-PARCEL-01632,Gujarat,Surat,0.77,Commercial,Dry Crop,4914000.0,6377000.0,6636000.0,11083000.0,5555000.0,1.13,76.4,0.0908,1,1,134,0.619,0.794,Compensation Disbursement,0,normal
BS-PARCEL-01633,Madhya Pradesh,Gwalior,1.14,Agricultural,Irrigated Crop,1195000.0,1310000.0,1248000.0,3423000.0,1256000.0,1.7,65.4,0.0675,3,2,204,0.804,0.793,Compensation Disbursement,0,normal
BS-PARCEL-01634,Gujarat,Ahmedabad,8.09,Commercial,Irrigated Crop,8104000.0,11460000.0,11906000.0,194335000.0,9147000.0,4.11,71.5,0.0765,10,8,32,0.755,0.736,Enquiry & Award (Sec 23),0,normal
BS-PARCEL-01635,Maharashtra,Thane,2.23,Agricultural,Infrastructure Corridor,900000.0,1282000.0,1252000.0,2203000.0,1027000.0,0.23,71.5,0.1263,8,37,128,0.779,0.543,Rehabilitation Scheme (Sec 16),1,strong_anomaly
BS-PARCEL-01636,Karnataka,Bengaluru Rural,1.29,Agricultural,Irrigated Crop,1284000.0,1504000.0,1470000.0,4371000.0,1302000.0,1.47,63.3,0.1002,1,1,247,0.925,0.58,Preliminary Notification (Sec 11),0,normal
BS-PARCEL-01637,Maharashtra,Nashik,4.04,Commercial,Dry Crop,5887000.0,8130000.0,7740000.0,87741000.0,6081000.0,2.07,54.1,0.0572,9,5,262,0.937,0.718,Enquiry & Award (Sec 23),0,normal
BS-PARCEL-01638,Gujarat,Surat,2.13,Agricultural,Irrigated Crop,1197000.0,1559000.0,1468000.0,8486000.0,1253000.0,1.61,78.4,0.074,2,2,139,0.754,0.813,SIA Survey (Sec 4),0,normal
BS-PARCEL-01639,Tamil Nadu,Coimbatore,2.23,Agricultural,Irrigated Crop,1203000.0,1312000.0,1289000.0,6715000.0,1325000.0,1.26,70.3,0.144,4,2,356,0.874,0.742,Declaration (Sec 19),0,normal
BS-PARCEL-01640,Odisha,Sambalpur,6.22,Industrial,Irrigated Crop,4728000.0,6104000.0,6350000.0,92901000.0,4954000.0,3.31,27.5,0.0677,8,0,294,0.791,0.686,Possession Handover,0,normal
BS-PARCEL-01641,Karnataka,Mysuru,1.24,Commercial,Irrigated Crop,8354000.0,12033000.0,12639000.0,32452000.0,7388000.0,0.33,50.1,0.0816,1,5,95,0.75,0.443,Declaration (Sec 19),0,normal
BS-PARCEL-01642,Odisha,Sambalpur,1.54,Agricultural,Dry Crop,1286000.0,1509000.0,1430000.0,6385000.0,1457000.0,0.59,56.3,0.1066,1,16,548,0.768,0.799,Declaration (Sec 19),1,moderate_anomaly
BS-PARCEL-01643,Tamil Nadu,Coimbatore,3.78,Non-Agricultural,Infrastructure Corridor,3618000.0,3801000.0,3587000.0,31687000.0,3793000.0,3.15,61.4,0.0886,3,2,245,0.681,0.849,Enquiry & Award (Sec 23),0,normal
BS-PARCEL-01644,Madhya Pradesh,Jabalpur,7.57,Commercial,Dry Crop,7709000.0,11106000.0,10651000.0,184953000.0,8565000.0,0.7,86.7,0.0651,15,2,130,0.504,0.516,Compensation Disbursement,0,normal
BS-PARCEL-01645,Tamil Nadu,Madurai,9.51,Non-Agricultural,Infrastructure Corridor,2690000.0,3270000.0,3374000.0,95982000.0,2629000.0,3.32,99.0,0.0503,12,23,512,0.865,0.779,Rehabilitation Scheme (Sec 16),1,moderate_anomaly
BS-PARCEL-01646,Gujarat,Vadodara,1.89,Barren,Dry Crop,680000.0,831000.0,802000.0,22425000.0,675000.0,0.1,20.7,0.0796,2,3,204,0.414,0.781,Declaration (Sec 19),1,strong_anomaly
BS-PARCEL-01647,Madhya Pradesh,Jabalpur,7.37,Non-Agricultural,Dry Crop,2755000.0,3678000.0,3559000.0,58754000.0,2911000.0,1.02,70.5,0.1063,15,3,259,0.951,0.655,SIA Survey (Sec 4),0,normal
BS-PARCEL-01648,Madhya Pradesh,Gwalior,1.7,Agricultural,Irrigated Crop,1497000.0,1934000.0,2024000.0,8628000.0,1621000.0,0.47,66.3,0.1328,2,3,267,0.92,0.719,Declaration (Sec 19),0,normal
BS-PARCEL-01649,Odisha,Cuttack,15.68,Agricultural,Irrigated Crop,1035000.0,1212000.0,1267000.0,38886000.0,904000.0,0.58,61.8,0.0214,27,3,186,0.685,0.376,SIA Survey (Sec 4),0,normal
BS-PARCEL-01650,Tamil Nadu,Kanchipuram,1.27,Commercial,Residential Zone,8527000.0,9294000.0,9484000.0,23200000.0,8290000.0,4.67,74.8,0.1505,2,0,10,0.807,0.7,Declaration (Sec 19),0,normal
BS-PARCEL-01651,Madhya Pradesh,Jabalpur,10.27,Barren,Dry Crop,714000.0,986000.0,946000.0,42792000.0,772000.0,0.74,67.7,0.0685,18,2,284,0.64,0.719,Enquiry & Award (Sec 23),1,moderate_anomaly
BS-PARCEL-01652,Karnataka,Bengaluru Rural,1.9,Agricultural,Dry Crop,1340000.0,1666000.0,1642000.0,2132000.0,1538000.0,0.17,58.5,0.117,4,21,91,0.884,0.771,Preliminary Notification (Sec 11),1,strong_anomaly
BS-PARCEL-01653,Maharashtra,Nagpur,18.38,Agricultural,Residential Zone,1272000.0,1678000.0,1625000.0,71445000.0,1086000.0,3.07,65.5,0.0505,31,4,213,0.951,0.153,Declaration (Sec 19),0,normal
BS-PARCEL-01654,Tamil Nadu,Madurai,5.49,Commercial,Irrigated Crop,7038000.0,9812000.0,10014000.0,131519000.0,6541000.0,3.78,75.0,0.0156,11,4,166,0.866,0.215,SIA Survey (Sec 4),0,normal
BS-PARCEL-01655,Madhya Pradesh,Bhopal,1.4,Agricultural,Commercial Hub,1381000.0,1460000.0,1509000.0,5039000.0,1366000.0,0.98,73.3,0.0275,2,1,426,0.95,0.635,SIA Survey (Sec 4),0,normal
BS-PARCEL-01656,Madhya Pradesh,Gwalior,2.13,Agricultural,Irrigated Crop,1372000.0,1912000.0,1830000.0,11041000.0,1258000.0,0.56,68.4,0.0668,2,4,406,0.9,0.595,Preliminary Notification (Sec 11),0,normal
BS-PARCEL-01657,Tamil Nadu,Madurai,6.45,Industrial,Infrastructure Corridor,4217000.0,5696000.0,5968000.0,51513000.0,3619000.0,0.1,54.5,0.101,9,1,129,0.858,0.691,SIA Survey (Sec 4),1,moderate_anomaly
BS-PARCEL-01658,Karnataka,Belagavi,8.12,Commercial,Irrigated Crop,7147000.0,10211000.0,10165000.0,204900000.0,7232000.0,2.96,99.0,0.0812,10,3,32,0.837,0.501,Possession Handover,0,normal
BS-PARCEL-01659,Uttar Pradesh,Prayagraj,3.13,Industrial,Irrigated Crop,4621000.0,5284000.0,5471000.0,42872000.0,4828000.0,2.17,71.5,0.07,5,1,40,0.677,0.754,Possession Handover,0,normal
BS-PARCEL-01660,Gujarat,Bharuch,3.45,Non-Agricultural,Dry Crop,3170000.0,3737000.0,3536000.0,7694000.0,3090000.0,1.53,78.7,0.1247,5,32,209,0.697,0.311,Enquiry & Award (Sec 23),1,strong_anomaly
BS-PARCEL-01661,Maharashtra,Nagpur,6.33,Agricultural,Irrigated Crop,1294000.0,1701000.0,1673000.0,24210000.0,1243000.0,1.45,55.9,0.0801,9,2,120,0.92,0.651,Declaration (Sec 19),0,normal
BS-PARCEL-01662,Tamil Nadu,Madurai,3.71,Industrial,Infrastructure Corridor,4117000.0,5847000.0,5507000.0,55737000.0,4717000.0,3.12,68.4,0.0912,2,4,57,0.818,0.488,Enquiry & Award (Sec 23),0,normal
BS-PARCEL-01663,Uttar Pradesh,Varanasi,1.11,Agricultural,Dry Crop,1429000.0,2068000.0,2122000.0,5995000.0,1419000.0,0.35,68.3,0.2044,0,0,122,0.807,0.58,Compensation Disbursement,0,normal
BS-PARCEL-01664,Maharashtra,Pune,1.66,Agricultural,Irrigated Crop,1229000.0,1495000.0,1420000.0,6695000.0,1339000.0,1.15,30.6,0.0797,0,2,229,0.891,0.292,Declaration (Sec 19),0,normal
BS-PARCEL-01665,Karnataka,Bengaluru Rural,4.05,Industrial,Irrigated Crop,5188000.0,6566000.0,6439000.0,58724000.0,4857000.0,2.38,52.1,0.0522,4,3,171,0.819,0.781,Preliminary Notification (Sec 11),0,normal
BS-PARCEL-01666,Karnataka,Mysuru,9.33,Non-Agricultural,Infrastructure Corridor,3230000.0,3612000.0,3734000.0,89100000.0,3550000.0,0.83,51.8,0.0992,11,0,126,0.69,0.871,Enquiry & Award (Sec 23),0,normal
BS-PARCEL-01667,Madhya Pradesh,Jabalpur,13.11,Industrial,Dry Crop,5480000.0,7275000.0,7492000.0,192655000.0,6012000.0,3.23,54.2,0.1094,24,3,140,0.691,0.727,Possession Handover,0,normal
BS-PARCEL-01668,Odisha,Sambalpur,6.44,Agricultural,Residential Zone,1439000.0,1993000.0,2027000.0,29111000.0,1339000.0,1.14,45.7,0.092,8,0,162,0.821,0.694,SIA Survey (Sec 4),0,normal
BS-PARCEL-01669,Odisha,Cuttack,4.24,Barren,Irrigated Crop,568000.0,778000.0,796000.0,7815000.0,595000.0,1.33,65.8,0.0863,10,3,204,0.679,0.845,Declaration (Sec 19),0,normal
BS-PARCEL-01670,Uttar Pradesh,Prayagraj,6.27,Non-Agricultural,Infrastructure Corridor,2285000.0,2715000.0,2764000.0,41438000.0,2410000.0,1.71,90.2,0.1393,7,3,210,0.727,0.503,Rehabilitation Scheme (Sec 16),0,normal
BS-PARCEL-01671,Odisha,Jharsuguda,1.88,Non-Agricultural,Dry Crop,3224000.0,4627000.0,4705000.0,32051000.0,3168000.0,3.47,67.3,0.1343,2,1,10,0.741,0.568,Rehabilitation Scheme (Sec 16),1,moderate_anomaly
BS-PARCEL-01672,Karnataka,Belagavi,2.91,Industrial,Dry Crop,4280000.0,4700000.0,4615000.0,13272000.0,4632000.0,0.12,43.7,0.0753,4,25,198,0.86,0.619,Enquiry & Award (Sec 23),1,strong_anomaly
BS-PARCEL-01673,Karnataka,Mysuru,1.65,Agricultural,Irrigated Crop,983000.0,1226000.0,1157000.0,8280000.0,926000.0,3.36,46.4,0.0543,2,44,928,0.406,0.071,Rehabilitation Scheme (Sec 16),1,strong_anomaly
BS-PARCEL-01674,Uttar Pradesh,Lucknow,1.15,Non-Agricultural,Irrigated Crop,2320000.0,2951000.0,2930000.0,8770000.0,2309000.0,0.1,58.2,0.0972,4,2,68,0.565,0.552,Possession Handover,0,normal
BS-PARCEL-01675,Karnataka,Belagavi,4.41,Non-Agricultural,Infrastructure Corridor,2626000.0,3321000.0,3140000.0,30581000.0,3012000.0,2.5,39.5,0.054,10,0,139,0.71,0.477,Enquiry & Award (Sec 23),0,normal
BS-PARCEL-01676,Tamil Nadu,Salem,3.89,Commercial,Infrastructure Corridor,8743000.0,11831000.0,11787000.0,239074000.0,7900000.0,0.13,70.5,0.1154,7,2,307,0.864,0.457,Preliminary Notification (Sec 11),1,moderate_anomaly
BS-PARCEL-01677,Karnataka,Tumakuru,5.96,Industrial,Irrigated Crop,4053000.0,5244000.0,5221000.0,76854000.0,3625000.0,4.13,89.4,0.097,8,3,268,0.936,0.804,Compensation Disbursement,0,normal
BS-PARCEL-01678,Uttar Pradesh,Lucknow,5.28,Non-Agricultural,Infrastructure Corridor,2602000.0,2812000.0,2704000.0,38200000.0,2323000.0,2.84,54.6,0.1868,9,1,190,0.915,0.275,Enquiry & Award (Sec 23),0,normal
BS-PARCEL-01679,Madhya Pradesh,Bhopal,4.08,Agricultural,Irrigated Crop,1563000.0,1754000.0,1814000.0,34259000.0,1797000.0,0.8,66.4,0.1389,8,4,81,0.657,0.713,Declaration (Sec 19),1,moderate_anomaly
BS-PARCEL-01680,Odisha,Khordha,5.33,Agricultural,Irrigated Crop,1594000.0,2013000.0,2062000.0,70859000.0,1431000.0,3.08,57.3,0.0369,4,43,1023,0.255,0.21,Declaration (Sec 19),1,strong_anomaly
BS-PARCEL-01681,Tamil Nadu,Kanchipuram,3.2,Barren,Irrigated Crop,577000.0,766000.0,771000.0,5880000.0,523000.0,0.81,53.7,0.0592,5,2,76,0.922,0.678,Compensation Disbursement,0,normal
BS-PARCEL-01682,Uttar Pradesh,Varanasi,4.72,Barren,Irrigated Crop,831000.0,1043000.0,1096000.0,3989000.0,880000.0,4.02,68.4,0.0034,8,30,181,0.625,0.721,Rehabilitation Scheme (Sec 16),1,strong_anomaly
BS-PARCEL-01683,Odisha,Jharsuguda,1.79,Barren,Irrigated Crop,542000.0,646000.0,630000.0,2734000.0,584000.0,4.58,53.1,-0.0055,3,3,183,0.886,0.319,SIA Survey (Sec 4),0,normal
BS-PARCEL-01684,Odisha,Khordha,4.55,Agricultural,Irrigated Crop,1448000.0,1550000.0,1506000.0,16570000.0,1460000.0,0.76,50.4,0.0846,9,0,108,0.488,0.497,Rehabilitation Scheme (Sec 16),0,normal
BS-PARCEL-01685,Maharashtra,Thane,5.86,Agricultural,Irrigated Crop,909000.0,1240000.0,1193000.0,16456000.0,1041000.0,0.65,35.9,0.0323,7,4,276,0.876,0.801,SIA Survey (Sec 4),0,normal
BS-PARCEL-01686,Tamil Nadu,Madurai,1.88,Commercial,Commercial Hub,6461000.0,8069000.0,8112000.0,93935000.0,5567000.0,1.45,66.2,0.1456,2,48,957,0.394,0.184,Enquiry & Award (Sec 23),1,strong_anomaly
BS-PARCEL-01687,Gujarat,Bharuch,3.47,Commercial,Residential Zone,5840000.0,7391000.0,7130000.0,65583000.0,6052000.0,0.18,84.2,0.1263,11,4,10,0.737,0.675,SIA Survey (Sec 4),0,normal
BS-PARCEL-01688,Karnataka,Mysuru,1.95,Agricultural,Dry Crop,1407000.0,1741000.0,1818000.0,7056000.0,1452000.0,4.96,77.7,0.0691,5,3,192,0.793,0.602,Declaration (Sec 19),0,normal
BS-PARCEL-01689,Madhya Pradesh,Bhopal,2.12,Non-Agricultural,Irrigated Crop,2127000.0,2459000.0,2401000.0,50904000.0,2013000.0,2.53,91.9,0.0669,2,2,263,0.389,0.406,Declaration (Sec 19),1,strong_anomaly
BS-PARCEL-01690,Tamil Nadu,Madurai,1.28,Agricultural,Commercial Hub,1235000.0,1433000.0,1431000.0,7946000.0,1383000.0,2.71,52.9,0.1394,2,1,202,0.85,0.517,Compensation Disbursement,1,moderate_anomaly
BS-PARCEL-01691,Odisha,Khordha,9.74,Agricultural,Irrigated Crop,1402000.0,1508000.0,1513000.0,37710000.0,1424000.0,2.33,80.3,0.1486,17,6,243,0.931,0.606,Declaration (Sec 19),0,normal
BS-PARCEL-01692,Tamil Nadu,Salem,8.21,Agricultural,Commercial Hub,934000.0,1245000.0,1216000.0,39553000.0,863000.0,0.1,45.2,0.0427,14,1,151,0.835,0.643,Possession Handover,1,moderate_anomaly
BS-PARCEL-01693,Odisha,Jharsuguda,5.24,Agricultural,Dry Crop,1546000.0,1791000.0,1842000.0,24184000.0,1355000.0,2.75,77.8,0.0376,8,1,172,0.721,0.765,Possession Handover,0,normal
BS-PARCEL-01694,Odisha,Khordha,17.75,Agricultural,Irrigated Crop,1160000.0,1357000.0,1388000.0,56291000.0,1023000.0,1.85,94.6,0.068,34,0,175,0.814,0.936,SIA Survey (Sec 4),0,normal
BS-PARCEL-01695,Uttar Pradesh,Prayagraj,2.83,Industrial,Irrigated Crop,4076000.0,5900000.0,6085000.0,38759000.0,4562000.0,4.87,74.0,0.0972,4,1,200,0.822,0.845,Enquiry & Award (Sec 23),0,normal
BS-PARCEL-01696,Maharashtra,Nagpur,43.68,Non-Agricultural,Residential Zone,2479000.0,2986000.0,3024000.0,282720000.0,2293000.0,1.86,94.9,0.0595,70,4,116,0.84,0.709,SIA Survey (Sec 4),0,normal
BS-PARCEL-01697,Tamil Nadu,Kanchipuram,2.74,Industrial,Infrastructure Corridor,4576000.0,5740000.0,5713000.0,36933000.0,5135000.0,0.53,54.2,0.0981,6,3,300,0.786,0.696,Compensation Disbursement,0,normal
BS-PARCEL-01698,Karnataka,Belagavi,4.12,Agricultural,Dry Crop,1043000.0,1256000.0,1248000.0,12716000.0,924000.0,2.75,62.6,0.158,3,2,336,0.83,0.685,Declaration (Sec 19),0,normal
BS-PARCEL-01699,Uttar Pradesh,Gorakhpur,2.37,Agricultural,Infrastructure Corridor,1268000.0,1479000.0,1517000.0,8448000.0,1452000.0,1.45,48.5,0.0238,1,4,121,0.65,0.322,SIA Survey (Sec 4),0,normal
BS-PARCEL-01700,Uttar Pradesh,Lucknow,4.56,Agricultural,Infrastructure Corridor,1356000.0,1427000.0,1406000.0,16615000.0,1492000.0,1.39,65.6,0.0622,8,3,51,0.966,0.826,SIA Survey (Sec 4),0,normal
BS-PARCEL-01701,Madhya Pradesh,Gwalior,6.75,Non-Agricultural,Irrigated Crop,2828000.0,3936000.0,3906000.0,120474000.0,2502000.0,0.51,69.9,0.0245,10,2,32,0.963,0.795,Rehabilitation Scheme (Sec 16),1,moderate_anomaly
BS-PARCEL-01702,Karnataka,Belagavi,3.01,Agricultural,Commercial Hub,1207000.0,1496000.0,1436000.0,9288000.0,1057000.0,4.55,65.5,0.0465,4,4,224,0.959,0.441,Compensation Disbursement,0,normal
BS-PARCEL-01703,Maharashtra,Thane,15.03,Non-Agricultural,Irrigated Crop,3413000.0,4566000.0,4664000.0,163137000.0,3724000.0,0.87,56.5,0.0682,31,2,244,0.861,0.752,Enquiry & Award (Sec 23),0,normal
BS-PARCEL-01704,Maharashtra,Nagpur,4.07,Commercial,Dry Crop,6049000.0,8671000.0,8231000.0,48567000.0,5283000.0,0.12,56.2,0.0509,9,0,225,0.609,0.45,Preliminary Notification (Sec 11),1,moderate_anomaly
BS-PARCEL-01705,Uttar Pradesh,Lucknow,4.18,Industrial,Irrigated Crop,5394000.0,5670000.0,6004000.0,50816000.0,5009000.0,0.41,71.2,0.1008,5,5,234,0.923,0.541,Rehabilitation Scheme (Sec 16),0,normal
BS-PARCEL-01706,Madhya Pradesh,Jabalpur,1.53,Agricultural,Infrastructure Corridor,1543000.0,2037000.0,1950000.0,6959000.0,1682000.0,0.29,62.1,0.086,0,3,117,0.777,0.775,Rehabilitation Scheme (Sec 16),0,normal
BS-PARCEL-01707,Uttar Pradesh,Gorakhpur,4.74,Agricultural,Commercial Hub,1059000.0,1162000.0,1146000.0,11337000.0,1188000.0,0.1,44.3,0.092,4,1,10,0.821,0.607,Declaration (Sec 19),0,normal
BS-PARCEL-01708,Karnataka,Belagavi,2.96,Agricultural,Irrigated Crop,1346000.0,1660000.0,1608000.0,6797000.0,1454000.0,0.19,30.8,0.0677,6,7,125,0.93,0.625,Preliminary Notification (Sec 11),1,moderate_anomaly
BS-PARCEL-01709,Madhya Pradesh,Indore,1.98,Agricultural,Irrigated Crop,1583000.0,2198000.0,2143000.0,11527000.0,1768000.0,0.62,54.3,0.0714,5,3,361,0.699,0.755,Rehabilitation Scheme (Sec 16),0,normal
BS-PARCEL-01710,Madhya Pradesh,Bhopal,1.72,Non-Agricultural,Dry Crop,2990000.0,3225000.0,3156000.0,16819000.0,3044000.0,0.32,40.1,0.066,3,14,657,0.9,0.834,Compensation Disbursement,1,moderate_anomaly
BS-PARCEL-01711,Karnataka,Belagavi,32.17,Agricultural,Commercial Hub,1603000.0,2318000.0,2379000.0,159530000.0,1737000.0,0.94,50.0,0.0701,53,0,226,0.893,0.554,Declaration (Sec 19),0,normal
BS-PARCEL-01712,Madhya Pradesh,Indore,2.65,Non-Agricultural,Infrastructure Corridor,2621000.0,3361000.0,3231000.0,44616000.0,2498000.0,5.03,57.4,0.0968,3,51,759,0.378,0.126,Enquiry & Award (Sec 23),1,strong_anomaly
BS-PARCEL-01713,Tamil Nadu,Coimbatore,0.96,Agricultural,Irrigated Crop,1306000.0,1578000.0,1533000.0,3299000.0,1418000.0,2.63,62.4,0.0031,0,3,87,0.845,0.91,Declaration (Sec 19),0,normal
BS-PARCEL-01714,Tamil Nadu,Madurai,1.83,Barren,Dry Crop,609000.0,644000.0,613000.0,2549000.0,642000.0,2.38,53.0,0.0915,3,4,204,0.828,0.668,Declaration (Sec 19),0,normal
BS-PARCEL-01715,Odisha,Jharsuguda,3.18,Barren,Dry Crop,489000.0,628000.0,615000.0,4401000.0,500000.0,0.17,99.0,0.0453,9,2,236,0.881,0.582,Declaration (Sec 19),0,normal
BS-PARCEL-01716,Tamil Nadu,Coimbatore,5.28,Agricultural,Irrigated Crop,1618000.0,2019000.0,2126000.0,25521000.0,1857000.0,1.08,42.3,0.0664,6,5,77,0.911,0.304,SIA Survey (Sec 4),0,normal
BS-PARCEL-01717,Madhya Pradesh,Bhopal,5.32,Commercial,Dry Crop,5811000.0,6602000.0,6507000.0,96264000.0,5758000.0,1.81,86.8,0.0175,5,5,220,0.715,0.888,SIA Survey (Sec 4),0,normal
BS-PARCEL-01718,Madhya Pradesh,Indore,5.9,Agricultural,Irrigated Crop,1601000.0,1995000.0,2061000.0,25971000.0,1658000.0,1.37,62.1,0.0657,14,4,322,0.957,0.89,Possession Handover,0,normal
BS-PARCEL-01719,Maharashtra,Aurangabad,1.92,Non-Agricultural,Irrigated Crop,3197000.0,3373000.0,3357000.0,17249000.0,3207000.0,1.65,53.2,0.0911,1,2,135,0.721,0.253,Compensation Disbursement,0,normal
BS-PARCEL-01720,Karnataka,Mysuru,4.43,Industrial,Dry Crop,6203000.0,8993000.0,8939000.0,88315000.0,5757000.0,1.43,75.6,0.0983,8,4,10,0.816,0.845,Enquiry & Award (Sec 23),0,normal
BS-PARCEL-01721,Uttar Pradesh,Prayagraj,1.58,Commercial,Infrastructure Corridor,8647000.0,10228000.0,10626000.0,30795000.0,8207000.0,2.1,56.8,0.0325,1,2,198,0.703,0.37,Preliminary Notification (Sec 11),0,normal
BS-PARCEL-01722,Odisha,Sambalpur,1.96,Commercial,Irrigated Crop,7090000.0,8806000.0,8306000.0,36497000.0,8108000.0,5.18,50.5,0.0964,2,0,107,0.853,0.459,Preliminary Notification (Sec 11),0,normal
BS-PARCEL-01723,Tamil Nadu,Madurai,1.52,Agricultural,Irrigated Crop,1620000.0,2210000.0,2307000.0,7691000.0,1568000.0,0.61,97.2,0.1256,2,0,199,0.831,0.785,SIA Survey (Sec 4),0,normal
BS-PARCEL-01724,Uttar Pradesh,Prayagraj,1.21,Commercial,Commercial Hub,7868000.0,10505000.0,10486000.0,25927000.0,8291000.0,0.57,25.5,0.0603,3,2,87,0.953,0.562,Possession Handover,0,normal
BS-PARCEL-01725,Tamil Nadu,Salem,8.2,Non-Agricultural,Infrastructure Corridor,2980000.0,4188000.0,4113000.0,77437000.0,3040000.0,0.4,60.6,0.08,12,2,186,0.718,0.715,Compensation Disbursement,0,normal
BS-PARCEL-01726,Uttar Pradesh,Prayagraj,5.96,Agricultural,Dry Crop,1372000.0,1957000.0,2053000.0,24556000.0,1532000.0,0.52,68.4,-0.0027,7,3,314,0.852,0.378,Declaration (Sec 19),0,normal
BS-PARCEL-01727,Tamil Nadu,Salem,7.62,Agricultural,Irrigated Crop,1040000.0,1171000.0,1148000.0,21388000.0,1120000.0,0.79,90.3,0.0441,14,6,176,0.656,0.535,Possession Handover,0,normal
BS-PARCEL-01728,Uttar Pradesh,Lucknow,3.43,Commercial,Dry Crop,4918000.0,5932000.0,6272000.0,44719000.0,4299000.0,1.94,57.8,0.0908,4,9,10,0.89,0.444,Preliminary Notification (Sec 11),0,normal
BS-PARCEL-01729,Madhya Pradesh,Jabalpur,6.43,Non-Agricultural,Dry Crop,2531000.0,3353000.0,3529000.0,48381000.0,2421000.0,1.14,99.0,0.1182,13,3,221,0.764,0.628,Declaration (Sec 19),0,normal
BS-PARCEL-01730,Karnataka,Belagavi,0.74,Agricultural,Dry Crop,1213000.0,1295000.0,1259000.0,2024000.0,1290000.0,3.82,78.7,0.056,1,1,182,0.897,0.491,SIA Survey (Sec 4),0,normal
BS-PARCEL-01731,Tamil Nadu,Madurai,6.91,Industrial,Irrigated Crop,4257000.0,5691000.0,5582000.0,93184000.0,3825000.0,0.58,22.4,0.1868,12,2,203,0.445,0.69,Rehabilitation Scheme (Sec 16),0,normal
BS-PARCEL-01732,Gujarat,Ahmedabad,3.86,Non-Agricultural,Irrigated Crop,2964000.0,3118000.0,3235000.0,26747000.0,2967000.0,2.38,38.8,0.0926,8,4,287,0.909,0.712,Possession Handover,0,normal
BS-PARCEL-01733,Odisha,Jharsuguda,5.66,Agricultural,Irrigated Crop,1374000.0,1945000.0,1874000.0,25938000.0,1299000.0,1.53,69.3,0.0291,8,2,122,0.585,0.552,Compensation Disbursement,0,normal
BS-PARCEL-01734,Tamil Nadu,Kanchipuram,4.59,Agricultural,Commercial Hub,1372000.0,1835000.0,1886000.0,20564000.0,1193000.0,0.29,44.4,0.1315,9,2,148,0.692,0.836,Preliminary Notification (Sec 11),0,normal
BS-PARCEL-01735,Maharashtra,Nashik,1.43,Non-Agricultural,Irrigated Crop,3602000.0,4597000.0,4392000.0,16633000.0,4139000.0,2.15,74.9,0.0299,1,3,66,0.911,0.367,SIA Survey (Sec 4),0,normal
BS-PARCEL-01736,Karnataka,Tumakuru,0.93,Commercial,Irrigated Crop,8644000.0,10559000.0,10186000.0,23783000.0,9757000.0,1.4,56.8,0.0931,3,2,201,0.855,0.699,Declaration (Sec 19),0,normal
BS-PARCEL-01737,Tamil Nadu,Coimbatore,1.81,Non-Agricultural,Dry Crop,3596000.0,5197000.0,5197000.0,20620000.0,3863000.0,2.45,43.5,0.0428,1,0,198,0.652,0.479,Preliminary Notification (Sec 11),0,normal
BS-PARCEL-01738,Gujarat,Bharuch,5.37,Agricultural,Commercial Hub,1347000.0,1811000.0,1864000.0,21125000.0,1226000.0,3.11,47.6,0.0257,8,5,151,0.949,0.514,Declaration (Sec 19),0,normal
BS-PARCEL-01739,Tamil Nadu,Madurai,5.97,Non-Agricultural,Irrigated Crop,2446000.0,3358000.0,3454000.0,48319000.0,2804000.0,0.49,80.3,0.1185,6,1,262,0.689,0.598,Declaration (Sec 19),0,normal
BS-PARCEL-01740,Odisha,Khordha,1.04,Non-Agricultural,Dry Crop,3685000.0,5086000.0,5152000.0,11927000.0,3830000.0,2.23,28.6,0.0696,2,1,65,0.716,0.508,SIA Survey (Sec 4),0,normal
BS-PARCEL-01741,Tamil Nadu,Kanchipuram,1.44,Commercial,Dry Crop,5557000.0,5883000.0,5722000.0,21054000.0,6334000.0,1.04,83.8,0.149,1,6,193,0.957,0.575,SIA Survey (Sec 4),0,normal
BS-PARCEL-01742,Tamil Nadu,Kanchipuram,1.8,Agricultural,Irrigated Crop,1009000.0,1082000.0,1071000.0,4498000.0,871000.0,0.1,84.3,0.0393,4,4,246,0.742,0.597,SIA Survey (Sec 4),0,normal
BS-PARCEL-01743,Karnataka,Belagavi,2.45,Commercial,Infrastructure Corridor,6114000.0,6905000.0,6695000.0,66509000.0,5515000.0,0.1,59.0,0.0176,7,30,857,0.271,0.21,Possession Handover,1,strong_anomaly
BS-PARCEL-01744,Maharashtra,Nashik,1.04,Agricultural,Residential Zone,1313000.0,1723000.0,1677000.0,2666000.0,1383000.0,2.72,39.7,0.0608,1,2,28,0.962,0.42,Rehabilitation Scheme (Sec 16),1,moderate_anomaly
BS-PARCEL-01745,Tamil Nadu,Salem,0.99,Agricultural,Irrigated Crop,1391000.0,1808000.0,1770000.0,4256000.0,1561000.0,2.64,75.0,0.1956,2,2,10,0.639,0.863,Declaration (Sec 19),0,normal
BS-PARCEL-01746,Gujarat,Bharuch,1.65,Non-Agricultural,Irrigated Crop,2122000.0,2504000.0,2534000.0,8691000.0,1916000.0,0.15,56.2,0.1134,0,4,197,0.729,0.65,Rehabilitation Scheme (Sec 16),0,normal
BS-PARCEL-01747,Madhya Pradesh,Gwalior,3.57,Non-Agricultural,Irrigated Crop,3407000.0,4903000.0,4731000.0,78533000.0,3220000.0,1.34,37.7,0.1022,8,1,366,0.709,0.713,Enquiry & Award (Sec 23),1,moderate_anomaly
BS-PARCEL-01748,Gujarat,Ahmedabad,1.22,Agricultural,Irrigated Crop,1026000.0,1116000.0,1055000.0,3309000.0,1053000.0,1.24,99.0,0.1035,1,4,112,0.903,0.529,Preliminary Notification (Sec 11),0,normal
BS-PARCEL-01749,Gujarat,Ahmedabad,3.01,Commercial,Dry Crop,6031000.0,8206000.0,8396000.0,56654000.0,6935000.0,4.38,49.1,0.0606,4,3,229,0.88,0.53,Preliminary Notification (Sec 11),0,normal
BS-PARCEL-01750,Maharashtra,Pune,8.16,Agricultural,Infrastructure Corridor,1132000.0,1406000.0,1325000.0,28001000.0,1234000.0,2.04,38.5,0.1892,13,2,10,0.934,0.363,Enquiry & Award (Sec 23),0,normal
BS-PARCEL-01751,Odisha,Sambalpur,1.1,Agricultural,Residential Zone,1139000.0,1387000.0,1465000.0,3362000.0,1284000.0,3.95,70.1,0.0983,3,2,221,0.989,0.754,Enquiry & Award (Sec 23),0,normal
BS-PARCEL-01752,Maharashtra,Thane,2.79,Agricultural,Irrigated Crop,1447000.0,1534000.0,1506000.0,10571000.0,1523000.0,2.9,63.8,0.0946,2,3,60,0.862,0.77,SIA Survey (Sec 4),0,normal
BS-PARCEL-01753,Uttar Pradesh,Varanasi,7.93,Agricultural,Dry Crop,929000.0,1246000.0,1172000.0,25254000.0,1034000.0,0.77,91.8,0.1194,13,1,136,0.795,0.606,Rehabilitation Scheme (Sec 16),0,normal
BS-PARCEL-01754,Odisha,Sambalpur,2.33,Non-Agricultural,Irrigated Crop,2430000.0,3301000.0,3453000.0,19791000.0,2435000.0,0.53,58.2,0.0291,7,2,188,0.71,0.65,Possession Handover,0,normal
BS-PARCEL-01755,Madhya Pradesh,Bhopal,2.04,Commercial,Dry Crop,4962000.0,5843000.0,5913000.0,24858000.0,4403000.0,0.22,58.3,0.0448,6,2,10,0.931,0.821,Preliminary Notification (Sec 11),0,normal
BS-PARCEL-01756,Madhya Pradesh,Bhopal,8.93,Non-Agricultural,Irrigated Crop,3408000.0,4283000.0,4446000.0,449048000.0,3622000.0,1.4,71.0,0.0702,19,6,526,0.582,0.661,SIA Survey (Sec 4),1,strong_anomaly
BS-PARCEL-01757,Tamil Nadu,Kanchipuram,2.56,Agricultural,Infrastructure Corridor,1608000.0,2078000.0,2062000.0,12032000.0,1657000.0,0.11,68.6,0.1197,5,1,113,0.982,0.81,Rehabilitation Scheme (Sec 16),0,normal
BS-PARCEL-01758,Gujarat,Ahmedabad,8.49,Agricultural,Residential Zone,1375000.0,1646000.0,1617000.0,35312000.0,1369000.0,5.17,69.1,0.0281,16,1,246,0.885,0.9,SIA Survey (Sec 4),0,normal
BS-PARCEL-01759,Uttar Pradesh,Agra,4.78,Agricultural,Irrigated Crop,1325000.0,1718000.0,1750000.0,21439000.0,1236000.0,2.56,69.9,0.0773,4,3,344,0.838,0.834,Declaration (Sec 19),0,normal
BS-PARCEL-01760,Tamil Nadu,Coimbatore,2.48,Non-Agricultural,Dry Crop,3626000.0,4437000.0,4387000.0,26249000.0,3935000.0,1.49,68.0,0.0716,4,0,212,0.877,0.448,Enquiry & Award (Sec 23),0,normal
BS-PARCEL-01761,Maharashtra,Nashik,4.99,Agricultural,Dry Crop,1084000.0,1519000.0,1529000.0,19901000.0,1188000.0,0.46,57.5,0.017,6,1,44,0.729,0.524,Declaration (Sec 19),0,normal
BS-PARCEL-01762,Madhya Pradesh,Indore,4.36,Agricultural,Residential Zone,948000.0,1268000.0,1234000.0,12902000.0,909000.0,3.77,80.0,0.0596,6,3,191,0.781,0.745,Declaration (Sec 19),0,normal
BS-PARCEL-01763,Odisha,Jharsuguda,7.91,Commercial,Dry Crop,6864000.0,7511000.0,7360000.0,135298000.0,7745000.0,3.12,58.5,0.1017,13,0,10,0.944,0.379,Rehabilitation Scheme (Sec 16),0,normal
BS-PARCEL-01764,Odisha,Cuttack,2.08,Non-Agricultural,Irrigated Crop,2537000.0,3475000.0,3301000.0,15200000.0,2438000.0,0.1,79.5,0.0207,6,2,143,0.52,0.486,Enquiry & Award (Sec 23),0,normal
BS-PARCEL-01765,Gujarat,Vadodara,3.44,Agricultural,Dry Crop,1225000.0,1452000.0,1501000.0,12969000.0,1081000.0,2.43,90.0,0.1365,3,3,364,0.691,0.603,Preliminary Notification (Sec 11),0,normal
BS-PARCEL-01766,Tamil Nadu,Salem,3.15,Agricultural,Irrigated Crop,1229000.0,1750000.0,1718000.0,32160000.0,1106000.0,0.66,52.8,0.0987,5,34,1049,0.504,0.206,Rehabilitation Scheme (Sec 16),1,strong_anomaly
BS-PARCEL-01767,Karnataka,Tumakuru,6.04,Non-Agricultural,Dry Crop,2636000.0,3404000.0,3598000.0,41326000.0,2632000.0,4.05,99.0,0.0938,7,2,89,0.709,0.637,Enquiry & Award (Sec 23),0,normal
BS-PARCEL-01768,Madhya Pradesh,Jabalpur,1.39,Agricultural,Irrigated Crop,1250000.0,1326000.0,1288000.0,4801000.0,1092000.0,0.13,52.2,0.0803,1,21,640,0.753,0.796,Rehabilitation Scheme (Sec 16),1,moderate_anomaly
BS-PARCEL-01769,Uttar Pradesh,Varanasi,7.88,Agricultural,Dry Crop,1174000.0,1578000.0,1573000.0,28026000.0,1251000.0,0.49,52.3,0.0363,16,2,160,0.848,0.595,Preliminary Notification (Sec 11),0,normal
BS-PARCEL-01770,Gujarat,Bharuch,4.94,Industrial,Residential Zone,3926000.0,4328000.0,4227000.0,50005000.0,4274000.0,6.14,74.7,0.054,8,3,81,0.811,0.75,Rehabilitation Scheme (Sec 16),0,normal
BS-PARCEL-01771,Karnataka,Bengaluru Rural,1.08,Agricultural,Irrigated Crop,1524000.0,2135000.0,2185000.0,4520000.0,1547000.0,0.8,72.9,0.0945,3,5,222,0.814,0.78,Enquiry & Award (Sec 23),0,normal
BS-PARCEL-01772,Odisha,Sambalpur,9.27,Agricultural,Dry Crop,1405000.0,2008000.0,2082000.0,46593000.0,1571000.0,0.64,66.3,0.0539,17,3,128,0.817,0.598,Preliminary Notification (Sec 11),0,normal
BS-PARCEL-01773,Uttar Pradesh,Prayagraj,22.18,Agricultural,Commercial Hub,930000.0,1235000.0,1233000.0,54713000.0,1057000.0,0.1,79.7,0.0875,44,1,10,0.781,0.482,Enquiry & Award (Sec 23),0,normal
BS-PARCEL-01774,Tamil Nadu,Coimbatore,7.78,Agricultural,Irrigated Crop,983000.0,1242000.0,1222000.0,22209000.0,968000.0,1.83,69.5,0.044,14,3,30,0.838,0.677,Enquiry & Award (Sec 23),0,normal
BS-PARCEL-01775,Tamil Nadu,Kanchipuram,11.17,Agricultural,Dry Crop,969000.0,1251000.0,1288000.0,28377000.0,850000.0,0.16,99.0,0.0981,24,1,406,0.829,0.457,Declaration (Sec 19),0,normal
BS-PARCEL-01776,Odisha,Cuttack,3.57,Agricultural,Dry Crop,944000.0,1153000.0,1110000.0,28530000.0,868000.0,1.76,64.0,0.101,5,47,925,0.532,0.281,SIA Survey (Sec 4),1,strong_anomaly
BS-PARCEL-01777,Gujarat,Ahmedabad,0.81,Non-Agricultural,Irrigated Crop,2199000.0,2382000.0,2410000.0,2917000.0,2303000.0,0.8,49.6,0.0149,2,0,341,0.902,0.856,Compensation Disbursement,1,moderate_anomaly
BS-PARCEL-01778,Uttar Pradesh,Lucknow,0.69,Agricultural,Residential Zone,1013000.0,1440000.0,1480000.0,2458000.0,984000.0,1.0,55.1,0.0827,2,3,66,0.819,0.495,SIA Survey (Sec 4),0,normal
BS-PARCEL-01779,Maharashtra,Aurangabad,4.12,Industrial,Dry Crop,6042000.0,7140000.0,6942000.0,71750000.0,6377000.0,0.85,73.5,0.0191,5,0,173,0.803,0.615,Possession Handover,0,normal
BS-PARCEL-01780,Tamil Nadu,Salem,2.01,Industrial,Dry Crop,5985000.0,7033000.0,7164000.0,170388000.0,6284000.0,1.02,73.7,0.0056,2,4,161,0.647,0.626,Enquiry & Award (Sec 23),1,strong_anomaly
BS-PARCEL-01781,Odisha,Khordha,1.53,Agricultural,Irrigated Crop,1464000.0,1649000.0,1696000.0,17808000.0,1510000.0,2.35,68.7,0.0562,5,28,938,0.548,0.184,Preliminary Notification (Sec 11),1,strong_anomaly
BS-PARCEL-01782,Karnataka,Belagavi,3.15,Agricultural,Irrigated Crop,1343000.0,1943000.0,1854000.0,14516000.0,1205000.0,1.28,49.7,0.1919,4,3,203,0.948,0.494,Enquiry & Award (Sec 23),0,normal
BS-PARCEL-01783,Uttar Pradesh,Gorakhpur,5.6,Commercial,Irrigated Crop,7697000.0,10984000.0,10752000.0,302751000.0,7203000.0,4.85,85.0,0.111,14,0,57,0.859,0.607,Declaration (Sec 19),1,moderate_anomaly
BS-PARCEL-01784,Uttar Pradesh,Varanasi,0.97,Barren,Infrastructure Corridor,776000.0,923000.0,913000.0,783000.0,748000.0,4.1,99.0,0.1357,2,24,313,0.911,0.783,Declaration (Sec 19),1,strong_anomaly
BS-PARCEL-01785,Madhya Pradesh,Indore,2.27,Commercial,Residential Zone,8343000.0,9628000.0,9947000.0,36627000.0,9155000.0,4.21,65.5,0.1043,4,1,231,0.797,0.445,Rehabilitation Scheme (Sec 16),1,moderate_anomaly
BS-PARCEL-01786,Karnataka,Mysuru,11.98,Agricultural,Residential Zone,1427000.0,1958000.0,1974000.0,56077000.0,1505000.0,6.06,97.6,0.0882,19,2,160,0.857,0.49,Declaration (Sec 19),0,normal
BS-PARCEL-01787,Uttar Pradesh,Varanasi,1.33,Agricultural,Irrigated Crop,1430000.0,1743000.0,1732000.0,4996000.0,1492000.0,0.13,80.6,0.1158,2,2,194,0.319,0.671,Enquiry & Award (Sec 23),0,normal
BS-PARCEL-01788,Karnataka,Bengaluru Rural,6.95,Agricultural,Dry Crop,1479000.0,2125000.0,2079000.0,37126000.0,1555000.0,3.25,99.0,0.0544,5,1,146,0.601,0.343,Compensation Disbursement,0,normal
BS-PARCEL-01789,Madhya Pradesh,Bhopal,2.2,Commercial,Commercial Hub,7045000.0,9937000.0,9346000.0,45152000.0,7052000.0,0.25,73.5,0.0988,6,1,10,0.497,0.388,SIA Survey (Sec 4),0,normal
BS-PARCEL-01790,Uttar Pradesh,Varanasi,5.28,Non-Agricultural,Dry Crop,2458000.0,3328000.0,3136000.0,36047000.0,2119000.0,0.61,67.5,0.1271,12,4,71,0.85,0.575,Declaration (Sec 19),0,normal
BS-PARCEL-01791,Uttar Pradesh,Agra,8.44,Agricultural,Irrigated Crop,961000.0,1044000.0,1011000.0,20524000.0,875000.0,0.29,80.2,0.108,17,2,160,0.966,0.449,Enquiry & Award (Sec 23),0,normal
BS-PARCEL-01792,Madhya Pradesh,Indore,6.23,Non-Agricultural,Residential Zone,2804000.0,3732000.0,3560000.0,51882000.0,2501000.0,0.66,57.2,0.1297,14,4,141,0.852,0.811,Enquiry & Award (Sec 23),0,normal
BS-PARCEL-01793,Tamil Nadu,Kanchipuram,7.19,Agricultural,Irrigated Crop,966000.0,1396000.0,1332000.0,27395000.0,840000.0,0.3,72.3,0.0873,13,4,251,0.978,0.556,Declaration (Sec 19),0,normal
BS-PARCEL-01794,Tamil Nadu,Coimbatore,1.25,Non-Agricultural,Irrigated Crop,2384000.0,2859000.0,2894000.0,5488000.0,2255000.0,2.69,89.0,0.1477,0,3,241,0.977,0.453,Rehabilitation Scheme (Sec 16),1,moderate_anomaly
BS-PARCEL-01795,Madhya Pradesh,Bhopal,8.56,Agricultural,Infrastructure Corridor,917000.0,1286000.0,1302000.0,69000000.0,996000.0,3.58,79.8,0.0717,18,53,781,0.406,0.125,Enquiry & Award (Sec 23),1,strong_anomaly
BS-PARCEL-01796,Gujarat,Bharuch,1.61,Non-Agricultural,Dry Crop,2604000.0,3159000.0,2986000.0,12182000.0,2303000.0,3.87,64.4,0.1647,2,1,74,0.895,0.46,Rehabilitation Scheme (Sec 16),0,normal
BS-PARCEL-01797,Odisha,Khordha,4.14,Non-Agricultural,Irrigated Crop,3730000.0,5366000.0,5426000.0,58020000.0,3295000.0,1.56,68.6,0.1029,5,4,263,0.922,0.818,SIA Survey (Sec 4),0,normal
BS-PARCEL-01798,Madhya Pradesh,Gwalior,4.14,Non-Agricultural,Dry Crop,2737000.0,3589000.0,3436000.0,41358000.0,2428000.0,2.1,78.6,0.0646,2,1,200,0.702,0.586,Declaration (Sec 19),0,normal
BS-PARCEL-01799,Gujarat,Vadodara,5.01,Agricultural,Infrastructure Corridor,1073000.0,1168000.0,1151000.0,12978000.0,999000.0,2.03,78.0,0.0328,10,2,111,0.772,0.847,SIA Survey (Sec 4),0,normal
BS-PARCEL-01800,Madhya Pradesh,Gwalior,4.42,Commercial,Irrigated Crop,6448000.0,8006000.0,8476000.0,77848000.0,5872000.0,1.79,78.5,0.0477,6,2,54,0.874,0.647,Preliminary Notification (Sec 11),0,normal
BS-PARCEL-01801,Uttar Pradesh,Prayagraj,1.62,Non-Agricultural,Commercial Hub,2606000.0,2788000.0,2795000.0,8973000.0,2226000.0,0.38,71.1,0.0416,2,1,105,0.507,0.764,Preliminary Notification (Sec 11),0,normal
BS-PARCEL-01802,Gujarat,Surat,1.05,Agricultural,Irrigated Crop,1385000.0,1673000.0,1579000.0,7253000.0,1292000.0,2.27,50.2,0.0765,0,3,223,0.881,0.406,Enquiry & Award (Sec 23),1,moderate_anomaly
BS-PARCEL-01803,Madhya Pradesh,Jabalpur,6.97,Agricultural,Irrigated Crop,1357000.0,1922000.0,1887000.0,30426000.0,1559000.0,0.1,53.0,0.029,10,7,365,0.803,0.782,Possession Handover,0,normal
BS-PARCEL-01804,Odisha,Sambalpur,3.89,Non-Agricultural,Dry Crop,2146000.0,2453000.0,2503000.0,23364000.0,2041000.0,4.23,73.3,0.1317,8,24,655,0.793,0.807,Declaration (Sec 19),1,moderate_anomaly
BS-PARCEL-01805,Tamil Nadu,Kanchipuram,8.82,Agricultural,Dry Crop,1268000.0,1814000.0,1754000.0,40898000.0,1158000.0,0.1,80.0,0.0844,15,2,88,0.709,0.805,Preliminary Notification (Sec 11),0,normal
BS-PARCEL-01806,Tamil Nadu,Coimbatore,3.2,Agricultural,Irrigated Crop,926000.0,1009000.0,1065000.0,6441000.0,925000.0,3.54,77.6,0.0828,6,4,417,0.859,0.675,Compensation Disbursement,0,normal
BS-PARCEL-01807,Madhya Pradesh,Indore,1.01,Agricultural,Dry Crop,1388000.0,1827000.0,1811000.0,4422000.0,1275000.0,3.56,52.8,0.0334,0,4,139,0.893,0.854,SIA Survey (Sec 4),0,normal
BS-PARCEL-01808,Uttar Pradesh,Varanasi,7.55,Agricultural,Dry Crop,1574000.0,2261000.0,2131000.0,37042000.0,1602000.0,3.85,62.3,0.0492,10,3,92,0.871,0.706,Possession Handover,0,normal
BS-PARCEL-01809,Gujarat,Ahmedabad,2.42,Agricultural,Dry Crop,1553000.0,2037000.0,2047000.0,12761000.0,1507000.0,3.69,43.9,-0.0088,2,3,135,0.691,0.731,Declaration (Sec 19),0,normal
BS-PARCEL-01810,Odisha,Cuttack,4.44,Non-Agricultural,Commercial Hub,2446000.0,3448000.0,3521000.0,37023000.0,2737000.0,1.4,40.0,0.1447,3,0,129,0.571,0.778,SIA Survey (Sec 4),0,normal
BS-PARCEL-01811,Uttar Pradesh,Agra,1.91,Agricultural,Residential Zone,1435000.0,2076000.0,2065000.0,7814000.0,1619000.0,0.1,66.5,0.0233,1,0,319,0.899,0.78,Declaration (Sec 19),0,normal
BS-PARCEL-01812,Odisha,Sambalpur,13.43,Non-Agricultural,Dry Crop,3432000.0,4485000.0,4715000.0,262470000.0,3651000.0,5.79,89.4,0.0263,25,35,841,0.302,0.188,Rehabilitation Scheme (Sec 16),1,strong_anomaly
BS-PARCEL-01813,Karnataka,Belagavi,1.58,Agricultural,Dry Crop,1522000.0,2074000.0,2174000.0,38820000.0,1392000.0,0.14,66.8,0.1365,2,1,245,0.343,0.661,Enquiry & Award (Sec 23),1,strong_anomaly
BS-PARCEL-01814,Maharashtra,Pune,2.49,Agricultural,Dry Crop,1087000.0,1155000.0,1105000.0,6638000.0,1078000.0,1.54,99.0,0.0955,3,3,178,0.91,0.513,Preliminary Notification (Sec 11),0,normal
BS-PARCEL-01815,Tamil Nadu,Coimbatore,3.64,Agricultural,Dry Crop,1225000.0,1496000.0,1421000.0,13408000.0,1153000.0,2.78,62.0,0.0848,4,0,118,0.379,0.448,Compensation Disbursement,0,normal
BS-PARCEL-01816,Tamil Nadu,Madurai,1.31,Commercial,Irrigated Crop,5739000.0,6688000.0,6537000.0,17770000.0,6253000.0,1.07,65.6,0.0936,1,3,143,0.781,0.53,Enquiry & Award (Sec 23),0,normal
BS-PARCEL-01817,Uttar Pradesh,Prayagraj,4.4,Barren,Irrigated Crop,497000.0,686000.0,695000.0,7624000.0,427000.0,0.69,47.2,0.1182,5,3,152,0.725,0.829,Compensation Disbursement,0,normal
BS-PARCEL-01818,Uttar Pradesh,Lucknow,13.07,Agricultural,Irrigated Crop,1374000.0,1815000.0,1837000.0,46418000.0,1441000.0,0.48,58.7,0.084,18,4,189,0.778,0.716,Compensation Disbursement,0,normal
BS-PARCEL-01819,Karnataka,Mysuru,2.19,Agricultural,Irrigated Crop,1211000.0,1569000.0,1526000.0,34146000.0,1147000.0,1.03,43.6,0.0183,2,2,130,0.435,0.383,SIA Survey (Sec 4),1,strong_anomaly
BS-PARCEL-01820,Odisha,Khordha,4.65,Agricultural,Infrastructure Corridor,1079000.0,1535000.0,1618000.0,16706000.0,1073000.0,0.35,37.2,0.1093,6,5,172,0.861,0.761,Declaration (Sec 19),0,normal
BS-PARCEL-01821,Uttar Pradesh,Varanasi,0.32,Agricultural,Dry Crop,1510000.0,1639000.0,1601000.0,1211000.0,1430000.0,5.76,43.9,0.0969,0,3,94,0.922,0.798,Compensation Disbursement,0,normal
BS-PARCEL-01822,Karnataka,Bengaluru Rural,3.21,Commercial,Dry Crop,6808000.0,9746000.0,10102000.0,363770000.0,6532000.0,0.1,66.5,0.1269,9,3,420,0.599,0.777,Rehabilitation Scheme (Sec 16),1,strong_anomaly
BS-PARCEL-01823,Uttar Pradesh,Prayagraj,2.54,Agricultural,Dry Crop,1616000.0,1762000.0,1832000.0,11061000.0,1701000.0,0.32,51.7,0.03,1,1,291,0.848,0.377,Preliminary Notification (Sec 11),0,normal
BS-PARCEL-01824,Karnataka,Tumakuru,1.66,Barren,Dry Crop,797000.0,947000.0,901000.0,3304000.0,820000.0,1.43,56.0,0.0508,4,3,233,0.747,0.522,SIA Survey (Sec 4),0,normal
BS-PARCEL-01825,Karnataka,Mysuru,8.32,Non-Agricultural,Dry Crop,3560000.0,4636000.0,4487000.0,75755000.0,3287000.0,1.49,72.4,0.0957,9,4,131,0.468,0.563,SIA Survey (Sec 4),0,normal
BS-PARCEL-01826,Uttar Pradesh,Prayagraj,2.52,Agricultural,Dry Crop,1457000.0,1729000.0,1670000.0,10726000.0,1258000.0,2.98,37.1,0.0422,2,3,270,0.959,0.821,Compensation Disbursement,0,normal
BS-PARCEL-01827,Karnataka,Bengaluru Rural,2.86,Commercial,Commercial Hub,5288000.0,6996000.0,7348000.0,38944000.0,5853000.0,3.88,66.5,-0.0141,6,4,212,0.665,0.15,Declaration (Sec 19),0,normal
BS-PARCEL-01828,Odisha,Khordha,2.41,Agricultural,Irrigated Crop,947000.0,1288000.0,1265000.0,7000000.0,945000.0,0.63,80.3,0.0879,8,2,193,0.831,0.592,Enquiry & Award (Sec 23),0,normal
BS-PARCEL-01829,Odisha,Sambalpur,0.65,Commercial,Dry Crop,8444000.0,11665000.0,12136000.0,17707000.0,8745000.0,2.27,81.8,0.1158,2,2,121,0.614,0.42,Possession Handover,0,normal
BS-PARCEL-01830,Uttar Pradesh,Gorakhpur,1.27,Agricultural,Dry Crop,1000000.0,1122000.0,1119000.0,3025000.0,997000.0,1.38,74.3,0.0748,1,2,210,0.809,0.626,SIA Survey (Sec 4),0,normal
BS-PARCEL-01831,Maharashtra,Thane,7.52,Commercial,Commercial Hub,6401000.0,7187000.0,7150000.0,110065000.0,6629000.0,1.52,64.1,0.1019,13,3,365,0.686,0.531,Enquiry & Award (Sec 23),0,normal
BS-PARCEL-01832,Maharashtra,Aurangabad,0.55,Agricultural,Infrastructure Corridor,1339000.0,1434000.0,1503000.0,2089000.0,1390000.0,0.68,53.8,0.0961,1,2,188,0.985,0.393,Preliminary Notification (Sec 11),0,normal
BS-PARCEL-01833,Madhya Pradesh,Bhopal,1.73,Agricultural,Commercial Hub,1053000.0,1312000.0,1303000.0,3310000.0,900000.0,1.81,63.5,0.0804,3,2,150,0.863,0.741,Preliminary Notification (Sec 11),1,moderate_anomaly
BS-PARCEL-01834,Maharashtra,Aurangabad,2.36,Commercial,Dry Crop,5754000.0,6358000.0,6545000.0,37613000.0,5811000.0,0.61,94.8,0.0854,3,1,190,0.681,0.733,SIA Survey (Sec 4),0,normal
BS-PARCEL-01835,Tamil Nadu,Kanchipuram,14.62,Agricultural,Irrigated Crop,1236000.0,1455000.0,1442000.0,47532000.0,1237000.0,0.31,69.9,0.134,23,2,184,0.827,0.485,Rehabilitation Scheme (Sec 16),0,normal
BS-PARCEL-01836,Tamil Nadu,Kanchipuram,6.38,Agricultural,Dry Crop,1160000.0,1608000.0,1531000.0,22872000.0,1019000.0,0.6,63.1,0.0414,13,1,119,0.904,0.446,Rehabilitation Scheme (Sec 16),0,normal
BS-PARCEL-01837,Tamil Nadu,Salem,2.07,Commercial,Residential Zone,7514000.0,10741000.0,10165000.0,50358000.0,8068000.0,0.55,75.1,0.1109,4,3,98,0.892,0.739,Declaration (Sec 19),0,normal
BS-PARCEL-01838,Maharashtra,Nagpur,10.06,Agricultural,Infrastructure Corridor,954000.0,1315000.0,1269000.0,29838000.0,878000.0,4.35,65.9,0.0328,24,5,267,0.715,0.618,SIA Survey (Sec 4),0,normal
BS-PARCEL-01839,Uttar Pradesh,Gorakhpur,1.77,Industrial,Residential Zone,5008000.0,5260000.0,5400000.0,22231000.0,4339000.0,0.43,69.1,0.0482,3,2,312,0.745,0.694,Preliminary Notification (Sec 11),0,normal
BS-PARCEL-01840,Odisha,Cuttack,7.83,Non-Agricultural,Irrigated Crop,2393000.0,3056000.0,3010000.0,51580000.0,2611000.0,0.1,60.6,0.1278,17,7,429,0.832,0.52,Enquiry & Award (Sec 23),0,normal
BS-PARCEL-01841,Gujarat,Vadodara,1.05,Non-Agricultural,Commercial Hub,3119000.0,3483000.0,3464000.0,8294000.0,3461000.0,0.33,57.5,0.0316,2,5,230,0.594,0.693,Preliminary Notification (Sec 11),0,normal
BS-PARCEL-01842,Karnataka,Mysuru,8.27,Agricultural,Residential Zone,984000.0,1181000.0,1125000.0,7065000.0,907000.0,0.79,82.9,0.0703,13,33,192,0.884,0.781,Compensation Disbursement,1,strong_anomaly
BS-PARCEL-01843,Odisha,Khordha,2.35,Agricultural,Dry Crop,1042000.0,1272000.0,1291000.0,7849000.0,1101000.0,2.69,29.9,0.1745,2,1,279,0.913,0.634,Possession Handover,0,normal
BS-PARCEL-01844,Uttar Pradesh,Prayagraj,1.39,Barren,Dry Crop,801000.0,1143000.0,1185000.0,3865000.0,682000.0,0.61,73.6,0.121,2,2,80,0.937,0.905,Enquiry & Award (Sec 23),0,normal
BS-PARCEL-01845,Uttar Pradesh,Agra,2.76,Agricultural,Dry Crop,1069000.0,1393000.0,1414000.0,8986000.0,1140000.0,0.6,56.4,0.0505,2,5,250,0.743,0.563,Declaration (Sec 19),0,normal
BS-PARCEL-01846,Uttar Pradesh,Prayagraj,4.2,Agricultural,Dry Crop,1431000.0,1656000.0,1752000.0,32454000.0,1416000.0,0.1,30.7,0.0574,8,5,294,0.961,0.536,Enquiry & Award (Sec 23),1,moderate_anomaly
BS-PARCEL-01847,Maharashtra,Thane,2.18,Agricultural,Irrigated Crop,1097000.0,1434000.0,1351000.0,6479000.0,1193000.0,1.15,47.5,0.0732,5,5,292,0.556,0.764,Enquiry & Award (Sec 23),0,normal
BS-PARCEL-01848,Uttar Pradesh,Varanasi,5.32,Agricultural,Irrigated Crop,1069000.0,1529000.0,1440000.0,17821000.0,1035000.0,1.18,64.4,0.1325,11,3,363,0.803,0.568,Possession Handover,0,normal
BS-PARCEL-01849,Tamil Nadu,Kanchipuram,2.02,Non-Agricultural,Residential Zone,2603000.0,2795000.0,2795000.0,11799000.0,2487000.0,0.66,66.8,0.0399,4,1,114,0.733,0.698,Possession Handover,0,normal
BS-PARCEL-01850,Karnataka,Belagavi,5.63,Commercial,Infrastructure Corridor,8311000.0,11439000.0,11118000.0,132384000.0,9161000.0,0.57,78.3,0.0375,12,3,125,0.958,0.533,Rehabilitation Scheme (Sec 16),0,normal
BS-PARCEL-01851,Odisha,Khordha,4.84,Commercial,Residential Zone,6424000.0,7303000.0,7466000.0,68265000.0,5535000.0,3.18,79.5,0.1085,6,1,156,0.867,0.701,Declaration (Sec 19),0,normal
BS-PARCEL-01852,Tamil Nadu,Madurai,3.15,Commercial,Irrigated Crop,5826000.0,6474000.0,6702000.0,45139000.0,5279000.0,1.27,37.2,0.0128,4,3,57,0.811,0.556,Compensation Disbursement,0,normal
BS-PARCEL-01853,Odisha,Khordha,2.28,Agricultural,Irrigated Crop,1286000.0,1813000.0,1727000.0,9987000.0,1252000.0,0.75,71.8,0.0436,5,1,239,0.754,0.942,Preliminary Notification (Sec 11),0,normal
BS-PARCEL-01854,Maharashtra,Thane,3.78,Agricultural,Irrigated Crop,1178000.0,1238000.0,1300000.0,10336000.0,1212000.0,0.1,78.1,0.0766,6,3,254,0.665,0.606,Declaration (Sec 19),0,normal
BS-PARCEL-01855,Gujarat,Bharuch,5.3,Agricultural,Residential Zone,1469000.0,1978000.0,1866000.0,19941000.0,1251000.0,0.24,68.9,0.0786,8,2,241,0.797,0.852,Enquiry & Award (Sec 23),0,normal
BS-PARCEL-01856,Tamil Nadu,Coimbatore,19.15,Non-Agricultural,Dry Crop,3764000.0,4084000.0,4176000.0,171540000.0,3849000.0,2.47,74.0,0.0254,43,2,196,0.856,0.669,Enquiry & Award (Sec 23),0,normal
BS-PARCEL-01857,Maharashtra,Nagpur,7.38,Agricultural,Infrastructure Corridor,1279000.0,1659000.0,1636000.0,26482000.0,1232000.0,1.39,30.2,0.0941,13,2,290,0.414,0.465,Rehabilitation Scheme (Sec 16),0,normal
BS-PARCEL-01858,Uttar Pradesh,Gorakhpur,7.61,Non-Agricultural,Irrigated Crop,2859000.0,3712000.0,3787000.0,70972000.0,2971000.0,2.58,47.2,0.1022,9,4,243,0.875,0.389,SIA Survey (Sec 4),0,normal
BS-PARCEL-01859,Karnataka,Bengaluru Rural,45.84,Agricultural,Dry Crop,1147000.0,1600000.0,1523000.0,152435000.0,1287000.0,1.7,89.6,0.0535,85,3,113,0.53,0.452,SIA Survey (Sec 4),0,normal
BS-PARCEL-01860,Tamil Nadu,Salem,5.15,Commercial,Commercial Hub,8671000.0,11958000.0,12585000.0,138472000.0,8517000.0,0.39,60.0,0.1464,5,4,10,0.914,0.624,Declaration (Sec 19),0,normal
BS-PARCEL-01861,Odisha,Cuttack,5.01,Commercial,Irrigated Crop,6760000.0,8951000.0,9421000.0,260099000.0,6871000.0,8.36,99.0,0.0936,9,30,827,0.287,0.068,Possession Handover,1,strong_anomaly
BS-PARCEL-01862,Odisha,Jharsuguda,6.04,Industrial,Infrastructure Corridor,4113000.0,4945000.0,4957000.0,67235000.0,4067000.0,0.43,42.0,0.0398,11,0,184,0.679,0.817,Compensation Disbursement,0,normal
BS-PARCEL-01863,Uttar Pradesh,Varanasi,1.41,Agricultural,Dry Crop,1598000.0,1784000.0,1786000.0,3453000.0,1415000.0,2.36,93.1,0.1448,3,1,185,0.617,0.794,Rehabilitation Scheme (Sec 16),1,moderate_anomaly
BS-PARCEL-01864,Tamil Nadu,Madurai,2.28,Barren,Irrigated Crop,862000.0,1124000.0,1142000.0,5575000.0,938000.0,0.55,54.0,0.0591,5,1,160,0.729,0.86,SIA Survey (Sec 4),0,normal
BS-PARCEL-01865,Tamil Nadu,Kanchipuram,2.16,Agricultural,Irrigated Crop,1214000.0,1516000.0,1531000.0,9857000.0,1354000.0,2.34,80.5,0.0872,3,23,715,0.657,0.645,Enquiry & Award (Sec 23),1,moderate_anomaly
BS-PARCEL-01866,Karnataka,Tumakuru,5.76,Agricultural,Residential Zone,1151000.0,1244000.0,1251000.0,15053000.0,1259000.0,2.3,59.7,0.0605,6,2,86,0.906,0.696,Enquiry & Award (Sec 23),0,normal
BS-PARCEL-01867,Tamil Nadu,Salem,2.86,Agricultural,Dry Crop,1390000.0,1991000.0,2012000.0,9719000.0,1577000.0,2.0,67.1,0.105,8,5,66,0.975,0.353,Declaration (Sec 19),1,moderate_anomaly
BS-PARCEL-01868,Tamil Nadu,Coimbatore,3.73,Agricultural,Commercial Hub,1497000.0,1760000.0,1836000.0,6140000.0,1483000.0,8.72,75.7,0.0607,4,43,227,0.848,0.42,Rehabilitation Scheme (Sec 16),1,strong_anomaly
BS-PARCEL-01869,Madhya Pradesh,Indore,8.37,Non-Agricultural,Commercial Hub,2938000.0,3087000.0,3128000.0,52246000.0,3072000.0,0.66,54.0,0.0632,13,6,299,0.674,0.824,Preliminary Notification (Sec 11),0,normal
BS-PARCEL-01870,Uttar Pradesh,Varanasi,6.91,Agricultural,Dry Crop,1138000.0,1605000.0,1546000.0,23341000.0,1025000.0,0.1,79.4,0.0736,7,1,42,0.879,0.836,Enquiry & Award (Sec 23),0,normal
BS-PARCEL-01871,Madhya Pradesh,Gwalior,2.89,Agricultural,Commercial Hub,1117000.0,1431000.0,1502000.0,10860000.0,1277000.0,0.63,60.2,0.0599,1,2,173,0.728,0.629,Declaration (Sec 19),0,normal
BS-PARCEL-01872,Maharashtra,Pune,1.88,Non-Agricultural,Infrastructure Corridor,2649000.0,3558000.0,3437000.0,16554000.0,2713000.0,0.89,68.2,0.1229,1,3,266,0.904,0.661,Rehabilitation Scheme (Sec 16),0,normal
BS-PARCEL-01873,Uttar Pradesh,Lucknow,8.71,Commercial,Irrigated Crop,5335000.0,5928000.0,5690000.0,77037000.0,4954000.0,0.77,17.4,0.0297,10,3,159,0.804,0.577,Possession Handover,1,moderate_anomaly
BS-PARCEL-01874,Uttar Pradesh,Agra,6.41,Non-Agricultural,Commercial Hub,3408000.0,4130000.0,4376000.0,62243000.0,3720000.0,4.15,58.9,0.0785,12,1,258,0.891,0.726,Enquiry & Award (Sec 23),0,normal
BS-PARCEL-01875,Karnataka,Tumakuru,0.85,Non-Agricultural,Irrigated Crop,2276000.0,2977000.0,2875000.0,5397000.0,2335000.0,4.87,87.7,0.0836,2,3,298,0.943,0.697,Possession Handover,0,normal
BS-PARCEL-01876,Madhya Pradesh,Jabalpur,2.54,Agricultural,Irrigated Crop,1187000.0,1366000.0,1300000.0,7670000.0,1347000.0,1.45,77.5,0.075,1,5,223,0.806,0.593,Declaration (Sec 19),0,normal
BS-PARCEL-01877,Madhya Pradesh,Jabalpur,3.82,Commercial,Dry Crop,8131000.0,10819000.0,10900000.0,109480000.0,8790000.0,3.8,81.0,0.1187,3,2,125,0.56,0.726,Declaration (Sec 19),0,normal
BS-PARCEL-01878,Tamil Nadu,Salem,6.44,Agricultural,Residential Zone,1191000.0,1362000.0,1415000.0,20173000.0,1326000.0,1.46,66.0,0.0198,9,6,324,0.765,0.662,Possession Handover,0,normal
BS-PARCEL-01879,Madhya Pradesh,Gwalior,7.2,Agricultural,Irrigated Crop,1112000.0,1261000.0,1195000.0,107144000.0,1128000.0,3.14,95.2,0.1027,14,1,150,0.399,0.655,Possession Handover,1,strong_anomaly
BS-PARCEL-01880,Karnataka,Mysuru,4.23,Agricultural,Dry Crop,1583000.0,1670000.0,1668000.0,15259000.0,1591000.0,0.21,70.2,0.0302,4,4,150,0.76,0.662,Possession Handover,0,normal
BS-PARCEL-01881,Uttar Pradesh,Gorakhpur,5.46,Non-Agricultural,Dry Crop,2313000.0,2689000.0,2550000.0,32914000.0,2492000.0,3.2,53.1,0.0596,8,3,236,0.886,0.629,Compensation Disbursement,0,normal
BS-PARCEL-01882,Tamil Nadu,Madurai,3.51,Agricultural,Irrigated Crop,1537000.0,1766000.0,1751000.0,56791000.0,1355000.0,1.33,80.4,0.0261,8,0,146,0.581,0.517,Declaration (Sec 19),1,strong_anomaly
BS-PARCEL-01883,Madhya Pradesh,Gwalior,1.87,Non-Agricultural,Commercial Hub,2204000.0,2988000.0,2932000.0,11757000.0,1909000.0,8.53,81.6,0.0667,4,5,155,0.893,0.718,SIA Survey (Sec 4),0,normal
BS-PARCEL-01884,Maharashtra,Aurangabad,2.66,Agricultural,Infrastructure Corridor,1198000.0,1531000.0,1464000.0,7970000.0,1372000.0,0.39,76.3,0.0569,8,2,138,0.641,0.754,Rehabilitation Scheme (Sec 16),0,normal
BS-PARCEL-01885,Tamil Nadu,Madurai,3.37,Agricultural,Irrigated Crop,1355000.0,1519000.0,1598000.0,12744000.0,1524000.0,2.99,57.7,0.1455,5,0,160,0.941,0.661,Possession Handover,0,normal
BS-PARCEL-01886,Tamil Nadu,Kanchipuram,3.22,Agricultural,Irrigated Crop,1166000.0,1489000.0,1513000.0,14364000.0,1325000.0,2.07,70.1,0.0897,3,15,469,0.924,0.622,Rehabilitation Scheme (Sec 16),1,moderate_anomaly
BS-PARCEL-01887,Uttar Pradesh,Prayagraj,0.67,Agricultural,Infrastructure Corridor,1285000.0,1465000.0,1525000.0,1583000.0,1116000.0,1.49,90.1,0.0976,0,2,10,0.975,0.626,Enquiry & Award (Sec 23),1,moderate_anomaly
BS-PARCEL-01888,Maharashtra,Thane,2.37,Agricultural,Irrigated Crop,1047000.0,1278000.0,1340000.0,6535000.0,975000.0,0.49,73.6,0.0357,7,4,169,0.879,0.642,Possession Handover,0,normal
BS-PARCEL-01889,Uttar Pradesh,Lucknow,3.48,Non-Agricultural,Irrigated Crop,3056000.0,4295000.0,4517000.0,33946000.0,3424000.0,2.75,38.4,0.1096,10,5,10,0.926,0.951,Possession Handover,0,normal
BS-PARCEL-01890,Maharashtra,Thane,2.61,Agricultural,Infrastructure Corridor,997000.0,1334000.0,1374000.0,7217000.0,874000.0,0.34,53.7,0.1455,4,6,135,0.783,0.8,Possession Handover,0,normal
BS-PARCEL-01891,Uttar Pradesh,Lucknow,2.69,Agricultural,Residential Zone,1473000.0,1930000.0,1885000.0,11053000.0,1452000.0,0.19,52.8,0.1148,2,2,217,0.768,0.74,Declaration (Sec 19),0,normal
BS-PARCEL-01892,Karnataka,Tumakuru,5.03,Non-Agricultural,Dry Crop,3081000.0,3582000.0,3723000.0,38108000.0,2934000.0,0.55,51.4,0.0275,9,0,143,0.819,0.916,Declaration (Sec 19),0,normal
BS-PARCEL-01893,Madhya Pradesh,Gwalior,1.33,Agricultural,Dry Crop,1247000.0,1371000.0,1374000.0,4430000.0,1389000.0,0.41,27.0,0.0614,0,3,257,0.781,0.447,Possession Handover,0,normal
BS-PARCEL-01894,Odisha,Khordha,0.83,Agricultural,Infrastructure Corridor,939000.0,1269000.0,1234000.0,2469000.0,944000.0,0.5,99.0,0.0843,1,2,218,0.723,0.619,SIA Survey (Sec 4),0,normal
BS-PARCEL-01895,Tamil Nadu,Coimbatore,2.47,Agricultural,Dry Crop,1260000.0,1609000.0,1587000.0,6022000.0,1181000.0,2.26,49.2,0.0569,3,4,10,0.731,0.716,SIA Survey (Sec 4),1,moderate_anomaly
BS-PARCEL-01896,Karnataka,Belagavi,6.36,Agricultural,Dry Crop,1306000.0,1697000.0,1657000.0,26346000.0,1316000.0,0.38,50.5,0.1813,17,4,311,0.574,0.539,Possession Handover,0,normal
BS-PARCEL-01897,Madhya Pradesh,Indore,13.94,Agricultural,Residential Zone,1091000.0,1571000.0,1565000.0,47919000.0,964000.0,4.52,30.0,0.0607,25,2,207,0.836,0.362,Enquiry & Award (Sec 23),0,normal
BS-PARCEL-01898,Uttar Pradesh,Gorakhpur,6.45,Non-Agricultural,Dry Crop,3238000.0,3851000.0,3981000.0,48525000.0,3463000.0,2.58,80.6,0.0783,18,3,117,0.915,0.398,Declaration (Sec 19),0,normal
BS-PARCEL-01899,Uttar Pradesh,Varanasi,0.95,Agricultural,Dry Crop,955000.0,1309000.0,1307000.0,2944000.0,989000.0,0.53,63.4,0.056,1,5,128,0.786,0.741,Preliminary Notification (Sec 11),0,normal
BS-PARCEL-01900,Karnataka,Tumakuru,2.73,Commercial,Irrigated Crop,5689000.0,7245000.0,7043000.0,16000000.0,5861000.0,0.87,58.7,0.0893,6,25,10,0.752,0.579,Declaration (Sec 19),1,strong_anomaly
BS-PARCEL-01901,Uttar Pradesh,Gorakhpur,4.13,Agricultural,Dry Crop,1431000.0,1637000.0,1556000.0,15792000.0,1404000.0,1.94,59.6,0.1353,10,1,203,0.797,0.447,Possession Handover,0,normal
BS-PARCEL-01902,Uttar Pradesh,Gorakhpur,3.86,Non-Agricultural,Dry Crop,2347000.0,2514000.0,2621000.0,22546000.0,2202000.0,0.36,75.6,0.0846,5,2,251,0.953,0.719,Declaration (Sec 19),0,normal
BS-PARCEL-01903,Maharashtra,Nagpur,5.25,Commercial,Irrigated Crop,5833000.0,7562000.0,7487000.0,83597000.0,5072000.0,7.46,56.4,0.0712,5,1,105,0.632,0.841,Rehabilitation Scheme (Sec 16),0,normal
BS-PARCEL-01904,Odisha,Cuttack,1.52,Agricultural,Dry Crop,1369000.0,1600000.0,1589000.0,35068000.0,1553000.0,0.52,29.2,0.037,6,2,80,0.388,0.69,Declaration (Sec 19),1,strong_anomaly
BS-PARCEL-01905,Madhya Pradesh,Indore,3.51,Agricultural,Residential Zone,1425000.0,1893000.0,1953000.0,16522000.0,1389000.0,0.16,41.8,0.1284,9,1,195,0.592,0.671,Compensation Disbursement,0,normal
BS-PARCEL-01906,Karnataka,Mysuru,4.75,Agricultural,Dry Crop,937000.0,1246000.0,1298000.0,16777000.0,936000.0,6.17,40.8,0.0743,12,19,572,0.87,0.611,Possession Handover,1,moderate_anomaly
BS-PARCEL-01907,Gujarat,Surat,6.7,Barren,Irrigated Crop,537000.0,662000.0,663000.0,20697000.0,517000.0,1.66,70.0,0.0725,13,3,299,0.786,0.785,Rehabilitation Scheme (Sec 16),1,moderate_anomaly
BS-PARCEL-01908,Maharashtra,Thane,1.67,Barren,Irrigated Crop,661000.0,836000.0,849000.0,4016000.0,758000.0,0.1,81.7,-0.0136,1,24,659,0.762,0.501,Declaration (Sec 19),1,moderate_anomaly
BS-PARCEL-01909,Gujarat,Vadodara,2.48,Agricultural,Irrigated Crop,1327000.0,1726000.0,1672000.0,11046000.0,1445000.0,2.59,91.4,0.0749,1,2,402,0.612,0.721,SIA Survey (Sec 4),0,normal
BS-PARCEL-01910,Uttar Pradesh,Agra,0.33,Commercial,Commercial Hub,6645000.0,8223000.0,8652000.0,6222000.0,5839000.0,0.14,35.6,0.064,1,0,281,0.901,0.817,Declaration (Sec 19),0,normal
BS-PARCEL-01911,Tamil Nadu,Kanchipuram,1.96,Agricultural,Dry Crop,1366000.0,1914000.0,1930000.0,7921000.0,1410000.0,0.29,76.2,0.007,2,1,307,0.901,0.739,SIA Survey (Sec 4),0,normal
BS-PARCEL-01912,Maharashtra,Aurangabad,2.13,Agricultural,Irrigated Crop,1444000.0,1560000.0,1601000.0,7009000.0,1437000.0,0.41,53.9,0.1196,0,3,189,0.666,0.749,Declaration (Sec 19),0,normal
BS-PARCEL-01913,Gujarat,Ahmedabad,1.4,Non-Agricultural,Residential Zone,3695000.0,5328000.0,5081000.0,16646000.0,4020000.0,0.9,99.0,0.0586,0,4,141,0.927,0.351,Declaration (Sec 19),0,normal
BS-PARCEL-01914,Odisha,Khordha,3.82,Agricultural,Irrigated Crop,1152000.0,1225000.0,1245000.0,2578000.0,1324000.0,0.13,89.9,0.1558,8,22,304,0.777,0.869,Rehabilitation Scheme (Sec 16),1,strong_anomaly
BS-PARCEL-01915,Karnataka,Tumakuru,3.17,Agricultural,Irrigated Crop,1017000.0,1153000.0,1135000.0,9728000.0,1092000.0,1.16,95.6,0.1366,4,15,655,0.894,0.631,SIA Survey (Sec 4),1,moderate_anomaly
BS-PARCEL-01916,Madhya Pradesh,Indore,0.49,Commercial,Residential Zone,5905000.0,7873000.0,7826000.0,9354000.0,6551000.0,1.8,79.4,0.0512,0,3,226,0.803,0.571,SIA Survey (Sec 4),0,normal
BS-PARCEL-01917,Madhya Pradesh,Jabalpur,3.99,Agricultural,Dry Crop,1007000.0,1092000.0,1116000.0,10457000.0,1008000.0,0.84,71.9,0.1348,8,2,113,0.642,0.392,Preliminary Notification (Sec 11),0,normal
BS-PARCEL-01918,Tamil Nadu,Madurai,1.51,Non-Agricultural,Commercial Hub,2762000.0,3190000.0,3303000.0,13220000.0,2657000.0,0.1,57.8,0.1444,3,0,217,0.394,0.556,Enquiry & Award (Sec 23),0,normal
BS-PARCEL-01919,Maharashtra,Nagpur,5.02,Agricultural,Residential Zone,1528000.0,1699000.0,1668000.0,22934000.0,1594000.0,2.75,54.2,0.0576,11,3,209,0.889,0.543,SIA Survey (Sec 4),0,normal
BS-PARCEL-01920,Karnataka,Mysuru,1.12,Agricultural,Infrastructure Corridor,1150000.0,1540000.0,1609000.0,8505000.0,1236000.0,0.84,50.6,0.0387,1,2,197,0.571,0.765,Preliminary Notification (Sec 11),1,moderate_anomaly
BS-PARCEL-01921,Odisha,Jharsuguda,3.41,Agricultural,Irrigated Crop,1007000.0,1291000.0,1247000.0,2822000.0,925000.0,4.07,76.1,-0.0062,5,39,178,0.817,0.399,Possession Handover,1,strong_anomaly
BS-PARCEL-01922,Karnataka,Belagavi,2.61,Barren,Commercial Hub,691000.0,743000.0,749000.0,3687000.0,692000.0,0.83,93.1,0.0952,6,4,238,0.793,0.866,SIA Survey (Sec 4),0,normal
BS-PARCEL-01923,Madhya Pradesh,Jabalpur,4.3,Agricultural,Commercial Hub,1614000.0,1992000.0,1909000.0,11278000.0,1427000.0,0.1,58.6,0.0411,11,4,256,0.811,0.752,Compensation Disbursement,1,moderate_anomaly
BS-PARCEL-01924,Maharashtra,Pune,3.69,Agricultural,Irrigated Crop,1035000.0,1173000.0,1143000.0,9764000.0,947000.0,1.09,52.0,0.0964,9,3,26,0.805,0.853,Declaration (Sec 19),0,normal
BS-PARCEL-01925,Maharashtra,Thane,2.67,Non-Agricultural,Infrastructure Corridor,3407000.0,4896000.0,5128000.0,31008000.0,3797000.0,4.29,38.3,0.0573,1,3,175,0.811,0.893,Enquiry & Award (Sec 23),0,normal
BS-PARCEL-01926,Odisha,Cuttack,0.9,Barren,Dry Crop,809000.0,884000.0,832000.0,1981000.0,723000.0,3.71,69.4,0.0488,0,3,134,0.859,0.499,Declaration (Sec 19),0,normal
BS-PARCEL-01927,Madhya Pradesh,Indore,0.95,Industrial,Residential Zone,4756000.0,6132000.0,6438000.0,14442000.0,5200000.0,2.91,87.1,0.0575,1,1,201,0.704,0.867,SIA Survey (Sec 4),0,normal
BS-PARCEL-01928,Gujarat,Bharuch,2.02,Non-Agricultural,Dry Crop,3141000.0,3903000.0,3823000.0,18010000.0,3021000.0,1.11,88.0,0.028,3,1,134,0.966,0.607,Compensation Disbursement,0,normal
BS-PARCEL-01929,Gujarat,Bharuch,3.3,Agricultural,Dry Crop,1211000.0,1552000.0,1588000.0,13181000.0,1270000.0,0.38,89.8,0.0575,4,3,320,0.925,0.861,Compensation Disbursement,0,normal
BS-PARCEL-01930,Karnataka,Mysuru,1.98,Non-Agricultural,Irrigated Crop,2541000.0,3640000.0,3462000.0,16628000.0,2854000.0,0.47,72.5,0.0505,5,1,172,0.663,0.54,Rehabilitation Scheme (Sec 16),0,normal
BS-PARCEL-01931,Madhya Pradesh,Bhopal,5.65,Commercial,Infrastructure Corridor,6537000.0,7756000.0,7887000.0,98737000.0,7088000.0,0.1,66.6,0.0794,12,0,288,0.688,0.862,Enquiry & Award (Sec 23),0,normal
BS-PARCEL-01932,Karnataka,Belagavi,2.62,Commercial,Dry Crop,5247000.0,7081000.0,7429000.0,41127000.0,5760000.0,0.74,88.1,0.0842,2,2,75,0.838,0.538,Declaration (Sec 19),0,normal
BS-PARCEL-01933,Maharashtra,Pune,1.46,Commercial,Irrigated Crop,7632000.0,9380000.0,9442000.0,30566000.0,7085000.0,0.1,45.0,0.0372,6,4,149,0.839,0.801,Possession Handover,0,normal
BS-PARCEL-01934,Karnataka,Mysuru,2.62,Agricultural,Irrigated Crop,1497000.0,1968000.0,1935000.0,12378000.0,1435000.0,2.01,57.1,0.124,6,4,112,0.69,0.674,Compensation Disbursement,0,normal
BS-PARCEL-01935,Madhya Pradesh,Bhopal,4.02,Agricultural,Commercial Hub,1121000.0,1341000.0,1388000.0,14360000.0,1199000.0,1.37,95.8,0.0736,6,3,223,0.905,0.4,Preliminary Notification (Sec 11),0,normal
BS-PARCEL-01936,Odisha,Jharsuguda,4.38,Non-Agricultural,Irrigated Crop,3052000.0,3482000.0,3571000.0,34018000.0,3306000.0,0.57,45.7,0.1401,8,2,49,0.956,0.681,Compensation Disbursement,0,normal
BS-PARCEL-01937,Maharashtra,Pune,16.39,Agricultural,Dry Crop,1067000.0,1156000.0,1103000.0,51512000.0,1160000.0,2.87,64.4,0.0896,37,3,10,0.9,0.57,Possession Handover,0,normal
BS-PARCEL-01938,Maharashtra,Thane,1.88,Agricultural,Dry Crop,992000.0,1082000.0,1104000.0,4378000.0,1063000.0,0.16,76.4,0.0828,1,1,111,0.805,0.376,Enquiry & Award (Sec 23),0,normal
BS-PARCEL-01939,Madhya Pradesh,Gwalior,3.12,Agricultural,Irrigated Crop,1378000.0,1976000.0,2015000.0,13323000.0,1267000.0,2.27,66.5,0.0604,5,3,241,0.764,0.77,Preliminary Notification (Sec 11),0,normal
BS-PARCEL-01940,Madhya Pradesh,Gwalior,4.77,Non-Agricultural,Dry Crop,2325000.0,3175000.0,3271000.0,34847000.0,2178000.0,2.25,85.7,0.1046,9,1,90,0.789,0.717,Compensation Disbursement,0,normal
BS-PARCEL-01941,Karnataka,Belagavi,3.25,Commercial,Irrigated Crop,7925000.0,9098000.0,8897000.0,81624000.0,8976000.0,1.01,92.5,0.0813,2,2,209,0.967,0.548,Declaration (Sec 19),0,normal
BS-PARCEL-01942,Gujarat,Ahmedabad,2.17,Commercial,Infrastructure Corridor,5935000.0,7488000.0,7399000.0,36574000.0,6031000.0,3.92,73.6,0.1143,1,4,108,0.882,0.544,Rehabilitation Scheme (Sec 16),0,normal
BS-PARCEL-01943,Odisha,Sambalpur,0.89,Commercial,Residential Zone,8067000.0,10775000.0,11370000.0,20641000.0,8683000.0,2.09,90.0,0.1442,0,2,10,0.632,0.512,Compensation Disbursement,0,normal
BS-PARCEL-01944,Madhya Pradesh,Bhopal,2.15,Commercial,Irrigated Crop,6312000.0,7518000.0,7584000.0,41074000.0,6500000.0,2.24,48.3,0.0509,7,4,273,0.882,0.56,Declaration (Sec 19),0,normal
BS-PARCEL-01945,Uttar Pradesh,Gorakhpur,1.33,Non-Agricultural,Dry Crop,2720000.0,3335000.0,3338000.0,9919000.0,3066000.0,6.01,62.2,0.1045,4,5,251,0.874,0.379,Compensation Disbursement,0,normal
BS-PARCEL-01946,Uttar Pradesh,Prayagraj,0.77,Agricultural,Dry Crop,1440000.0,1926000.0,2039000.0,3144000.0,1599000.0,3.64,99.0,0.1034,0,2,175,0.68,0.704,Enquiry & Award (Sec 23),0,normal
BS-PARCEL-01947,Odisha,Sambalpur,1.69,Non-Agricultural,Infrastructure Corridor,2957000.0,3374000.0,3265000.0,11289000.0,2745000.0,1.35,99.0,0.0983,2,1,184,0.949,0.688,SIA Survey (Sec 4),0,normal
BS-PARCEL-01948,Uttar Pradesh,Agra,1.36,Agricultural,Irrigated Crop,1045000.0,1317000.0,1301000.0,4415000.0,1166000.0,0.1,42.0,0.0627,3,2,157,0.892,0.639,Possession Handover,0,normal
BS-PARCEL-01949,Odisha,Jharsuguda,5.45,Agricultural,Dry Crop,1512000.0,1715000.0,1768000.0,22153000.0,1421000.0,0.1,64.8,0.0635,9,1,66,0.839,0.36,Declaration (Sec 19),0,normal
BS-PARCEL-01950,Maharashtra,Nashik,5.53,Agricultural,Infrastructure Corridor,1145000.0,1204000.0,1235000.0,14121000.0,1125000.0,3.53,67.4,0.0566,7,2,323,0.743,0.653,Declaration (Sec 19),0,normal
BS-PARCEL-01951,Uttar Pradesh,Agra,1.54,Commercial,Irrigated Crop,5276000.0,6997000.0,7389000.0,25542000.0,5832000.0,1.94,72.5,0.0559,0,2,168,0.802,0.715,Rehabilitation Scheme (Sec 16),0,normal
BS-PARCEL-01952,Gujarat,Ahmedabad,2.66,Non-Agricultural,Dry Crop,2799000.0,3731000.0,3800000.0,21889000.0,2651000.0,6.15,87.9,0.0464,3,4,219,0.673,0.467,Preliminary Notification (Sec 11),0,normal
BS-PARCEL-01953,Karnataka,Mysuru,0.68,Industrial,Irrigated Crop,5253000.0,7608000.0,7437000.0,12103000.0,4923000.0,1.62,98.1,0.0758,0,5,125,0.919,0.529,Enquiry & Award (Sec 23),0,normal
BS-PARCEL-01954,Gujarat,Surat,2.18,Barren,Dry Crop,725000.0,814000.0,804000.0,4113000.0,762000.0,2.4,65.7,0.0497,4,4,228,0.875,0.564,Rehabilitation Scheme (Sec 16),0,normal
BS-PARCEL-01955,Tamil Nadu,Madurai,4.66,Industrial,Irrigated Crop,6007000.0,8084000.0,7686000.0,104559000.0,6907000.0,6.36,85.2,0.0974,10,2,305,0.91,0.585,Possession Handover,0,normal
BS-PARCEL-01956,Karnataka,Belagavi,6.69,Agricultural,Infrastructure Corridor,1290000.0,1844000.0,1938000.0,28843000.0,1147000.0,2.16,76.7,0.0823,10,2,198,0.824,0.526,Possession Handover,0,normal
BS-PARCEL-01957,Gujarat,Bharuch,1.81,Industrial,Dry Crop,4244000.0,5550000.0,5303000.0,22009000.0,4500000.0,1.41,64.6,0.0868,3,2,219,0.896,0.516,Enquiry & Award (Sec 23),0,normal
BS-PARCEL-01958,Karnataka,Bengaluru Rural,8.12,Commercial,Irrigated Crop,5895000.0,8461000.0,8507000.0,153441000.0,5943000.0,1.1,34.4,0.0691,19,5,276,0.887,0.915,SIA Survey (Sec 4),0,normal
BS-PARCEL-01959,Odisha,Cuttack,0.92,Industrial,Residential Zone,3890000.0,5632000.0,5565000.0,14322000.0,3786000.0,3.67,83.3,0.0828,1,22,572,0.83,0.526,Enquiry & Award (Sec 23),1,moderate_anomaly
BS-PARCEL-01960,Gujarat,Surat,1.15,Agricultural,Residential Zone,1430000.0,1960000.0,1874000.0,5665000.0,1537000.0,0.86,75.9,0.0701,0,2,294,0.866,0.684,Preliminary Notification (Sec 11),0,normal
BS-PARCEL-01961,Maharashtra,Nashik,6.07,Agricultural,Dry Crop,976000.0,1415000.0,1380000.0,18726000.0,992000.0,2.05,72.0,0.1112,4,3,215,0.816,0.544,Compensation Disbursement,0,normal
BS-PARCEL-01962,Gujarat,Bharuch,13.74,Industrial,Commercial Hub,5345000.0,6950000.0,7061000.0,231344000.0,5823000.0,1.12,47.3,0.0623,35,2,215,0.667,0.574,Declaration (Sec 19),0,normal
BS-PARCEL-01963,Tamil Nadu,Madurai,5.05,Agricultural,Irrigated Crop,1330000.0,1661000.0,1568000.0,19192000.0,1427000.0,6.17,99.0,0.095,4,4,206,0.732,0.785,Possession Handover,0,normal
BS-PARCEL-01964,Maharashtra,Nagpur,3.21,Agricultural,Dry Crop,1466000.0,2077000.0,2193000.0,10365000.0,1679000.0,0.91,67.7,0.0277,9,2,275,0.912,0.741,Rehabilitation Scheme (Sec 16),1,moderate_anomaly
BS-PARCEL-01965,Odisha,Sambalpur,0.51,Agricultural,Irrigated Crop,954000.0,1319000.0,1384000.0,1502000.0,1043000.0,2.5,44.5,0.1085,1,3,132,0.681,0.448,SIA Survey (Sec 4),0,normal
BS-PARCEL-01966,Karnataka,Tumakuru,0.6,Agricultural,Irrigated Crop,1046000.0,1144000.0,1087000.0,1880000.0,910000.0,4.71,41.6,0.0576,1,2,238,0.72,0.53,Possession Handover,0,normal
BS-PARCEL-01967,Karnataka,Tumakuru,3.71,Agricultural,Infrastructure Corridor,1555000.0,1821000.0,1901000.0,17641000.0,1685000.0,2.13,77.2,0.0435,6,4,432,0.73,0.705,Declaration (Sec 19),0,normal
BS-PARCEL-01968,Gujarat,Surat,2.45,Barren,Commercial Hub,711000.0,821000.0,804000.0,4982000.0,743000.0,0.37,77.7,0.0344,4,3,219,0.964,0.74,Compensation Disbursement,0,normal
BS-PARCEL-01969,Odisha,Jharsuguda,1.3,Industrial,Irrigated Crop,4918000.0,6846000.0,6491000.0,88736000.0,4313000.0,0.43,56.7,0.0313,2,3,48,0.527,0.824,Possession Handover,1,strong_anomaly
BS-PARCEL-01970,Uttar Pradesh,Gorakhpur,3.51,Industrial,Irrigated Crop,5753000.0,6577000.0,6424000.0,62831000.0,5935000.0,0.28,73.3,0.0607,7,2,148,0.722,0.712,Declaration (Sec 19),0,normal
BS-PARCEL-01971,Gujarat,Ahmedabad,3.66,Agricultural,Infrastructure Corridor,1550000.0,1816000.0,1883000.0,16570000.0,1667000.0,1.84,77.0,0.1399,7,1,248,0.631,0.396,Declaration (Sec 19),0,normal
BS-PARCEL-01972,Gujarat,Vadodara,7.41,Agricultural,Irrigated Crop,1089000.0,1369000.0,1396000.0,25275000.0,990000.0,1.43,67.5,0.0543,8,0,106,0.965,0.676,Declaration (Sec 19),0,normal
BS-PARCEL-01973,Madhya Pradesh,Jabalpur,3.73,Agricultural,Irrigated Crop,1549000.0,1674000.0,1621000.0,13764000.0,1519000.0,1.46,52.4,-0.0084,7,0,72,0.79,0.776,Compensation Disbursement,0,normal
BS-PARCEL-01974,Madhya Pradesh,Gwalior,9.43,Agricultural,Irrigated Crop,978000.0,1403000.0,1440000.0,40944000.0,990000.0,2.27,82.3,0.0946,12,14,738,0.642,0.618,Possession Handover,1,moderate_anomaly
BS-PARCEL-01975,Maharashtra,Pune,3.34,Agricultural,Irrigated Crop,1604000.0,1999000.0,2049000.0,16320000.0,1562000.0,0.25,80.1,0.0354,3,2,157,0.79,0.725,Rehabilitation Scheme (Sec 16),0,normal
BS-PARCEL-01976,Maharashtra,Pune,3.01,Commercial,Irrigated Crop,5518000.0,6214000.0,6395000.0,47107000.0,6140000.0,2.64,75.2,0.1126,3,23,453,0.894,0.482,Enquiry & Award (Sec 23),1,moderate_anomaly
BS-PARCEL-01977,Uttar Pradesh,Agra,8.2,Barren,Infrastructure Corridor,591000.0,685000.0,688000.0,11841000.0,532000.0,0.1,50.0,0.0632,14,0,121,0.669,0.541,SIA Survey (Sec 4),0,normal
BS-PARCEL-01978,Karnataka,Tumakuru,1.45,Agricultural,Irrigated Crop,970000.0,1328000.0,1379000.0,4197000.0,1049000.0,0.1,41.0,0.069,1,4,276,0.907,0.558,Declaration (Sec 19),0,normal
BS-PARCEL-01979,Gujarat,Surat,36.32,Agricultural,Dry Crop,1479000.0,1928000.0,1961000.0,145889000.0,1602000.0,0.5,66.4,0.1279,63,2,149,0.776,0.458,Compensation Disbursement,0,normal
BS-PARCEL-01980,Madhya Pradesh,Gwalior,4.57,Agricultural,Commercial Hub,1609000.0,1988000.0,1899000.0,20890000.0,1584000.0,0.23,81.7,0.1047,5,3,137,0.663,0.268,Compensation Disbursement,0,normal
BS-PARCEL-01981,Karnataka,Belagavi,4.59,Agricultural,Dry Crop,1114000.0,1317000.0,1366000.0,13833000.0,1127000.0,0.64,83.7,0.0301,11,0,236,0.824,0.328,Rehabilitation Scheme (Sec 16),0,normal
BS-PARCEL-01982,Karnataka,Bengaluru Rural,5.19,Agricultural,Commercial Hub,1134000.0,1599000.0,1565000.0,17775000.0,1016000.0,3.92,75.5,0.036,10,5,11,0.963,0.584,Rehabilitation Scheme (Sec 16),0,normal
BS-PARCEL-01983,Madhya Pradesh,Gwalior,16.37,Agricultural,Dry Crop,1101000.0,1496000.0,1533000.0,63805000.0,1000000.0,5.96,56.9,0.0087,37,2,363,0.8,0.675,SIA Survey (Sec 4),0,normal
BS-PARCEL-01984,Karnataka,Bengaluru Rural,6.51,Agricultural,Dry Crop,1011000.0,1352000.0,1380000.0,21383000.0,1021000.0,0.35,50.5,0.1841,17,3,239,0.66,0.577,Preliminary Notification (Sec 11),0,normal
BS-PARCEL-01985,Karnataka,Mysuru,0.85,Agricultural,Dry Crop,1467000.0,1802000.0,1767000.0,3968000.0,1346000.0,1.41,64.7,0.0455,0,5,295,0.815,0.596,Rehabilitation Scheme (Sec 16),0,normal
BS-PARCEL-01986,Karnataka,Bengaluru Rural,10.95,Commercial,Commercial Hub,5112000.0,7374000.0,7075000.0,170528000.0,5582000.0,2.39,64.9,0.1268,15,1,151,0.844,0.75,Compensation Disbursement,0,normal
BS-PARCEL-01987,Karnataka,Mysuru,2.48,Agricultural,Commercial Hub,1597000.0,2130000.0,2180000.0,12375000.0,1653000.0,0.26,84.9,0.0587,3,4,234,0.813,0.629,Rehabilitation Scheme (Sec 16),0,normal
BS-PARCEL-01988,Gujarat,Bharuch,3.64,Agricultural,Commercial Hub,1568000.0,1912000.0,1992000.0,15842000.0,1359000.0,0.67,56.4,0.0368,7,1,282,0.819,0.533,Rehabilitation Scheme (Sec 16),0,normal
BS-PARCEL-01989,Maharashtra,Nashik,1.12,Agricultural,Irrigated Crop,985000.0,1413000.0,1470000.0,3669000.0,943000.0,1.49,57.9,0.0809,1,1,170,0.888,0.57,Enquiry & Award (Sec 23),0,normal
BS-PARCEL-01990,Tamil Nadu,Salem,5.19,Agricultural,Dry Crop,1281000.0,1804000.0,1831000.0,22202000.0,1419000.0,0.1,99.0,0.0669,9,1,83,0.883,0.383,SIA Survey (Sec 4),0,normal
BS-PARCEL-01991,Gujarat,Ahmedabad,1.91,Non-Agricultural,Commercial Hub,3768000.0,5072000.0,4906000.0,24576000.0,3516000.0,1.17,92.9,0.1121,2,2,76,0.759,0.624,SIA Survey (Sec 4),0,normal
BS-PARCEL-01992,Madhya Pradesh,Jabalpur,3.62,Commercial,Irrigated Crop,8200000.0,11126000.0,10881000.0,68073000.0,8741000.0,0.29,49.1,0.1126,3,2,133,0.749,0.5,Possession Handover,1,moderate_anomaly
BS-PARCEL-01993,Maharashtra,Pune,2.61,Industrial,Residential Zone,5660000.0,6902000.0,7113000.0,36399000.0,4970000.0,0.96,91.4,0.0564,4,4,204,0.831,0.853,Preliminary Notification (Sec 11),0,normal
BS-PARCEL-01994,Madhya Pradesh,Jabalpur,17.05,Non-Agricultural,Irrigated Crop,2138000.0,2679000.0,2650000.0,118681000.0,2414000.0,0.1,44.8,0.0224,37,4,162,0.964,0.818,Rehabilitation Scheme (Sec 16),0,normal
BS-PARCEL-01995,Madhya Pradesh,Gwalior,17.9,Agricultural,Irrigated Crop,949000.0,1069000.0,1099000.0,50910000.0,935000.0,0.82,57.2,0.0321,22,19,698,0.805,0.213,Declaration (Sec 19),1,moderate_anomaly
BS-PARCEL-01996,Karnataka,Tumakuru,3.45,Agricultural,Residential Zone,1472000.0,1896000.0,1853000.0,16322000.0,1468000.0,0.14,59.2,-0.0113,7,3,254,0.761,0.813,SIA Survey (Sec 4),0,normal
BS-PARCEL-01997,Madhya Pradesh,Bhopal,3.51,Agricultural,Irrigated Crop,1171000.0,1403000.0,1320000.0,10614000.0,1196000.0,2.44,63.6,0.069,3,2,129,0.874,0.434,SIA Survey (Sec 4),0,normal
BS-PARCEL-01998,Gujarat,Surat,2.42,Agricultural,Dry Crop,1381000.0,1642000.0,1662000.0,9560000.0,1324000.0,0.65,76.2,0.0795,7,2,114,0.65,0.707,SIA Survey (Sec 4),0,normal
BS-PARCEL-01999,Odisha,Khordha,8.5,Industrial,Irrigated Crop,5729000.0,8188000.0,8287000.0,199686000.0,6116000.0,0.38,66.9,0.0343,15,17,538,0.623,0.163,Rehabilitation Scheme (Sec 16),1,moderate_anomaly
BS-PARCEL-02000,Madhya Pradesh,Indore,2.51,Agricultural,Residential Zone,1204000.0,1344000.0,1365000.0,8388000.0,1029000.0,1.19,76.1,0.0295,3,2,240,0.828,0.718,Compensation Disbursement,0,normal
BS-PARCEL-02001,Tamil Nadu,Kanchipuram,2.32,Agricultural,Dry Crop,1003000.0,1386000.0,1347000.0,4389000.0,901000.0,2.83,57.8,0.0794,4,2,45,0.842,0.836,Rehabilitation Scheme (Sec 16),1,moderate_anomaly
BS-PARCEL-02002,Tamil Nadu,Salem,7.63,Agricultural,Dry Crop,1178000.0,1370000.0,1421000.0,23848000.0,1068000.0,0.1,71.7,0.0547,12,3,33,0.724,0.742,Rehabilitation Scheme (Sec 16),0,normal
BS-PARCEL-02003,Madhya Pradesh,Indore,2.1,Agricultural,Commercial Hub,1527000.0,1621000.0,1619000.0,7216000.0,1589000.0,0.74,66.4,0.0715,0,3,58,0.874,0.498,Rehabilitation Scheme (Sec 16),0,normal
BS-PARCEL-02004,Odisha,Khordha,3.22,Industrial,Dry Crop,4554000.0,4855000.0,5008000.0,34346000.0,5088000.0,1.58,40.0,0.0653,4,1,176,0.799,0.713,Possession Handover,0,normal
BS-PARCEL-02005,Uttar Pradesh,Varanasi,0.87,Agricultural,Infrastructure Corridor,945000.0,1154000.0,1169000.0,2319000.0,821000.0,0.71,73.7,0.0899,2,1,309,0.813,0.71,Preliminary Notification (Sec 11),0,normal
BS-PARCEL-02006,Odisha,Cuttack,6.04,Agricultural,Residential Zone,1591000.0,1960000.0,1940000.0,26797000.0,1759000.0,3.71,66.7,0.0574,11,5,339,0.872,0.334,Compensation Disbursement,0,normal
BS-PARCEL-02007,Tamil Nadu,Madurai,17.28,Agricultural,Dry Crop,1390000.0,1638000.0,1673000.0,68942000.0,1523000.0,1.97,52.1,0.0605,28,2,262,0.833,0.455,Rehabilitation Scheme (Sec 16),0,normal
BS-PARCEL-02008,Madhya Pradesh,Gwalior,6.13,Commercial,Infrastructure Corridor,6984000.0,9202000.0,9285000.0,282978000.0,6097000.0,7.56,57.4,0.0047,10,6,390,0.818,0.787,Possession Handover,1,moderate_anomaly
BS-PARCEL-02009,Tamil Nadu,Kanchipuram,11.5,Agricultural,Dry Crop,1497000.0,1862000.0,1864000.0,53815000.0,1337000.0,0.92,57.8,0.078,21,3,202,0.592,0.702,Rehabilitation Scheme (Sec 16),0,normal
BS-PARCEL-02010,Madhya Pradesh,Indore,1.62,Non-Agricultural,Irrigated Crop,2791000.0,3013000.0,3067000.0,12601000.0,2665000.0,4.29,60.6,0.0835,2,1,301,0.86,0.518,Preliminary Notification (Sec 11),0,normal
BS-PARCEL-02011,Maharashtra,Aurangabad,4.06,Agricultural,Irrigated Crop,1609000.0,1913000.0,1818000.0,18679000.0,1423000.0,0.49,96.7,0.0729,8,2,117,0.881,0.294,Declaration (Sec 19),0,normal
BS-PARCEL-02012,Tamil Nadu,Salem,1.49,Agricultural,Dry Crop,1517000.0,1655000.0,1736000.0,6085000.0,1635000.0,3.11,99.0,0.1565,1,5,10,0.777,0.81,SIA Survey (Sec 4),0,normal
BS-PARCEL-02013,Maharashtra,Nagpur,2.74,Commercial,Irrigated Crop,5969000.0,6418000.0,6291000.0,42975000.0,5976000.0,0.4,15.9,0.0865,3,2,146,0.797,0.353,Enquiry & Award (Sec 23),0,normal
BS-PARCEL-02014,Gujarat,Ahmedabad,6.4,Agricultural,Dry Crop,1167000.0,1323000.0,1279000.0,19353000.0,1136000.0,3.87,73.8,0.0737,11,1,166,0.848,0.723,Enquiry & Award (Sec 23),0,normal
BS-PARCEL-02015,Madhya Pradesh,Indore,3.62,Agricultural,Irrigated Crop,1099000.0,1462000.0,1510000.0,11899000.0,1173000.0,1.02,82.2,0.1,13,1,464,0.902,0.498,Enquiry & Award (Sec 23),0,normal
BS-PARCEL-02016,Tamil Nadu,Madurai,1.0,Non-Agricultural,Dry Crop,3208000.0,4262000.0,4125000.0,9127000.0,3009000.0,0.96,61.1,0.1645,0,5,179,0.939,0.647,SIA Survey (Sec 4),0,normal
BS-PARCEL-02017,Gujarat,Ahmedabad,1.09,Agricultural,Irrigated Crop,1360000.0,1897000.0,2010000.0,4517000.0,1512000.0,0.84,81.7,0.0901,4,3,68,0.912,0.606,Enquiry & Award (Sec 23),0,normal
BS-PARCEL-02018,Madhya Pradesh,Gwalior,1.03,Agricultural,Residential Zone,1276000.0,1726000.0,1710000.0,3901000.0,1335000.0,1.96,94.8,-0.0089,2,2,286,0.86,0.55,Rehabilitation Scheme (Sec 16),0,normal
BS-PARCEL-02019,Uttar Pradesh,Prayagraj,5.04,Commercial,Irrigated Crop,8642000.0,10925000.0,10658000.0,133363000.0,8244000.0,1.19,40.3,0.0973,10,4,96,0.645,0.728,Possession Handover,0,normal
BS-PARCEL-02020,Uttar Pradesh,Gorakhpur,19.19,Agricultural,Irrigated Crop,1240000.0,1457000.0,1380000.0,62982000.0,1255000.0,5.97,67.4,0.0448,34,7,195,0.822,0.48,Enquiry & Award (Sec 23),0,normal
BS-PARCEL-02021,Uttar Pradesh,Gorakhpur,10.57,Agricultural,Dry Crop,1464000.0,1541000.0,1456000.0,24891000.0,1358000.0,1.33,99.0,0.0031,27,2,276,0.699,0.806,Declaration (Sec 19),1,moderate_anomaly
BS-PARCEL-02022,Uttar Pradesh,Lucknow,0.66,Agricultural,Dry Crop,1374000.0,1798000.0,1711000.0,3152000.0,1574000.0,6.6,42.7,0.1479,1,1,77,0.921,0.472,Compensation Disbursement,0,normal
BS-PARCEL-02023,Odisha,Cuttack,11.11,Non-Agricultural,Dry Crop,2971000.0,3464000.0,3258000.0,88283000.0,2914000.0,1.0,62.9,0.1393,6,2,346,0.636,0.691,Declaration (Sec 19),0,normal
BS-PARCEL-02024,Tamil Nadu,Kanchipuram,7.36,Agricultural,Dry Crop,930000.0,1070000.0,1048000.0,19590000.0,1041000.0,0.42,56.9,0.0438,14,3,303,0.718,0.593,Declaration (Sec 19),0,normal
BS-PARCEL-02025,Tamil Nadu,Coimbatore,0.89,Agricultural,Irrigated Crop,1373000.0,1977000.0,1932000.0,5289000.0,1570000.0,2.03,83.9,0.0441,0,23,610,0.668,0.623,SIA Survey (Sec 4),1,moderate_anomaly
BS-PARCEL-02026,Uttar Pradesh,Lucknow,2.57,Non-Agricultural,Residential Zone,3180000.0,3561000.0,3531000.0,19527000.0,3214000.0,0.93,86.4,0.0864,3,1,372,0.901,0.615,Enquiry & Award (Sec 23),0,normal
BS-PARCEL-02027,Uttar Pradesh,Varanasi,8.42,Non-Agricultural,Dry Crop,2310000.0,2455000.0,2376000.0,46582000.0,2469000.0,1.33,67.9,0.0446,17,2,137,0.511,0.638,Rehabilitation Scheme (Sec 16),0,normal
BS-PARCEL-02028,Maharashtra,Nagpur,5.3,Barren,Irrigated Crop,798000.0,1141000.0,1081000.0,14306000.0,815000.0,1.22,65.6,0.0746,6,4,267,0.819,0.785,Preliminary Notification (Sec 11),0,normal
BS-PARCEL-02029,Madhya Pradesh,Bhopal,1.09,Agricultural,Commercial Hub,1236000.0,1449000.0,1374000.0,3009000.0,1085000.0,4.07,34.1,0.0515,0,1,210,0.94,0.471,Compensation Disbursement,0,normal
BS-PARCEL-02030,Gujarat,Ahmedabad,5.58,Agricultural,Dry Crop,1133000.0,1368000.0,1316000.0,114625000.0,1287000.0,1.6,90.6,0.064,6,2,109,0.622,0.598,Preliminary Notification (Sec 11),1,strong_anomaly
BS-PARCEL-02031,Madhya Pradesh,Indore,0.54,Agricultural,Dry Crop,1493000.0,1616000.0,1580000.0,1895000.0,1474000.0,0.48,58.6,0.0238,2,4,113,0.713,0.323,Enquiry & Award (Sec 23),0,normal
BS-PARCEL-02032,Maharashtra,Nagpur,2.75,Non-Agricultural,Dry Crop,2677000.0,3244000.0,3107000.0,20941000.0,2993000.0,1.31,62.4,0.1131,1,3,403,0.957,0.71,SIA Survey (Sec 4),0,normal
BS-PARCEL-02033,Tamil Nadu,Kanchipuram,8.73,Agricultural,Dry Crop,1348000.0,1940000.0,1909000.0,41524000.0,1411000.0,1.53,82.5,0.1282,26,3,296,0.673,0.616,Rehabilitation Scheme (Sec 16),0,normal
BS-PARCEL-02034,Gujarat,Bharuch,3.37,Non-Agricultural,Dry Crop,3138000.0,4166000.0,4377000.0,12354000.0,2766000.0,1.46,68.6,0.076,9,44,277,0.834,0.83,Compensation Disbursement,1,strong_anomaly
BS-PARCEL-02035,Uttar Pradesh,Varanasi,2.17,Agricultural,Irrigated Crop,938000.0,1163000.0,1130000.0,6055000.0,915000.0,2.65,83.1,0.0786,4,4,111,0.805,0.237,Preliminary Notification (Sec 11),0,normal
BS-PARCEL-02036,Tamil Nadu,Kanchipuram,7.07,Commercial,Irrigated Crop,6524000.0,7653000.0,7348000.0,125397000.0,5929000.0,0.1,75.9,0.1052,6,3,257,0.78,0.803,Enquiry & Award (Sec 23),0,normal
BS-PARCEL-02037,Odisha,Khordha,7.6,Commercial,Infrastructure Corridor,5744000.0,6872000.0,7008000.0,109078000.0,5175000.0,0.1,68.7,0.0801,13,2,139,0.852,0.513,Declaration (Sec 19),0,normal
BS-PARCEL-02038,Uttar Pradesh,Varanasi,10.11,Agricultural,Dry Crop,1044000.0,1351000.0,1350000.0,29734000.0,1111000.0,2.02,70.6,0.1492,8,2,366,0.88,0.9,Compensation Disbursement,0,normal
BS-PARCEL-02039,Madhya Pradesh,Jabalpur,6.98,Barren,Dry Crop,743000.0,856000.0,809000.0,80805000.0,638000.0,0.1,44.8,0.0273,11,0,313,0.488,0.553,SIA Survey (Sec 4),1,strong_anomaly
BS-PARCEL-02040,Tamil Nadu,Madurai,8.32,Barren,Irrigated Crop,492000.0,547000.0,566000.0,9978000.0,561000.0,6.37,62.3,0.1144,13,4,281,0.708,0.828,Enquiry & Award (Sec 23),0,normal
BS-PARCEL-02041,Karnataka,Tumakuru,6.19,Agricultural,Commercial Hub,1598000.0,2123000.0,2178000.0,31780000.0,1574000.0,3.05,84.5,0.0754,11,1,269,0.857,0.855,Declaration (Sec 19),0,normal
BS-PARCEL-02042,Tamil Nadu,Salem,4.16,Agricultural,Irrigated Crop,1185000.0,1656000.0,1751000.0,16110000.0,1181000.0,3.41,48.8,0.0352,9,1,170,0.839,0.854,Rehabilitation Scheme (Sec 16),0,normal
BS-PARCEL-02043,Gujarat,Ahmedabad,3.58,Non-Agricultural,Irrigated Crop,2602000.0,3670000.0,3863000.0,27479000.0,2445000.0,0.11,52.1,0.1699,7,1,233,0.828,0.864,Rehabilitation Scheme (Sec 16),0,normal
BS-PARCEL-02044,Gujarat,Bharuch,2.71,Agricultural,Irrigated Crop,1562000.0,2166000.0,2188000.0,12035000.0,1368000.0,2.33,49.2,0.1754,2,4,349,0.791,0.656,Rehabilitation Scheme (Sec 16),0,normal
BS-PARCEL-02045,Karnataka,Bengaluru Rural,1.18,Agricultural,Commercial Hub,1250000.0,1578000.0,1613000.0,4130000.0,1283000.0,0.98,67.8,0.0717,3,2,231,0.959,0.685,Declaration (Sec 19),0,normal
BS-PARCEL-02046,Maharashtra,Thane,1.47,Agricultural,Dry Crop,1342000.0,1833000.0,1813000.0,6110000.0,1279000.0,1.34,90.2,0.0978,2,2,87,0.931,0.683,Preliminary Notification (Sec 11),0,normal
BS-PARCEL-02047,Maharashtra,Nashik,2.61,Barren,Irrigated Crop,759000.0,1078000.0,1128000.0,6662000.0,787000.0,3.12,74.8,0.0612,2,1,318,0.716,0.665,Rehabilitation Scheme (Sec 16),0,normal
BS-PARCEL-02048,Karnataka,Belagavi,4.08,Agricultural,Irrigated Crop,1527000.0,1618000.0,1628000.0,84673000.0,1553000.0,1.82,25.8,0.0676,7,2,105,0.322,0.621,Enquiry & Award (Sec 23),1,strong_anomaly
BS-PARCEL-02049,Karnataka,Mysuru,11.3,Commercial,Dry Crop,5381000.0,6537000.0,6400000.0,324497000.0,4924000.0,0.1,76.7,0.0347,24,2,176,0.809,0.532,Declaration (Sec 19),1,moderate_anomaly
BS-PARCEL-02050,Uttar Pradesh,Prayagraj,3.2,Agricultural,Dry Crop,959000.0,1085000.0,1021000.0,7478000.0,948000.0,5.85,57.0,0.0288,4,3,127,0.842,0.653,SIA Survey (Sec 4),0,normal
BS-PARCEL-02051,Madhya Pradesh,Indore,7.79,Agricultural,Dry Crop,1615000.0,2340000.0,2364000.0,42462000.0,1522000.0,5.3,74.2,0.1538,7,4,10,0.824,0.638,Rehabilitation Scheme (Sec 16),0,normal
BS-PARCEL-02052,Gujarat,Vadodara,8.31,Commercial,Irrigated Crop,4910000.0,6981000.0,7002000.0,153990000.0,4527000.0,0.1,62.3,0.0784,13,0,199,0.912,0.816,Rehabilitation Scheme (Sec 16),0,normal
BS-PARCEL-02053,Madhya Pradesh,Gwalior,2.73,Agricultural,Commercial Hub,1410000.0,1933000.0,2005000.0,11713000.0,1524000.0,2.17,49.5,0.082,4,2,419,0.758,0.804,Enquiry & Award (Sec 23),0,normal
BS-PARCEL-02054,Odisha,Jharsuguda,5.5,Agricultural,Infrastructure Corridor,1340000.0,1566000.0,1507000.0,19096000.0,1144000.0,2.13,63.7,0.0476,9,5,215,0.945,0.845,Possession Handover,0,normal
BS-PARCEL-02055,Uttar Pradesh,Agra,2.7,Agricultural,Dry Crop,1298000.0,1857000.0,1927000.0,13708000.0,1208000.0,0.26,57.1,0.0876,6,18,535,0.977,0.595,Declaration (Sec 19),1,moderate_anomaly
BS-PARCEL-02056,Odisha,Sambalpur,10.21,Non-Agricultural,Irrigated Crop,3420000.0,3631000.0,3420000.0,96863000.0,3452000.0,2.09,70.5,0.0198,19,1,163,0.665,0.623,Enquiry & Award (Sec 23),0,normal
BS-PARCEL-02057,Madhya Pradesh,Jabalpur,5.7,Agricultural,Dry Crop,1615000.0,1817000.0,1836000.0,52014000.0,1603000.0,0.49,49.1,0.0491,5,0,204,0.767,0.678,Preliminary Notification (Sec 11),1,moderate_anomaly
BS-PARCEL-02058,Tamil Nadu,Coimbatore,1.21,Agricultural,Irrigated Crop,934000.0,1211000.0,1196000.0,13477000.0,1057000.0,1.31,44.8,0.032,3,2,168,0.307,0.801,Possession Handover,1,strong_anomaly
BS-PARCEL-02059,Gujarat,Ahmedabad,3.81,Agricultural,Irrigated Crop,1342000.0,1835000.0,1798000.0,16789000.0,1480000.0,0.1,78.2,0.1317,4,7,186,0.851,0.808,Rehabilitation Scheme (Sec 16),0,normal
BS-PARCEL-02060,Gujarat,Surat,13.48,Agricultural,Irrigated Crop,1416000.0,1987000.0,1971000.0,61036000.0,1523000.0,1.93,85.0,0.0139,23,4,220,0.736,0.696,Rehabilitation Scheme (Sec 16),0,normal
BS-PARCEL-02061,Tamil Nadu,Kanchipuram,2.85,Agricultural,Infrastructure Corridor,1120000.0,1311000.0,1268000.0,10102000.0,1125000.0,3.27,75.4,0.0328,7,13,725,0.838,0.304,SIA Survey (Sec 4),1,moderate_anomaly
BS-PARCEL-02062,Karnataka,Bengaluru Rural,4.86,Agricultural,Dry Crop,1543000.0,1861000.0,1790000.0,21152000.0,1510000.0,1.06,53.3,-0.0019,10,1,87,0.831,0.846,Preliminary Notification (Sec 11),0,normal
BS-PARCEL-02063,Maharashtra,Nashik,5.28,Agricultural,Residential Zone,1229000.0,1514000.0,1569000.0,41257000.0,1058000.0,0.38,51.7,0.0444,12,31,790,0.449,0.292,Enquiry & Award (Sec 23),1,strong_anomaly
BS-PARCEL-02064,Karnataka,Belagavi,1.38,Agricultural,Dry Crop,1018000.0,1080000.0,1045000.0,3420000.0,1116000.0,0.18,52.7,0.0616,2,4,247,0.875,0.787,SIA Survey (Sec 4),0,normal
BS-PARCEL-02065,Tamil Nadu,Madurai,5.12,Non-Agricultural,Dry Crop,3535000.0,4933000.0,5073000.0,51987000.0,3462000.0,0.18,81.0,0.1191,8,1,320,0.851,0.62,SIA Survey (Sec 4),0,normal
BS-PARCEL-02066,Gujarat,Surat,1.02,Non-Agricultural,Irrigated Crop,3684000.0,4366000.0,4477000.0,10010000.0,3486000.0,1.21,50.1,0.0711,2,2,10,0.841,0.649,SIA Survey (Sec 4),0,normal
BS-PARCEL-02067,Odisha,Sambalpur,1.95,Agricultural,Dry Crop,972000.0,1098000.0,1037000.0,4582000.0,1003000.0,5.02,80.9,0.0636,2,1,26,0.77,0.592,Possession Handover,0,normal
BS-PARCEL-02068,Karnataka,Bengaluru Rural,8.28,Agricultural,Irrigated Crop,1441000.0,1749000.0,1829000.0,35071000.0,1551000.0,3.72,76.5,0.092,11,0,184,0.899,0.417,Enquiry & Award (Sec 23),0,normal
BS-PARCEL-02069,Gujarat,Bharuch,4.5,Agricultural,Dry Crop,1055000.0,1408000.0,1457000.0,14287000.0,1062000.0,3.14,87.3,0.0623,15,0,303,0.812,0.482,Possession Handover,0,normal
BS-PARCEL-02070,Uttar Pradesh,Lucknow,2.56,Barren,Irrigated Crop,490000.0,685000.0,709000.0,4426000.0,438000.0,2.64,84.1,0.1764,1,2,127,0.729,0.284,Compensation Disbursement,0,normal
BS-PARCEL-02071,Karnataka,Belagavi,4.85,Agricultural,Irrigated Crop,1088000.0,1236000.0,1282000.0,12516000.0,1226000.0,0.56,74.8,0.0564,12,4,253,0.754,0.759,Possession Handover,0,normal
BS-PARCEL-02072,Maharashtra,Aurangabad,3.15,Agricultural,Dry Crop,1516000.0,1696000.0,1713000.0,13580000.0,1340000.0,0.29,38.6,0.0965,6,3,397,0.871,0.658,Declaration (Sec 19),0,normal
BS-PARCEL-02073,Tamil Nadu,Salem,3.36,Agricultural,Irrigated Crop,1002000.0,1430000.0,1515000.0,12366000.0,1143000.0,0.1,76.0,0.1131,2,2,181,0.686,0.626,SIA Survey (Sec 4),0,normal
BS-PARCEL-02074,Madhya Pradesh,Indore,5.8,Agricultural,Irrigated Crop,994000.0,1263000.0,1214000.0,6136000.0,977000.0,2.06,67.1,0.0552,6,26,154,0.844,0.43,Rehabilitation Scheme (Sec 16),1,strong_anomaly
BS-PARCEL-02075,Madhya Pradesh,Gwalior,1.79,Agricultural,Infrastructure Corridor,1432000.0,1713000.0,1625000.0,3956000.0,1624000.0,3.8,58.3,0.0866,3,5,231,0.68,0.522,SIA Survey (Sec 4),1,moderate_anomaly
BS-PARCEL-02076,Maharashtra,Thane,3.44,Agricultural,Irrigated Crop,1193000.0,1348000.0,1381000.0,10929000.0,1341000.0,4.79,89.5,0.06,8,4,199,0.796,0.712,Enquiry & Award (Sec 23),0,normal
BS-PARCEL-02077,Karnataka,Tumakuru,2.55,Non-Agricultural,Irrigated Crop,2349000.0,3402000.0,3318000.0,19043000.0,2283000.0,4.47,62.3,0.091,7,1,208,0.79,0.845,Preliminary Notification (Sec 11),0,normal
BS-PARCEL-02078,Maharashtra,Aurangabad,0.86,Non-Agricultural,Irrigated Crop,2486000.0,3325000.0,3368000.0,7567000.0,2710000.0,2.04,55.5,0.084,1,0,160,0.784,0.641,Preliminary Notification (Sec 11),0,normal
BS-PARCEL-02079,Gujarat,Bharuch,1.52,Non-Agricultural,Irrigated Crop,3435000.0,3906000.0,3855000.0,13024000.0,3012000.0,1.25,85.2,0.0744,2,4,151,0.816,0.664,Enquiry & Award (Sec 23),0,normal
BS-PARCEL-02080,Tamil Nadu,Kanchipuram,12.59,Commercial,Dry Crop,7306000.0,7938000.0,7779000.0,233371000.0,6391000.0,0.25,57.7,0.0338,24,2,69,0.518,0.85,Preliminary Notification (Sec 11),0,normal
BS-PARCEL-02081,Odisha,Cuttack,4.6,Agricultural,Irrigated Crop,1448000.0,1636000.0,1713000.0,6925000.0,1385000.0,3.17,54.6,0.1545,11,37,247,0.781,0.498,Preliminary Notification (Sec 11),1,strong_anomaly
BS-PARCEL-02082,Odisha,Cuttack,1.08,Industrial,Dry Crop,3882000.0,4461000.0,4269000.0,10696000.0,4010000.0,2.98,44.7,0.1035,2,2,65,0.741,0.685,Preliminary Notification (Sec 11),0,normal
BS-PARCEL-02083,Odisha,Khordha,0.9,Non-Agricultural,Dry Crop,2870000.0,3141000.0,3024000.0,14189000.0,2448000.0,5.03,50.2,0.0165,2,2,90,0.676,0.594,Enquiry & Award (Sec 23),1,moderate_anomaly
BS-PARCEL-02084,Madhya Pradesh,Indore,3.02,Commercial,Irrigated Crop,7984000.0,9117000.0,9301000.0,60371000.0,8020000.0,3.54,51.8,0.0632,5,2,48,0.861,0.759,Preliminary Notification (Sec 11),0,normal
BS-PARCEL-02085,Maharashtra,Thane,12.52,Non-Agricultural,Infrastructure Corridor,2547000.0,2793000.0,2888000.0,169617000.0,2910000.0,2.43,76.2,0.0172,26,1,144,0.882,0.558,Preliminary Notification (Sec 11),1,moderate_anomaly
BS-PARCEL-02086,Tamil Nadu,Kanchipuram,2.83,Agricultural,Infrastructure Corridor,1022000.0,1228000.0,1277000.0,9496000.0,1132000.0,0.55,46.7,0.1105,4,3,182,0.939,0.523,SIA Survey (Sec 4),0,normal
BS-PARCEL-02087,Tamil Nadu,Coimbatore,10.08,Agricultural,Irrigated Crop,1175000.0,1462000.0,1415000.0,31453000.0,1081000.0,0.48,31.6,0.0791,11,2,59,0.935,0.672,Enquiry & Award (Sec 23),0,normal
BS-PARCEL-02088,Odisha,Jharsuguda,4.48,Agricultural,Irrigated Crop,1140000.0,1405000.0,1469000.0,15846000.0,1150000.0,1.22,70.5,0.0802,7,3,150,0.762,0.457,SIA Survey (Sec 4),0,normal
BS-PARCEL-02089,Karnataka,Tumakuru,4.96,Agricultural,Irrigated Crop,1034000.0,1429000.0,1448000.0,16458000.0,932000.0,5.22,53.6,0.0463,8,2,197,0.638,0.661,Preliminary Notification (Sec 11),0,normal
BS-PARCEL-02090,Uttar Pradesh,Gorakhpur,1.07,Agricultural,Irrigated Crop,1587000.0,1828000.0,1899000.0,4269000.0,1474000.0,0.1,64.7,0.0674,2,2,10,0.929,0.488,Possession Handover,0,normal
BS-PARCEL-02091,Madhya Pradesh,Bhopal,7.37,Agricultural,Dry Crop,1248000.0,1753000.0,1662000.0,30732000.0,1406000.0,0.8,88.1,0.1115,12,3,96,0.811,0.877,Compensation Disbursement,0,normal
BS-PARCEL-02092,Madhya Pradesh,Indore,2.5,Agricultural,Dry Crop,1338000.0,1891000.0,1859000.0,63886000.0,1538000.0,2.77,66.3,0.1222,1,2,378,0.601,0.615,SIA Survey (Sec 4),1,strong_anomaly
BS-PARCEL-02093,Tamil Nadu,Madurai,6.91,Industrial,Dry Crop,3949000.0,5663000.0,5680000.0,81878000.0,3644000.0,3.53,92.2,0.1139,14,2,102,0.76,0.699,SIA Survey (Sec 4),0,normal
BS-PARCEL-02094,Gujarat,Vadodara,1.66,Non-Agricultural,Irrigated Crop,3125000.0,3507000.0,3539000.0,13639000.0,2855000.0,0.84,63.8,0.0179,2,2,257,0.941,0.399,SIA Survey (Sec 4),0,normal
BS-PARCEL-02095,Gujarat,Ahmedabad,3.86,Non-Agricultural,Irrigated Crop,3033000.0,3483000.0,3315000.0,33767000.0,2927000.0,2.78,83.1,0.0726,5,2,124,0.812,0.679,Enquiry & Award (Sec 23),0,normal
BS-PARCEL-02096,Uttar Pradesh,Lucknow,4.48,Agricultural,Infrastructure Corridor,1571000.0,2042000.0,2051000.0,21794000.0,1545000.0,0.62,55.1,0.0901,10,2,202,0.797,0.588,SIA Survey (Sec 4),0,normal
BS-PARCEL-02097,Tamil Nadu,Coimbatore,2.91,Non-Agricultural,Infrastructure Corridor,2793000.0,3090000.0,3151000.0,20165000.0,2449000.0,0.69,66.9,0.0506,7,6,92,0.878,0.635,Possession Handover,0,normal
BS-PARCEL-02098,Tamil Nadu,Salem,4.68,Industrial,Irrigated Crop,5852000.0,6345000.0,6240000.0,93133000.0,5234000.0,1.76,48.2,0.0136,6,23,618,0.645,0.706,Compensation Disbursement,1,moderate_anomaly
BS-PARCEL-02099,Uttar Pradesh,Lucknow,2.65,Non-Agricultural,Dry Crop,2611000.0,2819000.0,2819000.0,18441000.0,2552000.0,2.32,50.3,0.0285,4,2,131,0.756,0.646,Declaration (Sec 19),0,normal
BS-PARCEL-02100,Madhya Pradesh,Jabalpur,1.91,Non-Agricultural,Dry Crop,3073000.0,3972000.0,3873000.0,37551000.0,2829000.0,4.34,61.0,0.14,3,53,815,0.431,0.17,Preliminary Notification (Sec 11),1,strong_anomaly
BS-PARCEL-02101,Madhya Pradesh,Indore,13.0,Agricultural,Dry Crop,1567000.0,2150000.0,2246000.0,75890000.0,1729000.0,6.45,41.1,0.0323,20,3,254,0.608,0.805,Compensation Disbursement,0,normal
BS-PARCEL-02102,Madhya Pradesh,Jabalpur,8.1,Agricultural,Dry Crop,1350000.0,1557000.0,1576000.0,28148000.0,1452000.0,0.53,67.9,0.0819,18,8,195,0.813,0.529,Enquiry & Award (Sec 23),0,normal
BS-PARCEL-02103,Odisha,Khordha,1.74,Non-Agricultural,Residential Zone,3295000.0,4690000.0,4719000.0,21538000.0,3331000.0,0.75,59.6,0.0737,7,1,94,0.909,0.808,Enquiry & Award (Sec 23),0,normal
BS-PARCEL-02104,Maharashtra,Thane,5.38,Barren,Irrigated Crop,829000.0,1133000.0,1193000.0,13396000.0,812000.0,0.58,69.2,0.0738,4,1,281,0.954,0.761,Preliminary Notification (Sec 11),0,normal
BS-PARCEL-02105,Gujarat,Bharuch,1.77,Agricultural,Irrigated Crop,1566000.0,1693000.0,1727000.0,6335000.0,1721000.0,0.52,41.4,0.0672,3,2,100,0.855,0.815,Enquiry & Award (Sec 23),0,normal
BS-PARCEL-02106,Maharashtra,Nagpur,1.21,Agricultural,Infrastructure Corridor,1050000.0,1274000.0,1240000.0,3123000.0,945000.0,5.15,77.6,0.1116,1,1,107,0.691,0.691,Compensation Disbursement,0,normal
BS-PARCEL-02107,Maharashtra,Pune,7.99,Agricultural,Irrigated Crop,1041000.0,1121000.0,1140000.0,22482000.0,1162000.0,0.44,95.6,0.0814,20,3,72,0.954,0.822,Possession Handover,0,normal
BS-PARCEL-02108,Odisha,Jharsuguda,0.78,Agricultural,Irrigated Crop,1296000.0,1835000.0,1937000.0,3310000.0,1121000.0,0.82,91.8,0.055,0,3,133,0.814,0.845,Declaration (Sec 19),0,normal
BS-PARCEL-02109,Odisha,Jharsuguda,7.3,Barren,Commercial Hub,876000.0,1180000.0,1113000.0,20742000.0,987000.0,0.39,99.0,0.0821,11,0,147,0.395,0.594,Declaration (Sec 19),0,normal
BS-PARCEL-02110,Uttar Pradesh,Prayagraj,2.68,Non-Agricultural,Commercial Hub,2923000.0,3872000.0,3931000.0,55587000.0,2606000.0,2.14,65.8,0.0289,5,33,1043,0.388,0.156,Rehabilitation Scheme (Sec 16),1,strong_anomaly
BS-PARCEL-02111,Karnataka,Tumakuru,2.77,Agricultural,Dry Crop,1138000.0,1506000.0,1444000.0,9263000.0,1245000.0,2.88,58.7,0.099,2,4,31,0.934,0.601,Enquiry & Award (Sec 23),0,normal
BS-PARCEL-02112,Maharashtra,Thane,4.7,Agricultural,Commercial Hub,1287000.0,1498000.0,1555000.0,18517000.0,1101000.0,2.38,73.8,0.0528,8,1,129,0.839,0.462,Possession Handover,0,normal
BS-PARCEL-02113,Maharashtra,Thane,5.44,Agricultural,Dry Crop,946000.0,1347000.0,1370000.0,21129000.0,1035000.0,0.1,60.7,0.0551,7,13,650,0.709,0.487,Declaration (Sec 19),1,moderate_anomaly
BS-PARCEL-02114,Gujarat,Ahmedabad,1.64,Agricultural,Irrigated Crop,1028000.0,1459000.0,1536000.0,4487000.0,1054000.0,2.15,33.7,0.1005,2,2,227,0.738,0.926,SIA Survey (Sec 4),0,normal
BS-PARCEL-02115,Maharashtra,Thane,6.11,Agricultural,Dry Crop,1007000.0,1355000.0,1383000.0,16548000.0,862000.0,2.0,79.7,0.0637,11,4,213,0.582,0.833,Preliminary Notification (Sec 11),0,normal
BS-PARCEL-02116,Madhya Pradesh,Indore,3.66,Commercial,Commercial Hub,4984000.0,6168000.0,5811000.0,57696000.0,5394000.0,0.72,60.8,0.066,4,3,66,0.875,0.588,Declaration (Sec 19),0,normal
BS-PARCEL-02117,Odisha,Khordha,1.14,Non-Agricultural,Residential Zone,3313000.0,3541000.0,3545000.0,8892000.0,2917000.0,4.24,38.6,0.1267,3,3,234,0.8,0.553,Compensation Disbursement,0,normal
BS-PARCEL-02118,Karnataka,Mysuru,2.87,Agricultural,Irrigated Crop,1134000.0,1204000.0,1262000.0,7301000.0,1148000.0,5.24,55.9,0.0411,3,0,174,0.961,0.465,Preliminary Notification (Sec 11),0,normal
BS-PARCEL-02119,Tamil Nadu,Coimbatore,10.74,Non-Agricultural,Irrigated Crop,2383000.0,2634000.0,2549000.0,67591000.0,2263000.0,4.72,61.2,0.0999,24,1,267,0.891,0.516,Rehabilitation Scheme (Sec 16),0,normal
BS-PARCEL-02120,Madhya Pradesh,Bhopal,13.81,Non-Agricultural,Commercial Hub,2961000.0,3815000.0,3624000.0,124077000.0,3191000.0,1.07,65.2,0.118,14,2,108,0.666,0.609,Possession Handover,0,normal
BS-PARCEL-02121,Uttar Pradesh,Gorakhpur,6.11,Agricultural,Irrigated Crop,1133000.0,1551000.0,1592000.0,24705000.0,1253000.0,4.6,65.4,0.1267,9,2,244,0.773,0.716,Declaration (Sec 19),0,normal
BS-PARCEL-02122,Uttar Pradesh,Lucknow,1.21,Non-Agricultural,Irrigated Crop,2760000.0,3945000.0,3946000.0,10784000.0,2730000.0,2.36,89.6,0.1671,1,2,275,0.811,0.436,SIA Survey (Sec 4),0,normal
BS-PARCEL-02123,Maharashtra,Pune,5.04,Non-Agricultural,Residential Zone,2630000.0,2946000.0,2786000.0,39454000.0,2834000.0,1.51,41.8,0.0543,7,1,187,0.938,0.502,Rehabilitation Scheme (Sec 16),0,normal
BS-PARCEL-02124,Maharashtra,Nashik,6.84,Commercial,Dry Crop,4891000.0,5675000.0,5525000.0,84262000.0,5502000.0,0.1,62.3,0.0453,19,8,410,0.82,0.359,Rehabilitation Scheme (Sec 16),0,normal
BS-PARCEL-02125,Tamil Nadu,Madurai,6.15,Agricultural,Irrigated Crop,1396000.0,1496000.0,1465000.0,22854000.0,1475000.0,0.72,49.2,0.1127,9,5,234,0.738,0.654,Preliminary Notification (Sec 11),0,normal
BS-PARCEL-02126,Tamil Nadu,Salem,6.47,Agricultural,Irrigated Crop,980000.0,1417000.0,1446000.0,21241000.0,928000.0,2.78,87.6,0.1176,9,3,373,0.871,0.808,Enquiry & Award (Sec 23),0,normal
BS-PARCEL-02127,Tamil Nadu,Madurai,4.52,Agricultural,Irrigated Crop,1058000.0,1441000.0,1436000.0,13164000.0,1046000.0,1.13,54.9,0.0484,7,1,457,0.947,0.801,Declaration (Sec 19),0,normal
BS-PARCEL-02128,Karnataka,Bengaluru Rural,3.12,Agricultural,Commercial Hub,1037000.0,1288000.0,1286000.0,9385000.0,953000.0,0.87,58.8,0.0994,5,2,10,0.773,0.698,Declaration (Sec 19),0,normal
BS-PARCEL-02129,Madhya Pradesh,Gwalior,1.98,Agricultural,Dry Crop,1139000.0,1458000.0,1512000.0,5704000.0,1125000.0,0.44,83.9,0.189,2,1,306,0.869,0.682,Declaration (Sec 19),0,normal
BS-PARCEL-02130,Karnataka,Belagavi,0.66,Commercial,Irrigated Crop,5500000.0,7012000.0,6826000.0,10022000.0,5081000.0,2.26,88.8,0.0842,1,3,236,0.673,0.49,Preliminary Notification (Sec 11),0,normal
BS-PARCEL-02131,Gujarat,Surat,4.43,Agricultural,Irrigated Crop,1150000.0,1325000.0,1352000.0,11654000.0,1256000.0,1.57,91.5,0.1169,9,1,206,0.767,0.914,SIA Survey (Sec 4),0,normal
BS-PARCEL-02132,Karnataka,Tumakuru,3.89,Agricultural,Irrigated Crop,1075000.0,1208000.0,1189000.0,10945000.0,1110000.0,2.44,35.4,0.1431,6,1,107,0.922,0.671,SIA Survey (Sec 4),0,normal
BS-PARCEL-02133,Tamil Nadu,Kanchipuram,5.33,Barren,Irrigated Crop,511000.0,597000.0,591000.0,7130000.0,531000.0,2.92,73.7,0.1801,9,1,81,0.749,0.541,Preliminary Notification (Sec 11),0,normal
BS-PARCEL-02134,Tamil Nadu,Madurai,1.07,Agricultural,Irrigated Crop,1527000.0,1754000.0,1766000.0,5945000.0,1348000.0,1.0,69.9,0.0898,3,22,716,0.473,0.798,Enquiry & Award (Sec 23),1,moderate_anomaly
BS-PARCEL-02135,Karnataka,Belagavi,5.74,Agricultural,Dry Crop,1120000.0,1426000.0,1459000.0,17363000.0,952000.0,1.38,64.1,0.1301,8,3,424,0.77,0.534,Preliminary Notification (Sec 11),0,normal
BS-PARCEL-02136,Uttar Pradesh,Agra,19.04,Non-Agricultural,Irrigated Crop,2260000.0,2652000.0,2794000.0,130303000.0,2456000.0,0.25,66.2,0.0485,30,1,233,0.771,0.739,Enquiry & Award (Sec 23),0,normal
BS-PARCEL-02137,Tamil Nadu,Salem,3.55,Agricultural,Irrigated Crop,1275000.0,1711000.0,1664000.0,14173000.0,1291000.0,1.99,88.1,0.081,6,1,30,0.926,0.668,SIA Survey (Sec 4),0,normal
BS-PARCEL-02138,Gujarat,Surat,3.15,Agricultural,Dry Crop,989000.0,1263000.0,1203000.0,8389000.0,1117000.0,0.5,83.7,0.0621,5,1,64,0.8,0.4,Preliminary Notification (Sec 11),0,normal
BS-PARCEL-02139,Tamil Nadu,Kanchipuram,4.32,Non-Agricultural,Dry Crop,3399000.0,4293000.0,4256000.0,10999000.0,3437000.0,0.47,81.1,0.0046,8,27,10,0.731,0.554,SIA Survey (Sec 4),1,strong_anomaly
BS-PARCEL-02140,Madhya Pradesh,Jabalpur,18.68,Agricultural,Irrigated Crop,944000.0,1350000.0,1358000.0,66882000.0,863000.0,1.37,68.7,0.0159,31,0,311,0.667,0.537,Declaration (Sec 19),0,normal
BS-PARCEL-02141,Odisha,Jharsuguda,1.39,Agricultural,Irrigated Crop,1235000.0,1456000.0,1408000.0,3320000.0,1309000.0,2.76,99.0,0.0972,0,1,184,0.609,0.419,Declaration (Sec 19),1,moderate_anomaly
BS-PARCEL-02142,Gujarat,Bharuch,3.95,Agricultural,Irrigated Crop,1580000.0,2060000.0,2157000.0,33274000.0,1675000.0,0.85,57.8,0.098,8,44,758,0.319,0.213,Compensation Disbursement,1,strong_anomaly
BS-PARCEL-02143,Odisha,Cuttack,1.68,Commercial,Irrigated Crop,5495000.0,5770000.0,5977000.0,18859000.0,4779000.0,2.13,35.9,0.0383,2,3,180,0.892,0.847,Preliminary Notification (Sec 11),0,normal
BS-PARCEL-02144,Tamil Nadu,Coimbatore,2.09,Agricultural,Commercial Hub,1045000.0,1405000.0,1404000.0,7378000.0,1106000.0,0.76,60.2,0.1423,6,0,284,0.919,0.897,Declaration (Sec 19),0,normal
BS-PARCEL-02145,Gujarat,Bharuch,3.18,Non-Agricultural,Irrigated Crop,3109000.0,3889000.0,3866000.0,27059000.0,2841000.0,2.28,66.0,0.0356,6,0,136,0.969,0.43,Enquiry & Award (Sec 23),0,normal
BS-PARCEL-02146,Madhya Pradesh,Jabalpur,10.44,Agricultural,Commercial Hub,1605000.0,1819000.0,1719000.0,38107000.0,1487000.0,1.39,88.5,0.0903,19,3,212,0.878,0.621,Rehabilitation Scheme (Sec 16),0,normal
BS-PARCEL-02147,Madhya Pradesh,Jabalpur,15.35,Non-Agricultural,Commercial Hub,2748000.0,2887000.0,2900000.0,96290000.0,2362000.0,0.1,55.8,0.0634,30,2,210,0.903,0.252,Preliminary Notification (Sec 11),0,normal
BS-PARCEL-02148,Tamil Nadu,Salem,4.86,Agricultural,Irrigated Crop,1367000.0,1822000.0,1843000.0,21895000.0,1419000.0,0.86,73.8,0.0843,2,3,52,0.849,0.738,SIA Survey (Sec 4),0,normal
BS-PARCEL-02149,Karnataka,Belagavi,2.41,Agricultural,Irrigated Crop,1010000.0,1328000.0,1390000.0,6645000.0,1080000.0,4.75,38.4,0.1159,1,3,100,0.884,0.447,Preliminary Notification (Sec 11),0,normal
BS-PARCEL-02150,Tamil Nadu,Salem,27.63,Agricultural,Irrigated Crop,1362000.0,1793000.0,1793000.0,109929000.0,1252000.0,3.12,84.5,0.1103,63,3,146,0.931,0.571,Compensation Disbursement,0,normal
BS-PARCEL-02151,Gujarat,Ahmedabad,2.31,Non-Agricultural,Irrigated Crop,2524000.0,3092000.0,2965000.0,17332000.0,2746000.0,1.39,66.2,0.1083,2,3,215,0.664,0.434,Rehabilitation Scheme (Sec 16),0,normal
BS-PARCEL-02152,Madhya Pradesh,Bhopal,2.04,Agricultural,Dry Crop,1342000.0,1752000.0,1685000.0,9124000.0,1447000.0,0.5,59.9,0.1032,4,3,332,0.76,0.329,Declaration (Sec 19),0,normal
BS-PARCEL-02153,Madhya Pradesh,Indore,0.73,Agricultural,Irrigated Crop,964000.0,1233000.0,1183000.0,2153000.0,938000.0,2.79,99.0,0.0291,1,4,192,0.581,0.849,Enquiry & Award (Sec 23),0,normal
BS-PARCEL-02154,Odisha,Jharsuguda,10.88,Agricultural,Residential Zone,1278000.0,1464000.0,1541000.0,36995000.0,1112000.0,2.02,84.3,0.1254,17,1,170,0.965,0.738,Rehabilitation Scheme (Sec 16),0,normal
BS-PARCEL-02155,Gujarat,Vadodara,7.56,Agricultural,Dry Crop,1071000.0,1347000.0,1394000.0,22356000.0,1000000.0,2.29,46.3,0.0376,11,4,214,0.802,0.734,Declaration (Sec 19),0,normal
BS-PARCEL-02156,Karnataka,Mysuru,25.92,Non-Agricultural,Commercial Hub,3245000.0,4075000.0,4234000.0,257895000.0,2919000.0,0.28,63.0,0.0758,48,1,162,0.861,0.696,Preliminary Notification (Sec 11),0,normal
BS-PARCEL-02157,Uttar Pradesh,Agra,1.02,Agricultural,Commercial Hub,1438000.0,1984000.0,2065000.0,4564000.0,1636000.0,1.58,99.0,0.0659,0,0,177,0.855,0.578,Declaration (Sec 19),0,normal
BS-PARCEL-02158,Tamil Nadu,Madurai,11.47,Agricultural,Dry Crop,1511000.0,1849000.0,1759000.0,47073000.0,1655000.0,4.09,99.0,0.094,26,3,346,0.964,0.791,Preliminary Notification (Sec 11),0,normal
BS-PARCEL-02159,Gujarat,Surat,3.52,Agricultural,Infrastructure Corridor,1615000.0,1977000.0,2025000.0,18764000.0,1411000.0,1.13,81.6,0.0606,4,6,155,0.803,0.625,SIA Survey (Sec 4),0,normal
BS-PARCEL-02160,Gujarat,Surat,6.59,Agricultural,Infrastructure Corridor,1231000.0,1777000.0,1821000.0,25632000.0,1236000.0,0.56,31.8,0.0737,15,2,208,0.915,0.589,SIA Survey (Sec 4),0,normal
BS-PARCEL-02161,Karnataka,Tumakuru,0.82,Agricultural,Irrigated Crop,1383000.0,1947000.0,1883000.0,3737000.0,1286000.0,3.03,89.0,0.1448,3,3,109,0.899,0.472,Enquiry & Award (Sec 23),0,normal
BS-PARCEL-02162,Madhya Pradesh,Indore,11.56,Agricultural,Irrigated Crop,913000.0,1047000.0,1046000.0,23671000.0,785000.0,0.62,53.6,0.0282,27,3,318,0.6,0.633,Enquiry & Award (Sec 23),0,normal
BS-PARCEL-02163,Tamil Nadu,Madurai,6.48,Agricultural,Irrigated Crop,1552000.0,2195000.0,2238000.0,33271000.0,1469000.0,0.7,88.8,0.0799,15,0,79,0.867,0.447,Enquiry & Award (Sec 23),0,normal
BS-PARCEL-02164,Madhya Pradesh,Gwalior,3.21,Industrial,Irrigated Crop,5373000.0,5938000.0,6221000.0,54367000.0,4773000.0,2.5,52.0,0.0354,4,15,661,0.791,0.726,Preliminary Notification (Sec 11),1,moderate_anomaly
BS-PARCEL-02165,Madhya Pradesh,Jabalpur,5.75,Agricultural,Dry Crop,1203000.0,1674000.0,1596000.0,22524000.0,1103000.0,1.37,73.8,0.107,6,4,288,0.892,0.706,Possession Handover,0,normal
BS-PARCEL-02166,Uttar Pradesh,Agra,1.73,Commercial,Irrigated Crop,6569000.0,7379000.0,7726000.0,28009000.0,6227000.0,0.45,53.5,0.0509,2,2,84,0.746,0.577,Preliminary Notification (Sec 11),0,normal
BS-PARCEL-02167,Uttar Pradesh,Agra,2.03,Agricultural,Dry Crop,1446000.0,1764000.0,1853000.0,8184000.0,1406000.0,0.78,58.5,0.0815,1,2,275,0.897,0.768,Compensation Disbursement,0,normal
BS-PARCEL-02168,Gujarat,Ahmedabad,2.24,Agricultural,Commercial Hub,1500000.0,2165000.0,2275000.0,11963000.0,1486000.0,2.43,76.2,0.027,3,4,10,0.837,0.498,Enquiry & Award (Sec 23),0,normal
BS-PARCEL-02169,Odisha,Sambalpur,0.69,Agricultural,Irrigated Crop,1482000.0,1614000.0,1518000.0,6305000.0,1491000.0,2.79,41.3,0.1317,1,30,822,0.38,0.232,Declaration (Sec 19),1,strong_anomaly
BS-PARCEL-02170,Odisha,Khordha,6.91,Agricultural,Dry Crop,1268000.0,1757000.0,1698000.0,107309000.0,1219000.0,0.6,99.0,0.0829,11,1,169,0.506,0.266,Rehabilitation Scheme (Sec 16),1,strong_anomaly
BS-PARCEL-02171,Karnataka,Bengaluru Rural,9.14,Non-Agricultural,Irrigated Crop,2724000.0,3399000.0,3477000.0,58389000.0,2723000.0,0.27,46.5,0.0855,13,2,445,0.944,0.654,Enquiry & Award (Sec 23),0,normal
BS-PARCEL-02172,Karnataka,Bengaluru Rural,1.83,Commercial,Commercial Hub,8563000.0,9371000.0,9171000.0,36918000.0,8352000.0,0.34,45.5,0.1132,3,3,196,0.826,0.722,Enquiry & Award (Sec 23),0,normal
BS-PARCEL-02173,Gujarat,Vadodara,4.46,Non-Agricultural,Dry Crop,3165000.0,4529000.0,4290000.0,44473000.0,3606000.0,0.88,76.3,0.0299,8,2,198,0.724,0.625,Preliminary Notification (Sec 11),0,normal
BS-PARCEL-02174,Maharashtra,Nagpur,2.65,Non-Agricultural,Irrigated Crop,3013000.0,3826000.0,3947000.0,20283000.0,2622000.0,0.78,88.3,0.0554,3,4,306,0.862,0.434,Enquiry & Award (Sec 23),0,normal
BS-PARCEL-02175,Uttar Pradesh,Prayagraj,4.39,Agricultural,Dry Crop,1331000.0,1866000.0,1760000.0,18100000.0,1365000.0,1.71,59.2,0.0868,9,3,60,0.906,0.718,Preliminary Notification (Sec 11),0,normal
BS-PARCEL-02176,Gujarat,Surat,1.95,Agricultural,Irrigated Crop,1354000.0,1892000.0,1880000.0,7772000.0,1230000.0,1.06,45.7,0.0095,3,4,10,0.605,0.441,Declaration (Sec 19),0,normal
BS-PARCEL-02177,Gujarat,Surat,1.57,Commercial,Commercial Hub,7656000.0,8084000.0,8518000.0,28029000.0,7370000.0,0.52,48.4,0.0138,1,3,370,0.781,0.816,Declaration (Sec 19),0,normal
BS-PARCEL-02178,Maharashtra,Thane,8.12,Agricultural,Dry Crop,1298000.0,1500000.0,1489000.0,24076000.0,1316000.0,4.68,46.5,0.0471,18,4,246,0.925,0.725,Compensation Disbursement,0,normal
BS-PARCEL-02179,Maharashtra,Nashik,3.14,Agricultural,Dry Crop,1530000.0,1813000.0,1903000.0,12821000.0,1649000.0,0.52,70.5,0.0344,3,5,131,0.658,0.439,Declaration (Sec 19),0,normal
BS-PARCEL-02180,Uttar Pradesh,Prayagraj,18.52,Industrial,Dry Crop,6076000.0,7680000.0,7596000.0,302513000.0,6947000.0,0.8,63.7,0.0662,28,3,186,0.894,0.789,SIA Survey (Sec 4),0,normal
BS-PARCEL-02181,Karnataka,Tumakuru,3.45,Barren,Residential Zone,660000.0,712000.0,699000.0,5803000.0,659000.0,0.58,72.7,0.1009,5,5,295,0.894,0.593,Declaration (Sec 19),0,normal
BS-PARCEL-02182,Odisha,Khordha,1.51,Non-Agricultural,Commercial Hub,2383000.0,2873000.0,2738000.0,9554000.0,2209000.0,0.41,71.6,0.11,6,3,165,0.784,0.46,SIA Survey (Sec 4),0,normal
BS-PARCEL-02183,Karnataka,Bengaluru Rural,9.42,Agricultural,Dry Crop,1315000.0,1809000.0,1778000.0,43697000.0,1430000.0,0.43,79.8,0.1524,10,4,195,0.676,0.677,Declaration (Sec 19),0,normal
BS-PARCEL-02184,Madhya Pradesh,Jabalpur,5.68,Commercial,Commercial Hub,7296000.0,8166000.0,8006000.0,235045000.0,6687000.0,0.1,57.6,0.0791,9,1,403,0.944,0.633,Declaration (Sec 19),1,moderate_anomaly
BS-PARCEL-02185,Gujarat,Bharuch,6.16,Agricultural,Dry Crop,1277000.0,1699000.0,1770000.0,27878000.0,1280000.0,0.16,51.7,0.0862,12,3,43,0.635,0.856,Enquiry & Award (Sec 23),0,normal
BS-PARCEL-02186,Gujarat,Ahmedabad,9.13,Agricultural,Commercial Hub,1541000.0,1902000.0,1998000.0,40588000.0,1701000.0,0.6,67.8,0.079,17,4,236,0.871,0.502,SIA Survey (Sec 4),0,normal
BS-PARCEL-02187,Uttar Pradesh,Varanasi,1.91,Agricultural,Residential Zone,967000.0,1043000.0,983000.0,4716000.0,939000.0,0.29,64.0,0.0928,5,3,45,0.711,0.61,SIA Survey (Sec 4),0,normal
BS-PARCEL-02188,Karnataka,Belagavi,2.98,Industrial,Irrigated Crop,4428000.0,4964000.0,4725000.0,37446000.0,4504000.0,0.7,69.6,0.0959,6,5,351,0.82,0.911,Declaration (Sec 19),0,normal
BS-PARCEL-02189,Madhya Pradesh,Gwalior,2.87,Industrial,Irrigated Crop,6093000.0,6741000.0,6857000.0,32402000.0,5398000.0,3.81,52.2,0.1169,8,2,212,0.787,0.684,Preliminary Notification (Sec 11),1,moderate_anomaly
BS-PARCEL-02190,Uttar Pradesh,Varanasi,1.11,Non-Agricultural,Irrigated Crop,3678000.0,4774000.0,4765000.0,10737000.0,3188000.0,0.17,76.6,0.1167,0,1,104,0.933,0.625,SIA Survey (Sec 4),0,normal
BS-PARCEL-02191,Gujarat,Surat,2.65,Agricultural,Irrigated Crop,1207000.0,1310000.0,1278000.0,16085000.0,1383000.0,0.41,43.8,0.1008,9,1,14,0.965,0.681,Rehabilitation Scheme (Sec 16),1,moderate_anomaly
BS-PARCEL-02192,Maharashtra,Thane,10.34,Agricultural,Irrigated Crop,1039000.0,1433000.0,1392000.0,34146000.0,939000.0,7.7,57.1,0.1404,12,3,141,0.917,0.589,Declaration (Sec 19),0,normal
BS-PARCEL-02193,Maharashtra,Nagpur,4.06,Agricultural,Irrigated Crop,1203000.0,1651000.0,1596000.0,19398000.0,1144000.0,2.44,85.3,0.0811,8,20,568,0.897,0.507,SIA Survey (Sec 4),1,moderate_anomaly
BS-PARCEL-02194,Karnataka,Mysuru,1.06,Industrial,Dry Crop,4914000.0,5317000.0,5333000.0,12450000.0,4921000.0,3.59,44.6,0.0555,4,3,307,0.894,0.783,Declaration (Sec 19),0,normal
BS-PARCEL-02195,Madhya Pradesh,Indore,0.88,Agricultural,Irrigated Crop,1274000.0,1790000.0,1686000.0,3500000.0,1226000.0,0.13,83.9,0.0621,1,3,59,0.944,0.65,Compensation Disbursement,0,normal
BS-PARCEL-02196,Karnataka,Tumakuru,13.67,Agricultural,Irrigated Crop,1098000.0,1574000.0,1619000.0,52165000.0,965000.0,0.12,39.6,0.0758,22,3,89,0.886,0.765,Declaration (Sec 19),0,normal
BS-PARCEL-02197,Karnataka,Mysuru,3.07,Non-Agricultural,Dry Crop,2625000.0,2802000.0,2735000.0,111393000.0,2386000.0,3.52,36.5,0.0367,8,4,125,0.324,0.507,SIA Survey (Sec 4),1,strong_anomaly
BS-PARCEL-02198,Odisha,Sambalpur,1.91,Agricultural,Irrigated Crop,1372000.0,1962000.0,1945000.0,7364000.0,1369000.0,0.1,38.1,0.0555,3,7,94,0.841,0.61,Preliminary Notification (Sec 11),0,normal
BS-PARCEL-02199,Tamil Nadu,Coimbatore,2.63,Commercial,Dry Crop,7300000.0,8481000.0,8509000.0,60252000.0,7166000.0,3.06,67.1,0.0344,6,14,574,0.709,0.595,Preliminary Notification (Sec 11),1,moderate_anomaly
BS-PARCEL-02200,Karnataka,Belagavi,0.95,Agricultural,Commercial Hub,1377000.0,1812000.0,1749000.0,4027000.0,1500000.0,0.1,78.1,0.0938,1,5,76,0.805,0.732,Declaration (Sec 19),0,normal
BS-PARCEL-02201,Odisha,Khordha,11.13,Commercial,Infrastructure Corridor,6346000.0,7107000.0,7434000.0,107595000.0,5988000.0,2.31,88.3,0.0942,14,2,225,0.631,0.61,Enquiry & Award (Sec 23),1,moderate_anomaly
BS-PARCEL-02202,Madhya Pradesh,Bhopal,2.38,Agricultural,Dry Crop,1142000.0,1573000.0,1607000.0,10514000.0,1293000.0,1.69,86.8,0.0092,6,15,587,0.716,0.696,Preliminary Notification (Sec 11),1,moderate_anomaly
BS-PARCEL-02203,Odisha,Khordha,10.62,Agricultural,Irrigated Crop,1153000.0,1599000.0,1670000.0,41514000.0,1078000.0,3.52,80.5,0.0538,28,5,181,0.951,0.744,SIA Survey (Sec 4),0,normal
BS-PARCEL-02204,Tamil Nadu,Madurai,3.47,Agricultural,Irrigated Crop,1585000.0,2285000.0,2278000.0,17533000.0,1505000.0,0.34,50.0,0.153,6,3,213,0.641,0.635,Rehabilitation Scheme (Sec 16),0,normal
BS-PARCEL-02205,Karnataka,Belagavi,11.19,Agricultural,Infrastructure Corridor,1185000.0,1715000.0,1701000.0,40667000.0,1345000.0,0.14,49.9,0.1052,28,3,28,0.82,0.744,Rehabilitation Scheme (Sec 16),0,normal
BS-PARCEL-02206,Odisha,Jharsuguda,4.13,Non-Agricultural,Dry Crop,3118000.0,3369000.0,3263000.0,19614000.0,3436000.0,0.56,79.2,0.0982,8,3,245,0.99,0.95,Possession Handover,1,moderate_anomaly
BS-PARCEL-02207,Madhya Pradesh,Bhopal,6.86,Agricultural,Commercial Hub,1276000.0,1676000.0,1685000.0,26772000.0,1206000.0,1.04,90.6,0.0534,13,3,203,0.891,0.544,SIA Survey (Sec 4),0,normal
BS-PARCEL-02208,Tamil Nadu,Madurai,6.12,Agricultural,Dry Crop,1531000.0,1775000.0,1795000.0,86675000.0,1483000.0,0.1,46.4,0.0915,16,2,203,0.325,0.732,Preliminary Notification (Sec 11),1,strong_anomaly
BS-PARCEL-02209,Maharashtra,Nashik,5.64,Non-Agricultural,Irrigated Crop,2720000.0,2993000.0,2964000.0,33602000.0,2999000.0,1.97,88.3,0.0794,10,4,165,0.548,0.57,Rehabilitation Scheme (Sec 16),0,normal
BS-PARCEL-02210,Odisha,Cuttack,4.46,Agricultural,Dry Crop,1213000.0,1346000.0,1289000.0,11684000.0,1062000.0,2.31,30.4,0.0481,8,2,150,0.989,0.748,Preliminary Notification (Sec 11),0,normal
BS-PARCEL-02211,Karnataka,Mysuru,2.72,Non-Agricultural,Commercial Hub,3516000.0,5009000.0,4873000.0,28644000.0,3299000.0,1.12,72.0,0.0602,3,10,185,0.779,0.502,Preliminary Notification (Sec 11),0,normal
BS-PARCEL-02212,Tamil Nadu,Madurai,16.91,Non-Agricultural,Residential Zone,2370000.0,3137000.0,2954000.0,112357000.0,2392000.0,1.03,63.1,0.0611,38,2,190,0.701,0.436,Rehabilitation Scheme (Sec 16),0,normal
BS-PARCEL-02213,Madhya Pradesh,Gwalior,1.54,Agricultural,Irrigated Crop,1328000.0,1421000.0,1390000.0,5060000.0,1459000.0,0.73,61.3,0.0205,3,1,50,0.77,0.526,Rehabilitation Scheme (Sec 16),0,normal
BS-PARCEL-02214,Odisha,Khordha,3.33,Commercial,Dry Crop,6435000.0,9290000.0,9380000.0,73528000.0,6560000.0,1.19,65.6,0.0271,2,2,353,0.736,0.751,Preliminary Notification (Sec 11),0,normal
BS-PARCEL-02215,Uttar Pradesh,Prayagraj,3.36,Agricultural,Irrigated Crop,1610000.0,2211000.0,2332000.0,16947000.0,1605000.0,0.1,49.6,0.072,5,3,103,0.885,0.556,Declaration (Sec 19),0,normal
BS-PARCEL-02216,Uttar Pradesh,Lucknow,4.67,Agricultural,Infrastructure Corridor,1419000.0,1665000.0,1601000.0,16844000.0,1616000.0,2.74,73.0,0.0461,10,3,187,0.877,0.736,Declaration (Sec 19),0,normal
BS-PARCEL-02217,Madhya Pradesh,Indore,2.3,Agricultural,Irrigated Crop,908000.0,1124000.0,1064000.0,5975000.0,804000.0,0.65,66.1,0.068,3,0,308,0.841,0.494,Preliminary Notification (Sec 11),0,normal
BS-PARCEL-02218,Tamil Nadu,Coimbatore,4.34,Commercial,Commercial Hub,8149000.0,10925000.0,10658000.0,74832000.0,8834000.0,4.63,81.8,0.0158,4,5,142,0.791,0.728,Compensation Disbursement,1,moderate_anomaly
BS-PARCEL-02219,Tamil Nadu,Salem,2.88,Non-Agricultural,Irrigated Crop,3281000.0,4332000.0,4154000.0,33387000.0,2914000.0,0.1,93.6,0.1121,3,3,206,0.874,0.818,SIA Survey (Sec 4),0,normal
BS-PARCEL-02220,Madhya Pradesh,Indore,0.87,Agricultural,Dry Crop,1304000.0,1611000.0,1649000.0,3314000.0,1395000.0,1.9,67.3,0.1632,0,7,10,0.827,0.529,Possession Handover,0,normal
BS-PARCEL-02221,Karnataka,Tumakuru,3.35,Barren,Dry Crop,580000.0,728000.0,685000.0,7149000.0,587000.0,2.12,50.3,0.1211,4,24,553,0.781,0.833,Possession Handover,1,moderate_anomaly
BS-PARCEL-02222,Madhya Pradesh,Jabalpur,1.3,Agricultural,Irrigated Crop,1008000.0,1076000.0,1138000.0,3383000.0,937000.0,0.32,44.5,0.1252,1,3,177,0.549,0.534,Rehabilitation Scheme (Sec 16),0,normal
BS-PARCEL-02223,Odisha,Cuttack,0.76,Industrial,Residential Zone,5410000.0,6764000.0,7053000.0,13268000.0,5480000.0,6.53,95.6,0.105,0,3,200,0.669,0.473,SIA Survey (Sec 4),0,normal
BS-PARCEL-02224,Karnataka,Belagavi,3.73,Non-Agricultural,Residential Zone,2839000.0,3367000.0,3363000.0,20213000.0,3162000.0,3.61,93.3,0.0906,8,4,301,0.797,0.758,Compensation Disbursement,1,moderate_anomaly
BS-PARCEL-02225,Gujarat,Ahmedabad,5.03,Industrial,Residential Zone,6081000.0,7078000.0,7436000.0,78565000.0,6030000.0,1.83,81.0,0.0835,10,2,268,0.817,0.825,Rehabilitation Scheme (Sec 16),0,normal
BS-PARCEL-02226,Odisha,Cuttack,5.19,Industrial,Irrigated Crop,4356000.0,5044000.0,5122000.0,57804000.0,3711000.0,4.83,66.1,0.0434,15,3,10,0.789,0.565,SIA Survey (Sec 4),0,normal
BS-PARCEL-02227,Uttar Pradesh,Varanasi,5.38,Barren,Commercial Hub,736000.0,964000.0,1021000.0,12765000.0,638000.0,1.65,79.7,0.1076,8,3,319,0.599,0.83,Declaration (Sec 19),0,normal
BS-PARCEL-02228,Odisha,Jharsuguda,0.64,Agricultural,Dry Crop,1079000.0,1318000.0,1283000.0,2090000.0,1122000.0,2.64,88.5,0.1052,0,3,49,0.946,0.486,Declaration (Sec 19),0,normal
BS-PARCEL-02229,Maharashtra,Pune,1.04,Commercial,Dry Crop,7357000.0,8978000.0,9513000.0,19035000.0,7750000.0,0.45,53.9,0.0615,0,3,274,0.917,0.732,Compensation Disbursement,0,normal
BS-PARCEL-02230,Gujarat,Vadodara,17.77,Commercial,Dry Crop,5064000.0,5640000.0,5424000.0,232623000.0,4915000.0,0.17,65.5,0.101,30,2,130,0.861,0.755,Enquiry & Award (Sec 23),0,normal
BS-PARCEL-02231,Tamil Nadu,Salem,1.36,Non-Agricultural,Dry Crop,2758000.0,3957000.0,3887000.0,12691000.0,2545000.0,4.06,45.1,0.0522,1,1,478,0.681,0.793,Compensation Disbursement,0,normal
BS-PARCEL-02232,Tamil Nadu,Madurai,5.58,Agricultural,Irrigated Crop,1024000.0,1167000.0,1228000.0,16756000.0,1090000.0,0.85,62.7,0.0548,20,7,115,0.833,0.582,Enquiry & Award (Sec 23),0,normal
BS-PARCEL-02233,Odisha,Sambalpur,1.85,Barren,Dry Crop,724000.0,878000.0,864000.0,3050000.0,681000.0,2.16,92.8,0.111,6,4,171,0.773,0.497,Declaration (Sec 19),0,normal
BS-PARCEL-02234,Tamil Nadu,Madurai,3.55,Agricultural,Irrigated Crop,1128000.0,1270000.0,1226000.0,9617000.0,984000.0,0.24,84.4,0.0972,11,3,197,0.884,0.396,Declaration (Sec 19),0,normal
BS-PARCEL-02235,Karnataka,Mysuru,1.94,Agricultural,Irrigated Crop,1456000.0,1938000.0,1836000.0,8348000.0,1417000.0,0.73,67.4,0.0707,4,4,153,0.89,0.389,Possession Handover,0,normal
BS-PARCEL-02236,Gujarat,Ahmedabad,5.35,Agricultural,Irrigated Crop,983000.0,1204000.0,1153000.0,17255000.0,995000.0,2.2,16.5,0.0661,7,1,70,0.732,0.706,Possession Handover,0,normal
BS-PARCEL-02237,Uttar Pradesh,Lucknow,3.73,Agricultural,Irrigated Crop,1300000.0,1580000.0,1553000.0,15917000.0,1482000.0,1.44,53.2,0.087,2,1,422,0.927,0.818,Compensation Disbursement,0,normal
BS-PARCEL-02238,Uttar Pradesh,Agra,2.27,Non-Agricultural,Commercial Hub,3097000.0,4336000.0,4295000.0,23235000.0,3183000.0,0.26,66.8,0.0066,5,6,112,0.845,0.727,Enquiry & Award (Sec 23),0,normal
BS-PARCEL-02239,Gujarat,Vadodara,1.36,Agricultural,Dry Crop,916000.0,1240000.0,1246000.0,9753000.0,836000.0,1.24,61.1,0.0497,4,53,861,0.44,0.114,Declaration (Sec 19),1,strong_anomaly
BS-PARCEL-02240,Uttar Pradesh,Gorakhpur,4.17,Non-Agricultural,Irrigated Crop,2160000.0,2717000.0,2819000.0,28372000.0,2375000.0,2.14,65.6,0.0294,10,4,167,0.831,0.375,SIA Survey (Sec 4),0,normal
BS-PARCEL-02241,Madhya Pradesh,Bhopal,1.18,Commercial,Commercial Hub,6077000.0,7520000.0,7081000.0,13734000.0,5697000.0,1.33,69.4,0.0805,5,0,201,0.617,0.636,Compensation Disbursement,1,moderate_anomaly
BS-PARCEL-02242,Tamil Nadu,Coimbatore,4.77,Agricultural,Infrastructure Corridor,1339000.0,1920000.0,1999000.0,20987000.0,1523000.0,0.94,55.4,0.1235,6,1,104,0.824,0.594,Preliminary Notification (Sec 11),0,normal
BS-PARCEL-02243,Odisha,Cuttack,30.95,Non-Agricultural,Residential Zone,3717000.0,5325000.0,5374000.0,355684000.0,3522000.0,4.08,64.9,0.0991,64,6,284,0.855,0.611,SIA Survey (Sec 4),0,normal
BS-PARCEL-02244,Madhya Pradesh,Indore,10.46,Agricultural,Residential Zone,965000.0,1285000.0,1325000.0,32640000.0,1084000.0,0.1,62.3,0.0595,16,1,196,0.415,0.762,Rehabilitation Scheme (Sec 16),0,normal
BS-PARCEL-02245,Odisha,Khordha,6.11,Commercial,Infrastructure Corridor,7617000.0,10314000.0,10632000.0,90654000.0,8483000.0,2.43,52.3,0.0517,15,1,182,0.8,0.532,Declaration (Sec 19),1,moderate_anomaly
BS-PARCEL-02246,Odisha,Cuttack,3.09,Barren,Dry Crop,758000.0,1069000.0,1121000.0,7277000.0,841000.0,0.54,98.2,0.0498,7,3,241,0.904,0.983,Declaration (Sec 19),0,normal
BS-PARCEL-02247,Odisha,Sambalpur,0.64,Agricultural,Infrastructure Corridor,1382000.0,1984000.0,1887000.0,3141000.0,1191000.0,1.01,56.4,0.16,1,1,86,0.505,0.366,SIA Survey (Sec 4),0,normal
BS-PARCEL-02248,Madhya Pradesh,Gwalior,1.08,Non-Agricultural,Infrastructure Corridor,2967000.0,3213000.0,3241000.0,2893000.0,3278000.0,7.05,24.4,0.0827,1,44,115,0.664,0.709,Preliminary Notification (Sec 11),1,strong_anomaly
BS-PARCEL-02249,Gujarat,Bharuch,9.88,Agricultural,Irrigated Crop,1596000.0,2313000.0,2427000.0,50461000.0,1702000.0,0.19,97.1,0.088,24,3,177,0.64,0.592,SIA Survey (Sec 4),0,normal
BS-PARCEL-02250,Odisha,Cuttack,1.7,Agricultural,Residential Zone,1261000.0,1679000.0,1723000.0,6131000.0,1198000.0,9.38,49.8,-0.0044,4,1,282,0.931,0.667,Rehabilitation Scheme (Sec 16),0,normal
BS-PARCEL-02251,Maharashtra,Nashik,1.83,Non-Agricultural,Commercial Hub,3508000.0,4515000.0,4296000.0,18427000.0,3498000.0,0.82,81.2,0.0328,3,4,153,0.609,0.643,Preliminary Notification (Sec 11),0,normal
BS-PARCEL-02252,Gujarat,Bharuch,2.88,Agricultural,Commercial Hub,1089000.0,1323000.0,1341000.0,9356000.0,1135000.0,0.19,52.7,0.0782,2,1,145,0.753,0.608,Enquiry & Award (Sec 23),0,normal
BS-PARCEL-02253,Uttar Pradesh,Gorakhpur,1.35,Non-Agricultural,Residential Zone,3455000.0,4093000.0,4240000.0,11802000.0,3915000.0,0.38,75.2,0.0601,4,7,10,0.716,0.564,SIA Survey (Sec 4),0,normal
BS-PARCEL-02254,Tamil Nadu,Coimbatore,1.17,Agricultural,Irrigated Crop,1618000.0,2219000.0,2159000.0,5958000.0,1754000.0,1.02,64.1,0.0853,3,2,103,0.888,0.874,Rehabilitation Scheme (Sec 16),0,normal
BS-PARCEL-02255,Karnataka,Bengaluru Rural,3.18,Agricultural,Dry Crop,1555000.0,2040000.0,2072000.0,14095000.0,1522000.0,0.1,83.0,0.0848,3,3,10,0.635,0.564,Rehabilitation Scheme (Sec 16),0,normal
BS-PARCEL-02256,Uttar Pradesh,Lucknow,1.56,Commercial,Dry Crop,6061000.0,6851000.0,7131000.0,22633000.0,6325000.0,2.28,61.2,0.104,3,0,25,0.756,0.677,Declaration (Sec 19),0,normal
BS-PARCEL-02257,Maharashtra,Thane,1.77,Agricultural,Commercial Hub,1509000.0,1953000.0,1959000.0,7137000.0,1367000.0,1.59,53.2,0.0052,2,2,220,0.873,0.689,Compensation Disbursement,0,normal
BS-PARCEL-02258,Madhya Pradesh,Jabalpur,1.71,Non-Agricultural,Residential Zone,2260000.0,2501000.0,2409000.0,9681000.0,2208000.0,0.66,69.6,0.0358,3,3,545,0.893,0.576,Preliminary Notification (Sec 11),0,normal
BS-PARCEL-02259,Madhya Pradesh,Bhopal,5.18,Agricultural,Residential Zone,1388000.0,1733000.0,1743000.0,19958000.0,1509000.0,0.1,58.1,0.076,13,1,201,0.636,0.619,Rehabilitation Scheme (Sec 16),0,normal
BS-PARCEL-02260,Tamil Nadu,Salem,2.73,Commercial,Commercial Hub,6209000.0,7969000.0,8053000.0,53194000.0,6408000.0,1.39,30.3,0.0541,3,2,216,0.874,0.858,Enquiry & Award (Sec 23),0,normal
BS-PARCEL-02261,Maharashtra,Nagpur,2.85,Non-Agricultural,Infrastructure Corridor,3207000.0,4183000.0,4134000.0,27354000.0,3480000.0,0.36,54.2,0.0676,5,3,96,0.848,0.247,Preliminary Notification (Sec 11),0,normal
BS-PARCEL-02262,Odisha,Jharsuguda,5.51,Agricultural,Irrigated Crop,1197000.0,1326000.0,1355000.0,29181000.0,1201000.0,2.93,99.0,0.0844,10,2,64,0.904,0.581,Compensation Disbursement,1,moderate_anomaly
BS-PARCEL-02263,Madhya Pradesh,Jabalpur,2.94,Agricultural,Infrastructure Corridor,907000.0,987000.0,979000.0,18784000.0,874000.0,2.93,32.2,0.0502,9,53,934,0.348,0.082,Possession Handover,1,strong_anomaly
BS-PARCEL-02264,Tamil Nadu,Salem,2.62,Agricultural,Irrigated Crop,1067000.0,1231000.0,1287000.0,16080000.0,1145000.0,4.15,69.3,0.0877,0,2,91,0.936,0.637,Declaration (Sec 19),1,moderate_anomaly
BS-PARCEL-02265,Maharashtra,Nashik,4.95,Barren,Dry Crop,504000.0,652000.0,675000.0,7886000.0,443000.0,0.1,60.6,0.1018,11,2,10,0.613,0.764,Possession Handover,0,normal
BS-PARCEL-02266,Uttar Pradesh,Agra,5.86,Agricultural,Irrigated Crop,1208000.0,1719000.0,1782000.0,81268000.0,1381000.0,1.32,98.1,0.0826,12,8,207,0.41,0.605,Rehabilitation Scheme (Sec 16),1,strong_anomaly
BS-PARCEL-02267,Uttar Pradesh,Prayagraj,2.93,Agricultural,Dry Crop,1505000.0,2049000.0,2055000.0,11369000.0,1707000.0,3.58,45.0,0.1088,1,5,132,0.636,0.716,Rehabilitation Scheme (Sec 16),0,normal
BS-PARCEL-02268,Gujarat,Vadodara,3.56,Non-Agricultural,Irrigated Crop,3340000.0,4503000.0,4339000.0,36270000.0,3721000.0,3.0,66.8,-0.0069,4,4,245,0.594,0.819,Preliminary Notification (Sec 11),0,normal
BS-PARCEL-02269,Odisha,Cuttack,1.71,Agricultural,Irrigated Crop,1468000.0,1735000.0,1782000.0,7204000.0,1637000.0,0.93,77.4,0.0566,6,1,352,0.494,0.89,Preliminary Notification (Sec 11),0,normal
BS-PARCEL-02270,Uttar Pradesh,Lucknow,1.6,Agricultural,Dry Crop,1481000.0,1621000.0,1537000.0,6380000.0,1486000.0,0.19,61.8,0.1157,2,2,220,0.887,0.489,SIA Survey (Sec 4),0,normal
BS-PARCEL-02271,Gujarat,Surat,6.38,Agricultural,Commercial Hub,1168000.0,1643000.0,1646000.0,25061000.0,1167000.0,0.68,51.2,0.0454,8,0,204,0.649,0.741,Declaration (Sec 19),0,normal
BS-PARCEL-02272,Uttar Pradesh,Lucknow,4.85,Agricultural,Irrigated Crop,1264000.0,1580000.0,1495000.0,39288000.0,1385000.0,1.85,64.6,0.04,9,50,840,0.358,0.153,Declaration (Sec 19),1,strong_anomaly
BS-PARCEL-02273,Odisha,Jharsuguda,4.89,Non-Agricultural,Dry Crop,2954000.0,3220000.0,3231000.0,35375000.0,2762000.0,2.32,59.4,0.0749,4,3,477,0.72,0.474,SIA Survey (Sec 4),0,normal
BS-PARCEL-02274,Karnataka,Bengaluru Rural,4.22,Industrial,Irrigated Crop,3926000.0,4962000.0,5073000.0,41227000.0,4338000.0,0.87,59.4,0.0793,6,5,430,0.872,0.441,Declaration (Sec 19),0,normal
BS-PARCEL-02275,Tamil Nadu,Coimbatore,3.45,Industrial,Irrigated Crop,5323000.0,7027000.0,6959000.0,46841000.0,4845000.0,1.82,81.8,0.0586,6,3,145,0.945,0.875,SIA Survey (Sec 4),0,normal
BS-PARCEL-02276,Karnataka,Bengaluru Rural,6.0,Industrial,Irrigated Crop,5674000.0,6684000.0,6617000.0,86196000.0,6319000.0,4.26,72.3,0.1537,12,2,284,0.611,0.728,Rehabilitation Scheme (Sec 16),0,normal
BS-PARCEL-02277,Karnataka,Tumakuru,7.35,Agricultural,Dry Crop,1340000.0,1412000.0,1348000.0,26074000.0,1357000.0,0.51,74.9,0.0915,13,4,376,0.85,0.744,SIA Survey (Sec 4),0,normal
BS-PARCEL-02278,Tamil Nadu,Madurai,7.2,Agricultural,Commercial Hub,1437000.0,1866000.0,1822000.0,29542000.0,1585000.0,0.2,70.9,0.0439,12,1,256,0.904,0.492,Enquiry & Award (Sec 23),0,normal
BS-PARCEL-02279,Uttar Pradesh,Gorakhpur,3.05,Non-Agricultural,Dry Crop,2300000.0,2452000.0,2436000.0,15222000.0,2295000.0,1.7,82.3,0.0224,4,4,172,0.749,0.857,Declaration (Sec 19),0,normal
BS-PARCEL-02280,Odisha,Sambalpur,10.79,Barren,Residential Zone,784000.0,959000.0,1001000.0,43755000.0,810000.0,0.33,88.5,0.0962,17,1,125,0.848,0.531,Enquiry & Award (Sec 23),1,moderate_anomaly
BS-PARCEL-02281,Tamil Nadu,Kanchipuram,4.03,Non-Agricultural,Dry Crop,2450000.0,3381000.0,3542000.0,33984000.0,2764000.0,0.45,59.8,0.0429,4,2,190,0.69,0.675,Preliminary Notification (Sec 11),0,normal
BS-PARCEL-02282,Tamil Nadu,Kanchipuram,5.68,Agricultural,Commercial Hub,1531000.0,2219000.0,2340000.0,65432000.0,1493000.0,0.55,79.8,0.1661,10,4,54,0.693,0.597,Rehabilitation Scheme (Sec 16),1,moderate_anomaly
BS-PARCEL-02283,Gujarat,Ahmedabad,4.22,Non-Agricultural,Infrastructure Corridor,2511000.0,3008000.0,2864000.0,28033000.0,2300000.0,1.86,41.7,0.0971,6,3,278,0.816,0.542,Possession Handover,0,normal
BS-PARCEL-02284,Tamil Nadu,Madurai,4.1,Commercial,Irrigated Crop,6794000.0,7188000.0,7012000.0,66897000.0,5960000.0,0.91,24.4,0.1024,10,5,333,0.752,0.361,Preliminary Notification (Sec 11),0,normal
BS-PARCEL-02285,Gujarat,Bharuch,1.78,Industrial,Irrigated Crop,5003000.0,6240000.0,6212000.0,26742000.0,5138000.0,5.32,97.9,0.0899,2,4,136,0.925,0.856,Rehabilitation Scheme (Sec 16),0,normal
BS-PARCEL-02286,Uttar Pradesh,Agra,6.03,Commercial,Irrigated Crop,5924000.0,6875000.0,6992000.0,95563000.0,6121000.0,0.25,59.0,0.1249,9,2,130,0.687,0.677,Preliminary Notification (Sec 11),0,normal
BS-PARCEL-02287,Odisha,Khordha,37.28,Agricultural,Dry Crop,1160000.0,1632000.0,1672000.0,63397000.0,1202000.0,1.37,69.5,-0.0158,66,31,63,0.797,0.403,Preliminary Notification (Sec 11),1,strong_anomaly
BS-PARCEL-02288,Maharashtra,Nagpur,2.41,Agricultural,Dry Crop,1034000.0,1380000.0,1427000.0,7031000.0,890000.0,1.19,42.9,0.0319,3,5,231,0.78,0.722,Declaration (Sec 19),0,normal
BS-PARCEL-02289,Uttar Pradesh,Gorakhpur,3.53,Agricultural,Irrigated Crop,1310000.0,1587000.0,1586000.0,12331000.0,1124000.0,1.99,42.1,0.1214,7,3,178,0.879,0.535,SIA Survey (Sec 4),0,normal
BS-PARCEL-02290,Karnataka,Mysuru,2.27,Agricultural,Residential Zone,1557000.0,2109000.0,2123000.0,10927000.0,1742000.0,0.69,52.2,0.14,3,2,21,0.866,0.489,Declaration (Sec 19),0,normal
BS-PARCEL-02291,Maharashtra,Nagpur,2.19,Industrial,Infrastructure Corridor,4512000.0,5353000.0,5649000.0,22852000.0,4777000.0,2.21,76.6,0.0306,4,3,500,0.939,0.867,Possession Handover,0,normal
BS-PARCEL-02292,Odisha,Khordha,12.34,Agricultural,Irrigated Crop,1266000.0,1594000.0,1544000.0,43965000.0,1119000.0,0.16,55.7,0.0073,25,2,10,0.894,0.572,SIA Survey (Sec 4),0,normal
BS-PARCEL-02293,Madhya Pradesh,Indore,1.87,Agricultural,Irrigated Crop,1521000.0,2158000.0,2237000.0,10190000.0,1327000.0,0.33,59.0,0.0867,3,3,21,0.843,0.563,Preliminary Notification (Sec 11),0,normal
BS-PARCEL-02294,Uttar Pradesh,Prayagraj,2.22,Agricultural,Irrigated Crop,1226000.0,1385000.0,1420000.0,6683000.0,1102000.0,2.07,51.6,0.0994,2,0,283,0.853,0.463,Compensation Disbursement,0,normal
BS-PARCEL-02295,Odisha,Cuttack,0.86,Non-Agricultural,Irrigated Crop,3497000.0,4110000.0,3932000.0,25022000.0,3819000.0,0.85,86.0,0.0859,0,50,1042,0.3,0.1,Declaration (Sec 19),1,strong_anomaly
BS-PARCEL-02296,Madhya Pradesh,Indore,1.74,Agricultural,Residential Zone,1221000.0,1715000.0,1803000.0,7045000.0,1303000.0,0.82,80.6,0.0776,2,1,101,0.661,0.593,Compensation Disbursement,0,normal
BS-PARCEL-02297,Maharashtra,Thane,0.78,Agricultural,Dry Crop,1217000.0,1503000.0,1567000.0,2914000.0,1268000.0,0.21,56.3,0.0059,1,5,94,0.519,0.679,Rehabilitation Scheme (Sec 16),0,normal
BS-PARCEL-02298,Karnataka,Bengaluru Rural,5.68,Commercial,Irrigated Crop,5488000.0,6460000.0,6677000.0,83947000.0,5720000.0,1.4,77.3,0.065,9,3,230,0.912,0.591,Declaration (Sec 19),0,normal
BS-PARCEL-02299,Madhya Pradesh,Bhopal,35.86,Agricultural,Dry Crop,990000.0,1054000.0,1007000.0,83236000.0,1097000.0,0.34,60.6,0.071,58,3,221,0.853,0.704,Possession Handover,0,normal
BS-PARCEL-02300,Uttar Pradesh,Varanasi,2.43,Agricultural,Irrigated Crop,1340000.0,1632000.0,1561000.0,10727000.0,1273000.0,1.66,58.9,0.0581,6,3,102,0.941,0.686,SIA Survey (Sec 4),0,normal
BS-PARCEL-02301,Tamil Nadu,Madurai,0.81,Agricultural,Dry Crop,1496000.0,1870000.0,1911000.0,3728000.0,1416000.0,1.2,64.1,0.0033,1,1,289,0.866,0.792,Compensation Disbursement,0,normal
BS-PARCEL-02302,Gujarat,Vadodara,7.13,Non-Agricultural,Dry Crop,2327000.0,2822000.0,2689000.0,43797000.0,2275000.0,0.31,76.6,0.1034,12,2,242,0.922,0.691,Declaration (Sec 19),0,normal
BS-PARCEL-02303,Karnataka,Belagavi,1.79,Non-Agricultural,Dry Crop,3629000.0,4213000.0,4018000.0,106648000.0,4162000.0,2.39,48.9,0.1146,5,0,327,0.474,0.748,Compensation Disbursement,1,strong_anomaly
BS-PARCEL-02304,Odisha,Khordha,10.02,Industrial,Dry Crop,4634000.0,5550000.0,5484000.0,131534000.0,4710000.0,0.38,74.0,0.0482,23,3,174,0.614,0.843,SIA Survey (Sec 4),0,normal
BS-PARCEL-02305,Karnataka,Bengaluru Rural,2.61,Agricultural,Residential Zone,1206000.0,1576000.0,1482000.0,10947000.0,1223000.0,0.69,99.0,0.0726,0,1,269,0.724,0.616,Rehabilitation Scheme (Sec 16),0,normal
BS-PARCEL-02306,Karnataka,Belagavi,1.94,Barren,Irrigated Crop,836000.0,1176000.0,1207000.0,5663000.0,914000.0,3.51,68.3,0.0601,5,3,154,0.775,0.415,Preliminary Notification (Sec 11),0,normal
BS-PARCEL-02307,Maharashtra,Nagpur,2.85,Non-Agricultural,Commercial Hub,3606000.0,4723000.0,4746000.0,35885000.0,3258000.0,1.66,65.6,0.0605,3,3,239,0.82,0.585,Possession Handover,0,normal
BS-PARCEL-02308,Maharashtra,Nagpur,6.32,Agricultural,Irrigated Crop,1278000.0,1672000.0,1587000.0,26393000.0,1242000.0,2.04,63.5,0.0997,15,2,219,0.788,0.624,Preliminary Notification (Sec 11),0,normal
BS-PARCEL-02309,Gujarat,Vadodara,2.74,Agricultural,Irrigated Crop,1099000.0,1513000.0,1521000.0,9657000.0,1146000.0,0.93,73.6,0.1007,5,3,273,0.71,0.555,Preliminary Notification (Sec 11),0,normal
BS-PARCEL-02310,Tamil Nadu,Salem,2.18,Agricultural,Residential Zone,1024000.0,1143000.0,1082000.0,6686000.0,1174000.0,5.0,36.0,0.123,3,1,237,0.93,0.793,Compensation Disbursement,0,normal
BS-PARCEL-02311,Madhya Pradesh,Bhopal,2.8,Industrial,Dry Crop,4382000.0,5129000.0,4865000.0,29816000.0,3928000.0,4.47,95.6,0.1222,9,2,10,0.954,0.673,Rehabilitation Scheme (Sec 16),0,normal
BS-PARCEL-02312,Gujarat,Surat,1.13,Agricultural,Irrigated Crop,1462000.0,1565000.0,1562000.0,3547000.0,1441000.0,0.98,82.7,0.0731,1,4,111,0.649,0.538,Declaration (Sec 19),0,normal
BS-PARCEL-02313,Tamil Nadu,Salem,4.65,Agricultural,Dry Crop,1134000.0,1349000.0,1349000.0,12242000.0,1272000.0,0.43,53.4,0.1937,6,3,189,0.883,0.277,SIA Survey (Sec 4),0,normal
BS-PARCEL-02314,Tamil Nadu,Coimbatore,0.73,Non-Agricultural,Commercial Hub,3267000.0,4736000.0,4644000.0,7698000.0,3488000.0,0.59,65.6,0.142,0,4,231,0.85,0.833,Declaration (Sec 19),0,normal
BS-PARCEL-02315,Odisha,Sambalpur,2.28,Industrial,Infrastructure Corridor,4162000.0,4918000.0,4990000.0,9189000.0,4304000.0,1.27,55.0,0.0537,8,37,270,0.89,0.768,SIA Survey (Sec 4),1,strong_anomaly
BS-PARCEL-02316,Gujarat,Ahmedabad,6.33,Non-Agricultural,Dry Crop,2904000.0,4048000.0,3993000.0,35469000.0,2692000.0,0.86,70.4,0.0851,14,2,240,0.866,0.514,Declaration (Sec 19),1,moderate_anomaly
BS-PARCEL-02317,Karnataka,Mysuru,4.3,Commercial,Irrigated Crop,6248000.0,6775000.0,6846000.0,66102000.0,5662000.0,0.26,66.1,0.0006,5,2,102,0.908,0.855,Declaration (Sec 19),0,normal
BS-PARCEL-02318,Karnataka,Belagavi,5.48,Agricultural,Dry Crop,1263000.0,1558000.0,1530000.0,60633000.0,1215000.0,1.63,69.1,0.0811,12,52,932,0.262,0.109,Rehabilitation Scheme (Sec 16),1,strong_anomaly
BS-PARCEL-02319,Madhya Pradesh,Jabalpur,3.14,Industrial,Irrigated Crop,5241000.0,6240000.0,6401000.0,41398000.0,4856000.0,0.96,46.5,0.1469,7,1,91,0.748,0.702,SIA Survey (Sec 4),0,normal
BS-PARCEL-02320,Gujarat,Bharuch,8.97,Agricultural,Irrigated Crop,1613000.0,1824000.0,1841000.0,34631000.0,1762000.0,3.95,56.3,0.1913,20,2,318,0.808,0.421,Preliminary Notification (Sec 11),0,normal
BS-PARCEL-02321,Uttar Pradesh,Varanasi,7.29,Agricultural,Dry Crop,1548000.0,1856000.0,1780000.0,35339000.0,1650000.0,0.78,85.6,0.0751,16,1,326,0.928,0.709,Enquiry & Award (Sec 23),0,normal
BS-PARCEL-02322,Maharashtra,Nagpur,4.85,Barren,Commercial Hub,759000.0,995000.0,1017000.0,10719000.0,835000.0,1.7,55.4,0.0934,7,7,178,0.658,0.938,SIA Survey (Sec 4),0,normal
BS-PARCEL-02323,Madhya Pradesh,Jabalpur,7.3,Agricultural,Irrigated Crop,1011000.0,1260000.0,1303000.0,20732000.0,911000.0,2.08,17.4,0.1042,14,3,108,0.58,0.912,SIA Survey (Sec 4),0,normal
BS-PARCEL-02324,Odisha,Khordha,6.28,Agricultural,Commercial Hub,1562000.0,2168000.0,2055000.0,36895000.0,1473000.0,3.11,62.3,0.1592,12,4,103,0.774,0.573,Rehabilitation Scheme (Sec 16),0,normal
BS-PARCEL-02325,Odisha,Jharsuguda,2.29,Non-Agricultural,Commercial Hub,3600000.0,5083000.0,5150000.0,25246000.0,3890000.0,3.67,99.0,0.0407,4,1,59,0.584,0.608,Declaration (Sec 19),0,normal
BS-PARCEL-02326,Maharashtra,Aurangabad,1.06,Agricultural,Commercial Hub,1538000.0,1911000.0,1978000.0,5186000.0,1383000.0,0.38,80.3,0.1862,0,3,78,0.62,0.664,Enquiry & Award (Sec 23),0,normal
BS-PARCEL-02327,Karnataka,Mysuru,4.75,Agricultural,Irrigated Crop,1245000.0,1796000.0,1713000.0,18170000.0,1113000.0,4.32,54.5,0.0673,9,5,160,0.857,0.594,Rehabilitation Scheme (Sec 16),0,normal
BS-PARCEL-02328,Uttar Pradesh,Agra,5.28,Non-Agricultural,Irrigated Crop,2387000.0,2575000.0,2699000.0,34180000.0,2303000.0,1.87,64.1,0.0332,11,5,118,0.665,0.915,Compensation Disbursement,0,normal
BS-PARCEL-02329,Karnataka,Tumakuru,8.39,Commercial,Irrigated Crop,7817000.0,9072000.0,8979000.0,187056000.0,7082000.0,1.21,77.2,0.0674,20,3,10,0.782,0.588,Enquiry & Award (Sec 23),0,normal
BS-PARCEL-02330,Gujarat,Ahmedabad,1.5,Commercial,Irrigated Crop,6390000.0,7775000.0,7997000.0,32342000.0,5583000.0,1.8,33.4,0.0476,2,3,126,0.52,0.531,Compensation Disbursement,0,normal
BS-PARCEL-02331,Madhya Pradesh,Gwalior,1.54,Agricultural,Irrigated Crop,1148000.0,1473000.0,1544000.0,4570000.0,1084000.0,0.28,49.6,0.0968,0,2,190,0.645,0.767,Enquiry & Award (Sec 23),0,normal
BS-PARCEL-02332,Tamil Nadu,Kanchipuram,4.91,Non-Agricultural,Irrigated Crop,2757000.0,3497000.0,3702000.0,37706000.0,3068000.0,1.06,72.2,0.0139,9,1,142,0.874,0.705,Preliminary Notification (Sec 11),0,normal
BS-PARCEL-02333,Gujarat,Bharuch,3.13,Commercial,Irrigated Crop,7055000.0,9011000.0,9102000.0,64252000.0,6116000.0,1.17,93.7,0.0857,4,3,81,0.868,0.811,Possession Handover,0,normal
BS-PARCEL-02334,Tamil Nadu,Salem,0.67,Agricultural,Irrigated Crop,1140000.0,1606000.0,1645000.0,2593000.0,1163000.0,0.17,57.1,0.1066,4,4,10,0.871,0.806,Enquiry & Award (Sec 23),0,normal
BS-PARCEL-02335,Madhya Pradesh,Bhopal,4.57,Agricultural,Infrastructure Corridor,1397000.0,1622000.0,1574000.0,14891000.0,1423000.0,1.26,93.2,0.1393,8,3,305,0.921,0.631,Declaration (Sec 19),0,normal
BS-PARCEL-02336,Odisha,Jharsuguda,0.69,Agricultural,Commercial Hub,1366000.0,1881000.0,1834000.0,3136000.0,1379000.0,0.74,51.4,0.1072,0,3,175,0.873,0.917,SIA Survey (Sec 4),0,normal
BS-PARCEL-02337,Karnataka,Bengaluru Rural,1.49,Agricultural,Irrigated Crop,1266000.0,1612000.0,1680000.0,5146000.0,1268000.0,0.19,5.0,0.1369,2,2,215,0.784,0.835,SIA Survey (Sec 4),0,normal
BS-PARCEL-02338,Gujarat,Vadodara,10.47,Agricultural,Infrastructure Corridor,939000.0,1170000.0,1156000.0,27358000.0,803000.0,0.19,78.4,0.0558,21,1,199,0.806,0.846,Declaration (Sec 19),0,normal
BS-PARCEL-02339,Tamil Nadu,Madurai,15.66,Non-Agricultural,Irrigated Crop,3673000.0,4297000.0,4463000.0,157392000.0,3174000.0,0.39,74.7,0.0958,31,2,234,0.737,0.713,Rehabilitation Scheme (Sec 16),0,normal
BS-PARCEL-02340,Gujarat,Bharuch,1.18,Barren,Dry Crop,648000.0,759000.0,718000.0,1970000.0,650000.0,0.1,78.3,-0.0092,2,0,206,0.92,0.847,Enquiry & Award (Sec 23),0,normal
BS-PARCEL-02341,Madhya Pradesh,Gwalior,2.51,Agricultural,Residential Zone,1224000.0,1475000.0,1425000.0,9644000.0,1396000.0,1.2,77.5,0.0754,4,4,190,0.829,0.425,Rehabilitation Scheme (Sec 16),0,normal
BS-PARCEL-02342,Uttar Pradesh,Agra,3.44,Non-Agricultural,Dry Crop,2866000.0,3885000.0,3731000.0,31626000.0,2787000.0,0.15,68.5,0.0955,6,2,263,0.708,0.457,Declaration (Sec 19),0,normal
BS-PARCEL-02343,Uttar Pradesh,Agra,15.09,Agricultural,Irrigated Crop,1163000.0,1443000.0,1448000.0,155430000.0,1153000.0,0.26,60.3,0.0991,20,39,964,0.422,0.104,SIA Survey (Sec 4),1,strong_anomaly
BS-PARCEL-02344,Karnataka,Mysuru,2.18,Agricultural,Irrigated Crop,1386000.0,1541000.0,1463000.0,8555000.0,1586000.0,0.34,61.0,0.017,5,1,332,0.982,0.582,SIA Survey (Sec 4),0,normal
BS-PARCEL-02345,Maharashtra,Aurangabad,2.21,Commercial,Dry Crop,4929000.0,6674000.0,6549000.0,33461000.0,5342000.0,3.29,56.7,0.0644,3,2,88,0.915,0.714,Preliminary Notification (Sec 11),0,normal
BS-PARCEL-02346,Odisha,Sambalpur,12.38,Agricultural,Dry Crop,1529000.0,2011000.0,2128000.0,67159000.0,1653000.0,3.81,57.8,0.07,19,1,207,0.751,0.647,Compensation Disbursement,0,normal
BS-PARCEL-02347,Tamil Nadu,Madurai,2.41,Industrial,Dry Crop,3895000.0,5569000.0,5766000.0,26860000.0,3901000.0,0.98,32.4,0.0628,2,3,10,0.55,0.386,Declaration (Sec 19),0,normal
BS-PARCEL-02348,Karnataka,Mysuru,6.13,Agricultural,Dry Crop,1620000.0,2044000.0,2108000.0,28722000.0,1813000.0,1.44,43.1,0.109,9,2,127,0.739,0.435,Possession Handover,0,normal
BS-PARCEL-02349,Tamil Nadu,Salem,0.95,Agricultural,Irrigated Crop,1352000.0,1774000.0,1696000.0,4005000.0,1385000.0,2.47,62.1,0.0713,0,5,158,0.674,0.835,Enquiry & Award (Sec 23),0,normal
BS-PARCEL-02350,Karnataka,Bengaluru Rural,2.87,Agricultural,Dry Crop,948000.0,1177000.0,1158000.0,4377000.0,993000.0,4.32,24.7,0.084,5,2,261,0.77,0.477,Enquiry & Award (Sec 23),1,moderate_anomaly
BS-PARCEL-02351,Uttar Pradesh,Prayagraj,0.81,Agricultural,Irrigated Crop,1305000.0,1726000.0,1763000.0,7926000.0,1418000.0,1.13,28.9,0.0604,1,44,854,0.41,0.055,Declaration (Sec 19),1,strong_anomaly
BS-PARCEL-02352,Gujarat,Ahmedabad,1.35,Industrial,Residential Zone,4554000.0,5576000.0,5256000.0,17637000.0,4426000.0,0.7,59.0,0.1226,1,3,254,0.907,0.641,Compensation Disbursement,0,normal
BS-PARCEL-02353,Madhya Pradesh,Bhopal,6.78,Non-Agricultural,Commercial Hub,3701000.0,4090000.0,4058000.0,58935000.0,4204000.0,0.75,62.7,0.1256,9,2,142,0.747,0.679,Possession Handover,0,normal
BS-PARCEL-02354,Odisha,Sambalpur,3.18,Agricultural,Dry Crop,1444000.0,2086000.0,2193000.0,17680000.0,1655000.0,1.87,59.4,0.0677,6,1,116,0.861,0.798,Enquiry & Award (Sec 23),0,normal
BS-PARCEL-02355,Maharashtra,Nashik,2.53,Agricultural,Commercial Hub,1265000.0,1693000.0,1608000.0,9477000.0,1298000.0,3.01,22.2,0.194,7,1,91,0.913,0.65,Preliminary Notification (Sec 11),0,normal
BS-PARCEL-02356,Madhya Pradesh,Jabalpur,1.76,Non-Agricultural,Irrigated Crop,2822000.0,3650000.0,3828000.0,15788000.0,2587000.0,4.96,92.9,0.0493,2,5,255,0.863,0.827,Enquiry & Award (Sec 23),0,normal
BS-PARCEL-02357,Gujarat,Surat,2.75,Commercial,Irrigated Crop,8759000.0,10884000.0,10485000.0,66194000.0,9481000.0,2.54,39.1,0.1203,11,4,138,0.771,0.69,Preliminary Notification (Sec 11),0,normal
BS-PARCEL-02358,Uttar Pradesh,Varanasi,4.29,Agricultural,Dry Crop,1381000.0,1843000.0,1774000.0,19168000.0,1307000.0,1.24,50.3,0.042,11,1,10,0.947,0.477,Preliminary Notification (Sec 11),0,normal
BS-PARCEL-02359,Uttar Pradesh,Lucknow,7.66,Agricultural,Dry Crop,1270000.0,1398000.0,1347000.0,23303000.0,1299000.0,2.48,42.3,0.1109,12,2,249,0.937,0.737,Enquiry & Award (Sec 23),0,normal
BS-PARCEL-02360,Gujarat,Surat,0.36,Agricultural,Commercial Hub,1187000.0,1401000.0,1474000.0,1250000.0,1040000.0,1.74,88.4,0.1078,2,3,77,0.873,0.68,Compensation Disbursement,0,normal
BS-PARCEL-02361,Uttar Pradesh,Agra,1.64,Agricultural,Infrastructure Corridor,1134000.0,1247000.0,1263000.0,5285000.0,1239000.0,0.22,72.6,0.0395,2,1,201,0.909,0.774,SIA Survey (Sec 4),0,normal
BS-PARCEL-02362,Uttar Pradesh,Prayagraj,3.8,Agricultural,Irrigated Crop,1408000.0,1549000.0,1596000.0,11675000.0,1602000.0,7.07,56.5,0.0748,4,1,55,0.893,0.731,Preliminary Notification (Sec 11),0,normal
BS-PARCEL-02363,Gujarat,Ahmedabad,3.05,Agricultural,Irrigated Crop,1323000.0,1400000.0,1378000.0,44508000.0,1162000.0,0.55,55.2,0.1547,2,2,181,0.524,0.88,Compensation Disbursement,1,strong_anomaly
BS-PARCEL-02364,Maharashtra,Thane,4.68,Agricultural,Dry Crop,1511000.0,2043000.0,2135000.0,26121000.0,1616000.0,0.87,68.2,0.0474,6,1,10,0.823,0.785,Preliminary Notification (Sec 11),0,normal
BS-PARCEL-02365,Madhya Pradesh,Jabalpur,4.17,Agricultural,Irrigated Crop,1299000.0,1482000.0,1497000.0,14850000.0,1440000.0,1.2,42.6,0.0961,2,2,176,0.895,0.684,Preliminary Notification (Sec 11),0,normal
BS-PARCEL-02366,Uttar Pradesh,Prayagraj,2.56,Agricultural,Irrigated Crop,1319000.0,1824000.0,1846000.0,10557000.0,1164000.0,2.29,71.9,0.0934,5,1,83,0.85,0.459,Enquiry & Award (Sec 23),0,normal
BS-PARCEL-02367,Gujarat,Vadodara,2.12,Industrial,Infrastructure Corridor,4975000.0,7024000.0,7237000.0,39466000.0,4597000.0,0.37,55.1,0.0783,6,0,40,0.823,0.665,Compensation Disbursement,0,normal
BS-PARCEL-02368,Madhya Pradesh,Gwalior,2.69,Non-Agricultural,Residential Zone,3381000.0,3778000.0,3902000.0,26337000.0,3271000.0,0.3,74.4,0.0108,4,4,264,0.79,0.402,Declaration (Sec 19),0,normal
BS-PARCEL-02369,Odisha,Khordha,8.81,Agricultural,Infrastructure Corridor,1199000.0,1599000.0,1634000.0,29664000.0,1320000.0,0.85,73.7,0.1131,14,5,166,0.998,0.777,Declaration (Sec 19),0,normal
BS-PARCEL-02370,Karnataka,Tumakuru,1.78,Agricultural,Irrigated Crop,1513000.0,1867000.0,1782000.0,7461000.0,1510000.0,3.37,54.3,0.0805,2,6,153,0.809,0.815,Rehabilitation Scheme (Sec 16),0,normal
BS-PARCEL-02371,Odisha,Khordha,3.15,Agricultural,Irrigated Crop,1135000.0,1609000.0,1680000.0,10640000.0,1011000.0,0.25,28.1,0.1242,5,1,100,0.932,0.416,SIA Survey (Sec 4),0,normal
BS-PARCEL-02372,Gujarat,Ahmedabad,3.88,Commercial,Dry Crop,7576000.0,9423000.0,9153000.0,85759000.0,7022000.0,0.81,60.6,0.0893,4,3,278,0.879,0.717,Enquiry & Award (Sec 23),0,normal
BS-PARCEL-02373,Madhya Pradesh,Gwalior,12.51,Non-Agricultural,Infrastructure Corridor,3600000.0,4326000.0,4584000.0,130583000.0,3565000.0,0.39,38.9,0.0826,24,3,132,0.899,0.522,Compensation Disbursement,0,normal
BS-PARCEL-02374,Gujarat,Surat,2.57,Agricultural,Irrigated Crop,1454000.0,1698000.0,1675000.0,9185000.0,1253000.0,1.47,66.4,0.0949,4,6,343,0.626,0.806,Rehabilitation Scheme (Sec 16),0,normal
BS-PARCEL-02375,Odisha,Jharsuguda,7.5,Industrial,Irrigated Crop,4587000.0,6474000.0,6179000.0,108711000.0,4767000.0,4.45,60.4,0.0405,17,2,315,0.615,0.756,SIA Survey (Sec 4),0,normal
BS-PARCEL-02376,Odisha,Jharsuguda,9.46,Commercial,Irrigated Crop,7630000.0,8702000.0,8510000.0,186995000.0,6543000.0,0.88,54.4,0.1423,19,3,336,0.977,0.672,SIA Survey (Sec 4),0,normal
BS-PARCEL-02377,Odisha,Jharsuguda,3.14,Commercial,Commercial Hub,5682000.0,7847000.0,7916000.0,61959000.0,6161000.0,0.99,41.7,0.065,5,1,286,0.773,0.688,Preliminary Notification (Sec 11),0,normal
BS-PARCEL-02378,Tamil Nadu,Kanchipuram,2.78,Agricultural,Commercial Hub,942000.0,1062000.0,1048000.0,4449000.0,1008000.0,0.86,86.4,0.0655,5,4,113,0.703,0.739,SIA Survey (Sec 4),1,moderate_anomaly
BS-PARCEL-02379,Madhya Pradesh,Bhopal,2.51,Agricultural,Dry Crop,1470000.0,1922000.0,1998000.0,10808000.0,1631000.0,0.65,56.8,0.1317,3,1,185,0.788,0.669,Preliminary Notification (Sec 11),0,normal
BS-PARCEL-02380,Madhya Pradesh,Bhopal,2.67,Non-Agricultural,Irrigated Crop,3457000.0,4254000.0,4347000.0,29190000.0,3102000.0,1.87,99.0,0.0899,3,0,157,0.89,0.524,Enquiry & Award (Sec 23),0,normal
BS-PARCEL-02381,Odisha,Cuttack,6.86,Agricultural,Commercial Hub,917000.0,1001000.0,967000.0,15653000.0,945000.0,0.91,65.6,0.0705,18,3,272,0.573,0.721,SIA Survey (Sec 4),0,normal
BS-PARCEL-02382,Maharashtra,Pune,4.04,Non-Agricultural,Dry Crop,3692000.0,4063000.0,4082000.0,38586000.0,4003000.0,0.96,71.3,0.0966,3,3,178,0.706,0.477,Enquiry & Award (Sec 23),0,normal
BS-PARCEL-02383,Gujarat,Vadodara,4.06,Commercial,Irrigated Crop,6614000.0,7689000.0,7954000.0,72109000.0,6645000.0,3.86,65.7,0.105,4,2,153,0.445,0.742,Declaration (Sec 19),0,normal
BS-PARCEL-02384,Odisha,Sambalpur,1.28,Agricultural,Irrigated Crop,1552000.0,2106000.0,2205000.0,6102000.0,1380000.0,8.71,71.1,0.0753,4,2,362,0.887,0.707,Compensation Disbursement,0,normal
BS-PARCEL-02385,Gujarat,Ahmedabad,1.46,Agricultural,Dry Crop,1467000.0,1968000.0,1943000.0,6610000.0,1290000.0,5.19,84.7,0.1169,2,4,143,0.902,0.355,Possession Handover,0,normal
BS-PARCEL-02386,Maharashtra,Nashik,20.53,Agricultural,Irrigated Crop,1548000.0,1752000.0,1841000.0,84274000.0,1597000.0,0.36,84.9,0.0292,33,6,111,0.758,0.696,Rehabilitation Scheme (Sec 16),0,normal
BS-PARCEL-02387,Madhya Pradesh,Bhopal,2.85,Agricultural,Infrastructure Corridor,1500000.0,1861000.0,1757000.0,8080000.0,1499000.0,1.29,33.2,0.0905,5,2,135,0.43,0.576,Preliminary Notification (Sec 11),1,moderate_anomaly
BS-PARCEL-02388,Gujarat,Ahmedabad,1.72,Non-Agricultural,Dry Crop,3736000.0,4068000.0,4154000.0,16119000.0,4217000.0,0.43,80.4,0.112,2,1,297,0.603,0.606,Enquiry & Award (Sec 23),0,normal
BS-PARCEL-02389,Odisha,Khordha,11.21,Non-Agricultural,Irrigated Crop,3157000.0,4219000.0,4362000.0,37145000.0,3473000.0,0.66,73.9,0.1049,19,48,200,0.815,0.404,Preliminary Notification (Sec 11),1,strong_anomaly
BS-PARCEL-02390,Odisha,Cuttack,4.22,Agricultural,Dry Crop,1064000.0,1455000.0,1442000.0,14424000.0,1135000.0,3.7,65.6,-0.0096,6,0,230,0.636,0.875,SIA Survey (Sec 4),0,normal
BS-PARCEL-02391,Gujarat,Vadodara,5.43,Non-Agricultural,Dry Crop,2754000.0,3876000.0,3649000.0,45331000.0,3153000.0,3.12,95.8,0.0749,11,4,205,0.764,0.674,Preliminary Notification (Sec 11),0,normal
BS-PARCEL-02392,Madhya Pradesh,Gwalior,2.95,Agricultural,Irrigated Crop,1441000.0,2024000.0,2069000.0,15122000.0,1525000.0,0.94,96.5,0.0314,5,4,10,0.939,0.814,Compensation Disbursement,0,normal
BS-PARCEL-02393,Odisha,Sambalpur,2.53,Non-Agricultural,Dry Crop,2364000.0,2802000.0,2749000.0,18648000.0,2075000.0,0.79,81.3,0.1314,5,2,62,0.769,0.695,Preliminary Notification (Sec 11),0,normal
BS-PARCEL-02394,Tamil Nadu,Kanchipuram,2.87,Agricultural,Irrigated Crop,1569000.0,1807000.0,1731000.0,12817000.0,1370000.0,0.89,55.2,0.0644,7,2,149,0.89,0.643,Declaration (Sec 19),0,normal
BS-PARCEL-02395,Maharashtra,Thane,1.02,Non-Agricultural,Irrigated Crop,2445000.0,3444000.0,3302000.0,9163000.0,2677000.0,1.65,43.5,0.127,1,2,214,0.588,0.649,Rehabilitation Scheme (Sec 16),0,normal
BS-PARCEL-02396,Karnataka,Belagavi,3.08,Non-Agricultural,Commercial Hub,3572000.0,3959000.0,4087000.0,25979000.0,3423000.0,0.99,78.6,0.0313,6,4,71,0.84,0.423,Enquiry & Award (Sec 23),0,normal
BS-PARCEL-02397,Karnataka,Tumakuru,4.27,Agricultural,Dry Crop,1248000.0,1340000.0,1290000.0,11873000.0,1407000.0,0.19,89.5,0.0956,5,2,68,0.609,0.597,SIA Survey (Sec 4),0,normal
BS-PARCEL-02398,Karnataka,Bengaluru Rural,16.0,Non-Agricultural,Irrigated Crop,3512000.0,4129000.0,4121000.0,159534000.0,3110000.0,1.7,28.5,0.0803,34,1,145,0.887,0.826,Compensation Disbursement,0,normal
BS-PARCEL-02399,Uttar Pradesh,Lucknow,3.57,Commercial,Irrigated Crop,8612000.0,11662000.0,12320000.0,94414000.0,7834000.0,0.34,84.6,0.1906,3,3,325,0.913,0.692,Enquiry & Award (Sec 23),0,normal
BS-PARCEL-02400,Gujarat,Bharuch,0.46,Agricultural,Dry Crop,1204000.0,1599000.0,1649000.0,1980000.0,1303000.0,1.94,60.4,0.1271,1,2,10,0.971,0.361,Rehabilitation Scheme (Sec 16),0,normal
BS-PARCEL-02401,Tamil Nadu,Salem,3.07,Non-Agricultural,Irrigated Crop,3270000.0,4725000.0,4752000.0,23264000.0,3611000.0,0.8,32.4,0.1246,6,2,10,0.969,0.319,Rehabilitation Scheme (Sec 16),1,moderate_anomaly
BS-PARCEL-02402,Maharashtra,Aurangabad,34.08,Barren,Infrastructure Corridor,576000.0,688000.0,690000.0,52602000.0,639000.0,4.48,73.4,0.1611,60,0,370,0.672,0.689,Compensation Disbursement,0,normal
BS-PARCEL-02403,Gujarat,Vadodara,6.93,Commercial,Dry Crop,7998000.0,9280000.0,8910000.0,157112000.0,7036000.0,1.57,81.4,0.0914,12,1,11,0.469,0.612,Enquiry & Award (Sec 23),0,normal
BS-PARCEL-02404,Gujarat,Ahmedabad,1.67,Agricultural,Residential Zone,1490000.0,1790000.0,1778000.0,6575000.0,1437000.0,3.91,58.7,0.076,1,2,135,0.807,0.54,Rehabilitation Scheme (Sec 16),0,normal
BS-PARCEL-02405,Maharashtra,Aurangabad,5.49,Non-Agricultural,Irrigated Crop,2596000.0,3538000.0,3387000.0,55769000.0,2710000.0,0.21,46.0,0.0715,7,18,716,0.849,0.49,Rehabilitation Scheme (Sec 16),1,moderate_anomaly
BS-PARCEL-02406,Maharashtra,Thane,1.77,Barren,Residential Zone,497000.0,564000.0,536000.0,2210000.0,559000.0,0.44,95.8,0.0931,4,4,146,0.629,0.383,Preliminary Notification (Sec 11),0,normal
BS-PARCEL-02407,Gujarat,Vadodara,1.05,Non-Agricultural,Irrigated Crop,2824000.0,4036000.0,3847000.0,5561000.0,2603000.0,1.07,53.0,-0.0308,2,1,165,0.934,0.823,Preliminary Notification (Sec 11),1,moderate_anomaly
BS-PARCEL-02408,Odisha,Cuttack,2.47,Agricultural,Irrigated Crop,1022000.0,1283000.0,1299000.0,7749000.0,1053000.0,2.51,85.9,0.0801,4,3,357,0.824,0.86,Preliminary Notification (Sec 11),0,normal
BS-PARCEL-02409,Uttar Pradesh,Varanasi,3.59,Agricultural,Irrigated Crop,1489000.0,2030000.0,1955000.0,16813000.0,1330000.0,1.47,37.8,0.0891,4,2,259,0.742,0.666,Preliminary Notification (Sec 11),0,normal
BS-PARCEL-02410,Maharashtra,Aurangabad,0.68,Commercial,Irrigated Crop,5893000.0,8138000.0,7796000.0,12860000.0,6330000.0,1.43,72.5,0.0738,0,2,38,0.708,0.514,SIA Survey (Sec 4),0,normal
BS-PARCEL-02411,Uttar Pradesh,Lucknow,1.25,Agricultural,Infrastructure Corridor,1579000.0,1960000.0,2046000.0,6139000.0,1403000.0,1.52,72.0,0.0188,3,0,10,0.669,0.535,Compensation Disbursement,0,normal
BS-PARCEL-02412,Madhya Pradesh,Gwalior,3.35,Agricultural,Commercial Hub,1600000.0,2154000.0,2056000.0,20006000.0,1840000.0,2.3,80.7,0.074,11,1,234,0.682,0.71,Enquiry & Award (Sec 23),0,normal
BS-PARCEL-02413,Maharashtra,Nagpur,2.35,Agricultural,Dry Crop,1554000.0,1858000.0,1904000.0,10295000.0,1364000.0,0.27,91.9,0.0187,3,3,122,0.579,0.581,Compensation Disbursement,0,normal
BS-PARCEL-02414,Tamil Nadu,Salem,4.64,Commercial,Dry Crop,7213000.0,9913000.0,9814000.0,104397000.0,7614000.0,0.15,50.4,0.151,8,1,100,0.704,0.417,Declaration (Sec 19),0,normal
BS-PARCEL-02415,Karnataka,Belagavi,1.18,Agricultural,Dry Crop,1093000.0,1508000.0,1522000.0,4126000.0,1184000.0,2.17,74.4,0.0697,6,3,310,0.907,0.816,Declaration (Sec 19),0,normal
BS-PARCEL-02416,Tamil Nadu,Kanchipuram,6.09,Commercial,Dry Crop,8023000.0,10241000.0,9655000.0,140540000.0,7441000.0,0.28,40.4,-0.0025,9,4,10,0.763,0.653,Preliminary Notification (Sec 11),0,normal
BS-PARCEL-02417,Karnataka,Bengaluru Rural,1.21,Non-Agricultural,Residential Zone,3279000.0,3729000.0,3505000.0,9145000.0,3038000.0,0.36,40.2,0.0717,3,6,139,0.804,0.599,Enquiry & Award (Sec 23),0,normal
BS-PARCEL-02418,Madhya Pradesh,Gwalior,13.41,Barren,Dry Crop,869000.0,1250000.0,1298000.0,40914000.0,894000.0,2.62,54.6,0.1158,35,4,249,0.831,0.75,SIA Survey (Sec 4),0,normal
BS-PARCEL-02419,Odisha,Khordha,0.77,Industrial,Commercial Hub,4686000.0,6695000.0,6675000.0,11007000.0,4869000.0,1.1,72.4,0.087,0,1,50,0.787,0.722,Declaration (Sec 19),0,normal
BS-PARCEL-02420,Madhya Pradesh,Jabalpur,1.31,Agricultural,Irrigated Crop,942000.0,1223000.0,1160000.0,4169000.0,1004000.0,2.98,95.2,0.0434,2,18,543,0.761,0.648,Possession Handover,1,moderate_anomaly
BS-PARCEL-02421,Odisha,Cuttack,4.73,Non-Agricultural,Infrastructure Corridor,3777000.0,5452000.0,5350000.0,62699000.0,3868000.0,1.19,98.5,0.0529,8,1,68,0.583,0.707,Compensation Disbursement,0,normal
BS-PARCEL-02422,Odisha,Jharsuguda,13.66,Agricultural,Irrigated Crop,1504000.0,1882000.0,1883000.0,56739000.0,1357000.0,1.04,58.6,0.0685,22,2,172,0.942,0.611,SIA Survey (Sec 4),0,normal
BS-PARCEL-02423,Karnataka,Mysuru,4.34,Barren,Irrigated Crop,574000.0,689000.0,659000.0,7771000.0,647000.0,0.23,70.5,0.0624,9,12,426,0.365,0.583,Enquiry & Award (Sec 23),1,moderate_anomaly
BS-PARCEL-02424,Karnataka,Mysuru,5.36,Agricultural,Residential Zone,1422000.0,1755000.0,1765000.0,21775000.0,1280000.0,0.18,82.0,0.0296,12,6,10,0.793,0.736,Preliminary Notification (Sec 11),0,normal
BS-PARCEL-02425,Maharashtra,Thane,3.37,Non-Agricultural,Irrigated Crop,2101000.0,2245000.0,2253000.0,14762000.0,2142000.0,2.56,78.8,0.0773,13,7,133,0.852,0.651,Preliminary Notification (Sec 11),0,normal
BS-PARCEL-02426,Tamil Nadu,Salem,1.39,Commercial,Irrigated Crop,7050000.0,8951000.0,9061000.0,24172000.0,7938000.0,0.33,61.9,0.0267,1,2,267,0.791,0.728,Preliminary Notification (Sec 11),0,normal
BS-PARCEL-02427,Karnataka,Tumakuru,2.19,Agricultural,Irrigated Crop,1161000.0,1528000.0,1585000.0,8801000.0,1305000.0,0.74,66.4,0.118,3,3,66,0.872,0.603,SIA Survey (Sec 4),0,normal
BS-PARCEL-02428,Odisha,Khordha,1.19,Commercial,Dry Crop,6362000.0,6959000.0,6886000.0,19733000.0,5728000.0,1.31,63.0,0.1228,1,1,110,0.728,0.655,Enquiry & Award (Sec 23),0,normal
BS-PARCEL-02429,Maharashtra,Thane,1.12,Agricultural,Infrastructure Corridor,1076000.0,1240000.0,1298000.0,3087000.0,992000.0,1.88,61.2,0.0399,5,0,123,0.927,0.658,Rehabilitation Scheme (Sec 16),0,normal
BS-PARCEL-02430,Tamil Nadu,Salem,4.67,Agricultural,Residential Zone,1098000.0,1470000.0,1466000.0,8757000.0,1132000.0,2.6,58.9,0.0513,11,1,238,0.705,0.512,Preliminary Notification (Sec 11),1,moderate_anomaly
BS-PARCEL-02431,Madhya Pradesh,Jabalpur,1.28,Agricultural,Dry Crop,1227000.0,1678000.0,1669000.0,4343000.0,1167000.0,0.34,62.8,0.0631,2,7,140,0.764,0.795,Possession Handover,0,normal
BS-PARCEL-02432,Maharashtra,Nagpur,4.36,Agricultural,Infrastructure Corridor,1079000.0,1558000.0,1587000.0,12715000.0,1154000.0,3.38,57.7,0.0787,7,6,182,0.728,0.791,Declaration (Sec 19),0,normal
BS-PARCEL-02433,Maharashtra,Thane,1.1,Non-Agricultural,Dry Crop,2884000.0,3320000.0,3367000.0,7428000.0,2903000.0,0.56,44.6,0.0903,2,4,183,0.923,0.205,Rehabilitation Scheme (Sec 16),0,normal
BS-PARCEL-02434,Madhya Pradesh,Jabalpur,4.27,Industrial,Residential Zone,5263000.0,7298000.0,6870000.0,82114000.0,4894000.0,6.12,80.5,0.0985,4,0,122,0.845,0.558,Declaration (Sec 19),0,normal
BS-PARCEL-02435,Gujarat,Ahmedabad,2.19,Agricultural,Irrigated Crop,1412000.0,1580000.0,1671000.0,8320000.0,1374000.0,0.18,74.3,0.0976,5,2,365,0.989,0.657,Declaration (Sec 19),0,normal
BS-PARCEL-02436,Uttar Pradesh,Gorakhpur,10.98,Non-Agricultural,Dry Crop,3238000.0,3569000.0,3759000.0,88738000.0,3424000.0,0.24,98.8,0.1422,18,2,67,0.68,0.653,Declaration (Sec 19),0,normal
BS-PARCEL-02437,Gujarat,Vadodara,4.37,Industrial,Irrigated Crop,4297000.0,5765000.0,5614000.0,35386000.0,4665000.0,0.47,71.7,0.0824,6,0,257,0.661,0.78,Declaration (Sec 19),1,moderate_anomaly
BS-PARCEL-02438,Karnataka,Mysuru,9.49,Commercial,Irrigated Crop,5028000.0,6176000.0,6219000.0,132597000.0,4831000.0,0.29,57.5,0.0279,21,4,320,0.956,0.656,Compensation Disbursement,0,normal
BS-PARCEL-02439,Gujarat,Vadodara,1.75,Agricultural,Commercial Hub,1500000.0,2051000.0,2118000.0,8366000.0,1322000.0,0.16,53.7,0.0156,4,2,164,0.895,0.768,Rehabilitation Scheme (Sec 16),0,normal
BS-PARCEL-02440,Odisha,Jharsuguda,3.48,Industrial,Irrigated Crop,6112000.0,7108000.0,7467000.0,53754000.0,5843000.0,8.21,65.9,0.1454,5,1,186,0.633,0.695,Declaration (Sec 19),0,normal
BS-PARCEL-02441,Tamil Nadu,Salem,1.44,Agricultural,Dry Crop,1605000.0,1822000.0,1841000.0,3435000.0,1668000.0,0.47,75.0,0.1004,0,5,238,0.857,0.407,Preliminary Notification (Sec 11),1,moderate_anomaly
BS-PARCEL-02442,Madhya Pradesh,Indore,2.34,Non-Agricultural,Dry Crop,3712000.0,4712000.0,4440000.0,25760000.0,4001000.0,0.12,60.6,0.0883,4,5,139,0.531,0.672,Compensation Disbursement,0,normal
BS-PARCEL-02443,Odisha,Cuttack,2.66,Non-Agricultural,Irrigated Crop,3165000.0,3469000.0,3544000.0,21192000.0,3525000.0,0.28,38.5,0.098,12,0,10,0.84,0.832,Rehabilitation Scheme (Sec 16),0,normal
BS-PARCEL-02444,Madhya Pradesh,Gwalior,1.79,Commercial,Dry Crop,8363000.0,9714000.0,9240000.0,209225000.0,9522000.0,3.37,51.7,0.0864,2,2,152,0.52,0.692,SIA Survey (Sec 4),1,strong_anomaly
BS-PARCEL-02445,Uttar Pradesh,Varanasi,1.18,Agricultural,Dry Crop,1223000.0,1365000.0,1393000.0,3418000.0,1234000.0,0.1,65.3,0.0973,3,3,361,0.876,0.407,Possession Handover,0,normal
BS-PARCEL-02446,Uttar Pradesh,Prayagraj,1.0,Agricultural,Residential Zone,1467000.0,1728000.0,1746000.0,3437000.0,1634000.0,4.09,78.3,0.0651,1,4,242,0.887,0.621,Declaration (Sec 19),0,normal
BS-PARCEL-02447,Odisha,Khordha,0.45,Commercial,Irrigated Crop,8601000.0,11665000.0,11862000.0,10325000.0,7987000.0,0.4,38.3,0.1222,2,1,188,0.612,0.462,Preliminary Notification (Sec 11),0,normal
BS-PARCEL-02448,Odisha,Sambalpur,1.35,Agricultural,Infrastructure Corridor,1473000.0,1618000.0,1558000.0,4304000.0,1499000.0,0.67,69.8,0.059,2,2,263,0.798,0.909,SIA Survey (Sec 4),0,normal
BS-PARCEL-02449,Tamil Nadu,Madurai,5.66,Agricultural,Residential Zone,1199000.0,1552000.0,1551000.0,19161000.0,1213000.0,6.56,69.0,0.0439,8,0,164,0.933,0.732,Rehabilitation Scheme (Sec 16),0,normal
BS-PARCEL-02450,Uttar Pradesh,Varanasi,0.85,Non-Agricultural,Dry Crop,2735000.0,3511000.0,3561000.0,7025000.0,2955000.0,1.9,56.9,0.0124,3,7,183,0.597,0.601,Possession Handover,0,normal
BS-PARCEL-02451,Gujarat,Surat,1.04,Non-Agricultural,Irrigated Crop,2590000.0,3277000.0,3198000.0,7817000.0,2802000.0,3.48,54.4,0.0705,1,2,132,0.734,0.54,Rehabilitation Scheme (Sec 16),0,normal
BS-PARCEL-02452,Uttar Pradesh,Lucknow,15.21,Agricultural,Commercial Hub,1164000.0,1448000.0,1393000.0,49840000.0,1089000.0,1.01,51.7,0.1307,28,2,232,0.756,0.688,SIA Survey (Sec 4),0,normal
BS-PARCEL-02453,Uttar Pradesh,Prayagraj,1.93,Agricultural,Residential Zone,1491000.0,1961000.0,1896000.0,8250000.0,1664000.0,0.1,67.5,0.0617,3,5,121,0.908,0.779,Declaration (Sec 19),0,normal
BS-PARCEL-02454,Maharashtra,Nashik,4.36,Barren,Irrigated Crop,761000.0,1058000.0,1103000.0,9324000.0,850000.0,0.68,85.3,0.0249,8,1,145,0.887,0.794,Rehabilitation Scheme (Sec 16),0,normal
BS-PARCEL-02455,Karnataka,Tumakuru,5.73,Agricultural,Infrastructure Corridor,1080000.0,1204000.0,1199000.0,17260000.0,1225000.0,0.58,86.6,0.0914,7,3,276,0.9,0.808,Preliminary Notification (Sec 11),0,normal
BS-PARCEL-02456,Uttar Pradesh,Gorakhpur,5.83,Agricultural,Infrastructure Corridor,1412000.0,1942000.0,1980000.0,25578000.0,1394000.0,1.36,44.8,0.054,2,3,158,0.924,0.644,Compensation Disbursement,0,normal
BS-PARCEL-02457,Odisha,Jharsuguda,0.91,Agricultural,Dry Crop,1173000.0,1260000.0,1262000.0,2268000.0,1345000.0,0.97,61.6,0.1419,1,3,242,0.494,0.643,Preliminary Notification (Sec 11),0,normal
BS-PARCEL-02458,Madhya Pradesh,Jabalpur,2.73,Agricultural,Commercial Hub,1302000.0,1618000.0,1683000.0,10599000.0,1413000.0,1.92,25.5,0.123,2,2,251,0.911,0.321,Compensation Disbursement,0,normal
BS-PARCEL-02459,Maharashtra,Nagpur,0.84,Barren,Dry Crop,632000.0,793000.0,794000.0,1663000.0,661000.0,0.55,67.0,0.0292,1,2,171,0.773,0.342,Enquiry & Award (Sec 23),0,normal
BS-PARCEL-02460,Madhya Pradesh,Bhopal,26.56,Agricultural,Commercial Hub,1276000.0,1441000.0,1371000.0,107427000.0,1250000.0,1.12,75.8,0.073,67,24,662,0.723,0.744,Preliminary Notification (Sec 11),1,moderate_anomaly
BS-PARCEL-02461,Tamil Nadu,Madurai,0.86,Agricultural,Residential Zone,1425000.0,1547000.0,1491000.0,2827000.0,1571000.0,1.9,93.3,0.0498,2,4,34,0.896,0.696,Enquiry & Award (Sec 23),0,normal
BS-PARCEL-02462,Gujarat,Bharuch,1.36,Agricultural,Irrigated Crop,1426000.0,1540000.0,1450000.0,5024000.0,1539000.0,0.95,32.8,0.0336,1,1,59,0.816,0.761,Enquiry & Award (Sec 23),0,normal
BS-PARCEL-02463,Uttar Pradesh,Prayagraj,1.37,Agricultural,Irrigated Crop,1442000.0,1536000.0,1597000.0,2816000.0,1479000.0,0.8,45.4,0.0778,3,3,247,0.806,0.656,Declaration (Sec 19),1,moderate_anomaly
BS-PARCEL-02464,Uttar Pradesh,Lucknow,0.93,Agricultural,Irrigated Crop,1182000.0,1512000.0,1542000.0,863000.0,1358000.0,2.67,67.6,0.1127,1,24,244,0.879,0.304,Declaration (Sec 19),1,strong_anomaly
BS-PARCEL-02465,Tamil Nadu,Kanchipuram,10.48,Barren,Infrastructure Corridor,757000.0,842000.0,868000.0,19086000.0,700000.0,1.76,35.9,0.0767,18,3,71,0.845,0.494,Preliminary Notification (Sec 11),0,normal
BS-PARCEL-02466,Uttar Pradesh,Gorakhpur,26.03,Non-Agricultural,Irrigated Crop,2501000.0,3435000.0,3524000.0,199985000.0,2607000.0,2.38,68.1,0.0594,49,5,223,0.8,0.9,Preliminary Notification (Sec 11),0,normal
BS-PARCEL-02467,Karnataka,Belagavi,2.22,Agricultural,Residential Zone,1244000.0,1754000.0,1822000.0,8446000.0,1177000.0,1.92,76.2,-0.0082,1,1,203,0.906,0.533,Enquiry & Award (Sec 23),0,normal
BS-PARCEL-02468,Gujarat,Ahmedabad,1.08,Agricultural,Dry Crop,1320000.0,1540000.0,1630000.0,4124000.0,1303000.0,0.17,41.9,0.0534,1,0,282,0.968,0.408,Preliminary Notification (Sec 11),0,normal
BS-PARCEL-02469,Tamil Nadu,Salem,0.5,Agricultural,Irrigated Crop,1394000.0,1555000.0,1584000.0,1712000.0,1327000.0,0.9,67.4,0.1021,0,0,418,0.627,0.792,SIA Survey (Sec 4),0,normal
BS-PARCEL-02470,Uttar Pradesh,Prayagraj,2.7,Agricultural,Infrastructure Corridor,1557000.0,1890000.0,1834000.0,11730000.0,1480000.0,1.04,43.2,0.0263,5,8,243,0.629,0.639,Declaration (Sec 19),0,normal
BS-PARCEL-02471,Odisha,Sambalpur,2.54,Non-Agricultural,Dry Crop,2612000.0,3664000.0,3489000.0,13566000.0,2515000.0,1.36,89.8,0.1313,2,4,104,0.767,0.532,SIA Survey (Sec 4),1,moderate_anomaly
BS-PARCEL-02472,Karnataka,Belagavi,1.91,Agricultural,Irrigated Crop,1509000.0,1826000.0,1846000.0,5542000.0,1308000.0,4.07,68.7,0.0567,2,2,261,0.72,0.308,Enquiry & Award (Sec 23),1,moderate_anomaly
BS-PARCEL-02473,Madhya Pradesh,Bhopal,4.01,Non-Agricultural,Irrigated Crop,2623000.0,2868000.0,2961000.0,28337000.0,2261000.0,0.86,53.5,0.0877,9,2,65,0.747,0.669,Compensation Disbursement,0,normal
BS-PARCEL-02474,Maharashtra,Pune,4.65,Industrial,Irrigated Crop,5189000.0,7492000.0,7547000.0,77193000.0,5539000.0,0.95,42.7,0.064,10,2,424,0.814,0.608,Compensation Disbursement,0,normal
BS-PARCEL-02475,Odisha,Khordha,4.37,Agricultural,Irrigated Crop,1496000.0,1870000.0,1826000.0,5004000.0,1411000.0,0.54,72.0,0.0329,5,45,45,0.941,0.773,Preliminary Notification (Sec 11),1,strong_anomaly
BS-PARCEL-02476,Gujarat,Vadodara,2.54,Industrial,Irrigated Crop,5683000.0,6745000.0,6923000.0,33637000.0,4867000.0,3.64,89.4,0.0976,6,2,228,0.743,0.669,Rehabilitation Scheme (Sec 16),0,normal
BS-PARCEL-02477,Madhya Pradesh,Jabalpur,1.3,Agricultural,Dry Crop,1521000.0,2141000.0,2128000.0,39829000.0,1330000.0,4.37,51.1,0.0561,2,3,180,0.374,0.418,Compensation Disbursement,1,strong_anomaly
BS-PARCEL-02478,Gujarat,Bharuch,5.85,Agricultural,Irrigated Crop,1487000.0,2113000.0,2059000.0,25860000.0,1351000.0,2.73,57.1,0.0467,14,2,134,0.754,0.777,Rehabilitation Scheme (Sec 16),0,normal
BS-PARCEL-02479,Maharashtra,Nashik,3.36,Commercial,Irrigated Crop,5953000.0,7434000.0,7738000.0,63327000.0,5146000.0,0.97,51.5,-0.015,12,1,127,0.861,0.799,Enquiry & Award (Sec 23),0,normal
BS-PARCEL-02480,Gujarat,Ahmedabad,7.06,Agricultural,Irrigated Crop,1615000.0,1894000.0,1911000.0,32671000.0,1831000.0,2.52,93.0,0.1321,13,4,329,0.855,0.643,Declaration (Sec 19),0,normal
BS-PARCEL-02481,Maharashtra,Nashik,6.5,Non-Agricultural,Dry Crop,3674000.0,4567000.0,4448000.0,38977000.0,3749000.0,0.79,30.6,0.0802,10,4,242,0.815,0.403,Rehabilitation Scheme (Sec 16),1,moderate_anomaly
BS-PARCEL-02482,Uttar Pradesh,Varanasi,0.99,Non-Agricultural,Infrastructure Corridor,2823000.0,3212000.0,3146000.0,7231000.0,2733000.0,3.07,88.1,0.1243,0,2,163,0.853,0.728,SIA Survey (Sec 4),0,normal
BS-PARCEL-02483,Gujarat,Vadodara,0.98,Agricultural,Irrigated Crop,934000.0,1159000.0,1169000.0,2260000.0,943000.0,2.47,58.2,0.1048,0,2,370,0.766,0.499,Enquiry & Award (Sec 23),0,normal
BS-PARCEL-02484,Uttar Pradesh,Prayagraj,1.75,Commercial,Irrigated Crop,6059000.0,6918000.0,6854000.0,32246000.0,5355000.0,3.3,63.7,0.1243,3,2,166,0.668,0.714,Preliminary Notification (Sec 11),0,normal
BS-PARCEL-02485,Gujarat,Bharuch,1.35,Agricultural,Dry Crop,1502000.0,1951000.0,1872000.0,6241000.0,1593000.0,0.38,58.9,0.0574,0,3,260,0.835,0.564,Compensation Disbursement,0,normal
BS-PARCEL-02486,Odisha,Sambalpur,6.31,Commercial,Infrastructure Corridor,8583000.0,11621000.0,11775000.0,159491000.0,9792000.0,0.78,69.3,0.0251,11,6,32,0.903,0.522,Declaration (Sec 19),0,normal
BS-PARCEL-02487,Maharashtra,Pune,4.48,Agricultural,Commercial Hub,1499000.0,2155000.0,2204000.0,13843000.0,1333000.0,2.27,51.9,0.1105,8,1,38,0.578,0.733,Preliminary Notification (Sec 11),1,moderate_anomaly
BS-PARCEL-02488,Uttar Pradesh,Varanasi,8.45,Agricultural,Residential Zone,1186000.0,1645000.0,1546000.0,33871000.0,1062000.0,3.72,84.1,0.0852,13,0,258,0.82,0.55,Enquiry & Award (Sec 23),0,normal
BS-PARCEL-02489,Uttar Pradesh,Agra,4.65,Agricultural,Infrastructure Corridor,941000.0,1020000.0,1025000.0,10916000.0,977000.0,4.46,84.8,0.0613,13,1,213,0.919,0.743,Rehabilitation Scheme (Sec 16),0,normal
BS-PARCEL-02490,Madhya Pradesh,Indore,3.96,Commercial,Dry Crop,6894000.0,7822000.0,7894000.0,84370000.0,6174000.0,1.36,47.3,0.1097,2,0,416,0.784,0.572,SIA Survey (Sec 4),0,normal
BS-PARCEL-02491,Maharashtra,Thane,9.21,Agricultural,Infrastructure Corridor,1171000.0,1479000.0,1449000.0,9485000.0,1040000.0,0.77,77.0,0.0923,13,31,102,0.684,0.748,Possession Handover,1,strong_anomaly
BS-PARCEL-02492,Madhya Pradesh,Gwalior,4.95,Industrial,Irrigated Crop,3954000.0,4559000.0,4471000.0,51853000.0,4156000.0,0.82,58.6,0.1056,10,4,254,0.977,0.622,Enquiry & Award (Sec 23),0,normal
BS-PARCEL-02493,Uttar Pradesh,Varanasi,3.52,Agricultural,Residential Zone,976000.0,1030000.0,1007000.0,39715000.0,1011000.0,2.87,65.9,0.0391,6,4,152,0.398,0.885,Declaration (Sec 19),1,strong_anomaly
BS-PARCEL-02494,Gujarat,Surat,11.69,Agricultural,Residential Zone,1010000.0,1365000.0,1356000.0,67653000.0,924000.0,0.1,92.5,0.1191,16,0,273,0.847,0.885,Compensation Disbursement,1,moderate_anomaly
BS-PARCEL-02495,Gujarat,Vadodara,3.66,Agricultural,Infrastructure Corridor,1048000.0,1250000.0,1297000.0,10008000.0,1150000.0,0.21,52.9,0.0798,4,3,264,0.745,0.549,Declaration (Sec 19),0,normal
BS-PARCEL-02496,Madhya Pradesh,Indore,2.56,Agricultural,Dry Crop,1443000.0,1553000.0,1547000.0,9409000.0,1272000.0,0.1,81.7,0.1234,4,0,176,0.805,0.605,Rehabilitation Scheme (Sec 16),0,normal
BS-PARCEL-02497,Madhya Pradesh,Bhopal,1.63,Industrial,Commercial Hub,4699000.0,5890000.0,6239000.0,19521000.0,4463000.0,2.23,73.2,0.1187,1,0,98,0.903,0.52,SIA Survey (Sec 4),0,normal
BS-PARCEL-02498,Tamil Nadu,Madurai,6.03,Agricultural,Irrigated Crop,1215000.0,1751000.0,1725000.0,26964000.0,1302000.0,0.1,61.5,0.1075,12,2,142,0.932,0.716,SIA Survey (Sec 4),0,normal
BS-PARCEL-02499,Madhya Pradesh,Jabalpur,9.5,Non-Agricultural,Dry Crop,3105000.0,4103000.0,4201000.0,89895000.0,3211000.0,0.25,71.6,0.0756,26,3,57,0.654,0.748,Rehabilitation Scheme (Sec 16),0,normal
BS-PARCEL-02500,Tamil Nadu,Salem,3.18,Non-Agricultural,Irrigated Crop,3713000.0,4134000.0,4158000.0,9148000.0,3824000.0,2.49,69.5,0.1084,3,35,220,0.911,0.582,Declaration (Sec 19),1,strong_anomaly
BS-PARCEL-02501,Madhya Pradesh,Indore,10.09,Agricultural,Dry Crop,1445000.0,1815000.0,1872000.0,36244000.0,1526000.0,0.1,44.1,0.1244,15,1,10,0.883,0.679,Enquiry & Award (Sec 23),0,normal
BS-PARCEL-02502,Maharashtra,Aurangabad,0.62,Non-Agricultural,Dry Crop,3185000.0,4493000.0,4702000.0,7397000.0,3325000.0,0.49,54.1,0.1043,0,2,116,0.985,0.741,Rehabilitation Scheme (Sec 16),0,normal
BS-PARCEL-02503,Maharashtra,Nagpur,3.17,Industrial,Irrigated Crop,5742000.0,6154000.0,6163000.0,43707000.0,6387000.0,0.49,46.2,0.0881,6,0,279,0.816,0.589,Declaration (Sec 19),0,normal
BS-PARCEL-02504,Gujarat,Surat,3.21,Non-Agricultural,Irrigated Crop,3308000.0,4317000.0,4314000.0,29104000.0,3376000.0,7.0,60.0,0.1085,4,4,276,0.86,0.877,Compensation Disbursement,0,normal
BS-PARCEL-02505,Karnataka,Belagavi,1.79,Agricultural,Irrigated Crop,1397000.0,1870000.0,1969000.0,12640000.0,1356000.0,0.45,89.2,0.059,4,2,10,0.822,0.851,Possession Handover,1,moderate_anomaly
BS-PARCEL-02506,Maharashtra,Aurangabad,25.19,Non-Agricultural,Dry Crop,2934000.0,3907000.0,4110000.0,194795000.0,3168000.0,0.49,75.5,0.1406,40,3,244,0.842,0.412,Rehabilitation Scheme (Sec 16),0,normal
BS-PARCEL-02507,Odisha,Sambalpur,3.14,Non-Agricultural,Dry Crop,3052000.0,3388000.0,3590000.0,20909000.0,2832000.0,0.1,39.2,0.0127,4,1,54,0.895,0.757,Possession Handover,0,normal
BS-PARCEL-02508,Madhya Pradesh,Jabalpur,2.35,Agricultural,Commercial Hub,1232000.0,1741000.0,1669000.0,9465000.0,1328000.0,2.17,60.1,0.0814,1,0,138,0.762,0.567,Compensation Disbursement,0,normal
BS-PARCEL-02509,Odisha,Khordha,3.39,Non-Agricultural,Irrigated Crop,2764000.0,3259000.0,3065000.0,25756000.0,2582000.0,3.11,69.2,0.0638,6,4,264,0.5,0.53,Preliminary Notification (Sec 11),0,normal
BS-PARCEL-02510,Karnataka,Bengaluru Rural,0.61,Agricultural,Residential Zone,1095000.0,1172000.0,1163000.0,1692000.0,1089000.0,1.09,78.4,0.0544,3,1,72,0.844,0.863,Rehabilitation Scheme (Sec 16),0,normal
BS-PARCEL-02511,Gujarat,Surat,1.74,Commercial,Dry Crop,6260000.0,6781000.0,6971000.0,28349000.0,6709000.0,0.69,53.3,0.0922,8,3,336,0.703,0.541,SIA Survey (Sec 4),0,normal
BS-PARCEL-02512,Maharashtra,Aurangabad,7.66,Barren,Irrigated Crop,655000.0,808000.0,767000.0,18991000.0,680000.0,0.28,42.7,0.035,15,18,514,0.862,0.592,Enquiry & Award (Sec 23),1,moderate_anomaly
BS-PARCEL-02513,Tamil Nadu,Salem,1.95,Barren,Irrigated Crop,713000.0,760000.0,748000.0,3508000.0,624000.0,0.22,64.0,0.1661,4,3,230,0.822,0.689,Declaration (Sec 19),0,normal
BS-PARCEL-02514,Gujarat,Surat,1.64,Commercial,Dry Crop,6825000.0,9294000.0,9385000.0,41822000.0,6716000.0,0.66,75.2,0.0259,2,3,298,0.883,0.65,Declaration (Sec 19),0,normal
BS-PARCEL-02515,Maharashtra,Pune,10.11,Non-Agricultural,Irrigated Crop,2281000.0,3185000.0,3075000.0,87338000.0,2494000.0,4.3,69.2,0.0419,28,3,277,0.758,0.344,Enquiry & Award (Sec 23),0,normal
BS-PARCEL-02516,Odisha,Khordha,10.37,Non-Agricultural,Irrigated Crop,2671000.0,2819000.0,2897000.0,64631000.0,3069000.0,0.1,49.1,0.0382,20,2,268,0.892,0.758,Rehabilitation Scheme (Sec 16),0,normal
BS-PARCEL-02517,Madhya Pradesh,Indore,5.15,Agricultural,Irrigated Crop,1171000.0,1609000.0,1557000.0,36347000.0,1159000.0,5.72,96.6,0.0879,6,2,107,0.735,0.666,Rehabilitation Scheme (Sec 16),1,moderate_anomaly
BS-PARCEL-02518,Uttar Pradesh,Varanasi,2.26,Agricultural,Irrigated Crop,1409000.0,2032000.0,2115000.0,11807000.0,1234000.0,0.12,63.2,0.1206,1,3,57,0.661,0.503,Compensation Disbursement,0,normal
BS-PARCEL-02519,Madhya Pradesh,Bhopal,2.71,Agricultural,Irrigated Crop,1140000.0,1211000.0,1189000.0,8519000.0,1094000.0,8.43,68.5,0.101,2,2,148,0.711,0.863,Possession Handover,0,normal
BS-PARCEL-02520,Madhya Pradesh,Jabalpur,1.68,Agricultural,Irrigated Crop,906000.0,1214000.0,1228000.0,5300000.0,903000.0,0.11,53.1,0.1389,6,2,232,0.969,0.848,Enquiry & Award (Sec 23),0,normal
BS-PARCEL-02521,Odisha,Khordha,1.43,Barren,Residential Zone,520000.0,754000.0,758000.0,2243000.0,453000.0,0.53,84.9,0.0469,1,7,38,0.477,0.703,SIA Survey (Sec 4),0,normal
BS-PARCEL-02522,Karnataka,Bengaluru Rural,1.37,Commercial,Dry Crop,6813000.0,9326000.0,9098000.0,29326000.0,7558000.0,2.06,75.3,0.1063,2,1,244,0.744,0.61,Preliminary Notification (Sec 11),0,normal
BS-PARCEL-02523,Maharashtra,Nashik,1.96,Agricultural,Dry Crop,1036000.0,1297000.0,1288000.0,6059000.0,1048000.0,1.12,70.7,0.0679,1,24,719,0.959,0.569,SIA Survey (Sec 4),1,moderate_anomaly
BS-PARCEL-02524,Maharashtra,Pune,1.38,Agricultural,Dry Crop,1256000.0,1763000.0,1836000.0,28691000.0,1224000.0,0.8,44.3,0.0891,1,3,160,0.418,0.682,Rehabilitation Scheme (Sec 16),1,strong_anomaly
BS-PARCEL-02525,Karnataka,Mysuru,0.88,Non-Agricultural,Dry Crop,3065000.0,4086000.0,4110000.0,8046000.0,2970000.0,11.78,84.7,0.1243,2,1,186,0.925,0.354,SIA Survey (Sec 4),0,normal
BS-PARCEL-02526,Uttar Pradesh,Varanasi,4.0,Agricultural,Irrigated Crop,1572000.0,1834000.0,1736000.0,14296000.0,1350000.0,5.87,78.6,0.0123,9,2,187,0.852,0.594,Possession Handover,0,normal
BS-PARCEL-02527,Gujarat,Ahmedabad,4.05,Commercial,Irrigated Crop,7432000.0,8470000.0,8687000.0,69448000.0,7474000.0,1.52,83.3,0.1596,7,3,228,0.977,0.762,Enquiry & Award (Sec 23),0,normal
BS-PARCEL-02528,Uttar Pradesh,Agra,14.09,Barren,Irrigated Crop,500000.0,628000.0,604000.0,19210000.0,496000.0,0.53,65.7,0.0742,17,3,262,0.783,0.899,Rehabilitation Scheme (Sec 16),0,normal
BS-PARCEL-02529,Uttar Pradesh,Prayagraj,1.88,Agricultural,Dry Crop,1174000.0,1408000.0,1406000.0,6540000.0,1120000.0,1.76,63.7,0.0157,1,14,709,0.798,0.413,SIA Survey (Sec 4),1,moderate_anomaly
BS-PARCEL-02530,Odisha,Sambalpur,4.27,Agricultural,Dry Crop,1471000.0,1738000.0,1731000.0,31148000.0,1541000.0,0.41,61.7,0.0523,2,1,198,0.777,0.692,Rehabilitation Scheme (Sec 16),1,moderate_anomaly
BS-PARCEL-02531,Uttar Pradesh,Agra,4.33,Agricultural,Irrigated Crop,1088000.0,1220000.0,1218000.0,12811000.0,1059000.0,0.75,99.0,0.0841,15,1,109,0.656,0.784,Declaration (Sec 19),0,normal
BS-PARCEL-02532,Uttar Pradesh,Agra,2.68,Agricultural,Dry Crop,1566000.0,2174000.0,2052000.0,12597000.0,1600000.0,1.44,55.2,0.0523,3,4,10,0.784,0.649,Enquiry & Award (Sec 23),0,normal
BS-PARCEL-02533,Odisha,Sambalpur,6.25,Agricultural,Infrastructure Corridor,1281000.0,1706000.0,1659000.0,24837000.0,1429000.0,1.46,43.6,-0.0019,13,2,25,0.857,0.699,Preliminary Notification (Sec 11),0,normal
BS-PARCEL-02534,Maharashtra,Pune,6.42,Agricultural,Irrigated Crop,967000.0,1144000.0,1082000.0,17785000.0,928000.0,1.1,58.3,0.0839,12,4,96,0.665,0.693,Compensation Disbursement,0,normal
BS-PARCEL-02535,Tamil Nadu,Coimbatore,4.39,Agricultural,Dry Crop,1074000.0,1230000.0,1217000.0,13118000.0,1041000.0,4.74,55.4,0.0511,8,5,255,0.877,0.455,Preliminary Notification (Sec 11),0,normal
BS-PARCEL-02536,Uttar Pradesh,Varanasi,2.67,Agricultural,Dry Crop,1553000.0,1710000.0,1735000.0,9241000.0,1723000.0,0.45,87.7,0.106,3,5,136,0.867,0.646,SIA Survey (Sec 4),0,normal
BS-PARCEL-02537,Maharashtra,Thane,2.45,Agricultural,Commercial Hub,1614000.0,1767000.0,1800000.0,9640000.0,1545000.0,1.62,40.6,0.0373,3,3,224,0.785,0.596,Possession Handover,0,normal
BS-PARCEL-02538,Uttar Pradesh,Prayagraj,1.04,Non-Agricultural,Commercial Hub,3550000.0,4616000.0,4375000.0,6584000.0,3485000.0,1.1,54.9,0.1705,1,2,99,0.818,0.825,SIA Survey (Sec 4),1,moderate_anomaly
BS-PARCEL-02539,Karnataka,Mysuru,1.67,Agricultural,Commercial Hub,1131000.0,1237000.0,1180000.0,5387000.0,1233000.0,0.85,68.4,0.1005,5,2,230,0.63,0.541,Preliminary Notification (Sec 11),0,normal
BS-PARCEL-02540,Karnataka,Mysuru,1.96,Commercial,Irrigated Crop,7873000.0,11291000.0,11510000.0,46883000.0,8090000.0,0.1,87.8,0.0879,3,5,275,0.894,0.722,Declaration (Sec 19),0,normal
BS-PARCEL-02541,Madhya Pradesh,Indore,1.28,Agricultural,Dry Crop,1060000.0,1231000.0,1236000.0,3435000.0,1198000.0,1.19,77.8,0.1049,4,0,135,0.95,0.377,Rehabilitation Scheme (Sec 16),0,normal
BS-PARCEL-02542,Maharashtra,Thane,4.83,Agricultural,Residential Zone,1177000.0,1248000.0,1298000.0,15352000.0,1167000.0,1.22,94.1,0.0071,9,1,227,0.766,0.663,Preliminary Notification (Sec 11),0,normal
BS-PARCEL-02543,Uttar Pradesh,Prayagraj,9.18,Agricultural,Irrigated Crop,1402000.0,1952000.0,1883000.0,46503000.0,1393000.0,6.18,71.2,0.0601,18,2,131,0.749,0.665,Preliminary Notification (Sec 11),0,normal
BS-PARCEL-02544,Madhya Pradesh,Bhopal,1.53,Non-Agricultural,Infrastructure Corridor,3728000.0,4463000.0,4260000.0,16344000.0,3217000.0,1.83,61.3,0.1513,2,4,44,0.748,0.428,Preliminary Notification (Sec 11),0,normal
BS-PARCEL-02545,Maharashtra,Nashik,4.22,Agricultural,Irrigated Crop,1216000.0,1444000.0,1420000.0,12191000.0,1106000.0,0.75,80.4,0.0672,8,1,240,0.94,0.614,Declaration (Sec 19),0,normal
BS-PARCEL-02546,Karnataka,Bengaluru Rural,1.38,Agricultural,Dry Crop,1257000.0,1379000.0,1402000.0,4673000.0,1272000.0,1.83,40.4,0.0775,4,3,225,0.674,0.259,SIA Survey (Sec 4),0,normal
BS-PARCEL-02547,Karnataka,Mysuru,2.56,Agricultural,Dry Crop,1059000.0,1392000.0,1390000.0,7812000.0,960000.0,0.11,34.2,0.0613,5,1,245,0.875,0.487,Enquiry & Award (Sec 23),0,normal
BS-PARCEL-02548,Tamil Nadu,Kanchipuram,1.85,Barren,Dry Crop,645000.0,770000.0,733000.0,2862000.0,636000.0,0.7,82.6,0.1386,0,4,285,0.662,0.739,Compensation Disbursement,0,normal
BS-PARCEL-02549,Madhya Pradesh,Indore,5.54,Agricultural,Residential Zone,945000.0,1303000.0,1236000.0,18544000.0,884000.0,0.64,68.8,0.0702,8,2,152,0.923,0.596,Preliminary Notification (Sec 11),0,normal
BS-PARCEL-02550,Uttar Pradesh,Agra,1.86,Agricultural,Irrigated Crop,1518000.0,1977000.0,2019000.0,8455000.0,1300000.0,1.42,82.4,0.0299,0,2,160,0.768,0.852,Rehabilitation Scheme (Sec 16),0,normal
BS-PARCEL-02551,Maharashtra,Pune,7.85,Commercial,Dry Crop,4966000.0,6962000.0,6792000.0,139688000.0,4929000.0,2.91,49.7,0.1832,11,1,148,0.804,0.355,Preliminary Notification (Sec 11),0,normal
BS-PARCEL-02552,Tamil Nadu,Coimbatore,2.69,Agricultural,Dry Crop,1392000.0,1808000.0,1845000.0,11172000.0,1453000.0,2.37,88.1,0.025,1,3,217,0.702,0.578,SIA Survey (Sec 4),0,normal
BS-PARCEL-02553,Madhya Pradesh,Gwalior,1.91,Agricultural,Residential Zone,1097000.0,1494000.0,1457000.0,6424000.0,1044000.0,1.08,77.1,0.0761,3,1,164,0.935,0.766,SIA Survey (Sec 4),0,normal
BS-PARCEL-02554,Karnataka,Belagavi,1.14,Commercial,Dry Crop,6732000.0,8944000.0,8745000.0,21989000.0,7290000.0,1.73,64.4,0.0463,2,5,193,0.411,0.553,Enquiry & Award (Sec 23),0,normal
BS-PARCEL-02555,Madhya Pradesh,Bhopal,4.12,Agricultural,Infrastructure Corridor,1103000.0,1362000.0,1315000.0,60944000.0,986000.0,0.31,68.7,0.0519,4,5,100,0.467,0.705,Rehabilitation Scheme (Sec 16),1,strong_anomaly
BS-PARCEL-02556,Maharashtra,Pune,7.11,Agricultural,Residential Zone,1188000.0,1575000.0,1666000.0,24780000.0,1042000.0,0.42,71.2,0.0376,10,2,66,0.859,0.467,Declaration (Sec 19),0,normal
BS-PARCEL-02557,Odisha,Cuttack,4.19,Agricultural,Irrigated Crop,1294000.0,1702000.0,1603000.0,18159000.0,1463000.0,1.73,49.6,0.0584,5,1,80,0.807,0.876,Enquiry & Award (Sec 23),0,normal
BS-PARCEL-02558,Tamil Nadu,Salem,22.26,Agricultural,Residential Zone,1361000.0,1433000.0,1369000.0,69667000.0,1533000.0,0.24,58.1,0.1194,34,3,225,0.834,0.703,Compensation Disbursement,0,normal
BS-PARCEL-02559,Odisha,Khordha,11.19,Industrial,Infrastructure Corridor,6308000.0,8386000.0,8724000.0,184452000.0,6131000.0,0.5,71.0,0.0039,23,3,175,0.508,0.843,Rehabilitation Scheme (Sec 16),0,normal
BS-PARCEL-02560,Tamil Nadu,Salem,2.56,Non-Agricultural,Irrigated Crop,2658000.0,3070000.0,2937000.0,17360000.0,2594000.0,1.33,57.3,0.1304,9,1,125,0.966,0.385,SIA Survey (Sec 4),0,normal
BS-PARCEL-02561,Gujarat,Ahmedabad,2.53,Non-Agricultural,Dry Crop,3083000.0,3905000.0,3802000.0,21551000.0,3408000.0,0.7,38.6,0.1235,9,5,252,0.834,0.426,Possession Handover,0,normal
BS-PARCEL-02562,Maharashtra,Nagpur,4.95,Agricultural,Irrigated Crop,1549000.0,1695000.0,1647000.0,25342000.0,1563000.0,0.47,70.3,0.1004,10,16,621,0.904,0.694,Rehabilitation Scheme (Sec 16),1,moderate_anomaly
BS-PARCEL-02563,Maharashtra,Thane,1.63,Non-Agricultural,Dry Crop,2588000.0,2741000.0,2806000.0,19256000.0,2291000.0,0.86,80.0,0.085,3,1,125,0.818,0.579,Enquiry & Award (Sec 23),1,moderate_anomaly
BS-PARCEL-02564,Odisha,Jharsuguda,8.95,Non-Agricultural,Irrigated Crop,3553000.0,3752000.0,3712000.0,68656000.0,3142000.0,0.8,84.2,0.0911,16,4,60,0.727,0.522,Enquiry & Award (Sec 23),0,normal
BS-PARCEL-02565,Madhya Pradesh,Gwalior,4.51,Agricultural,Commercial Hub,1589000.0,1769000.0,1841000.0,19959000.0,1413000.0,0.33,74.6,0.1369,9,2,283,0.947,0.832,Declaration (Sec 19),0,normal
BS-PARCEL-02566,Madhya Pradesh,Indore,4.13,Industrial,Dry Crop,6041000.0,6391000.0,6581000.0,61065000.0,6550000.0,0.17,79.7,0.0102,6,2,181,0.567,0.457,SIA Survey (Sec 4),0,normal
BS-PARCEL-02567,Odisha,Cuttack,5.95,Non-Agricultural,Dry Crop,3057000.0,3372000.0,3385000.0,56878000.0,3150000.0,2.76,82.8,0.1091,7,22,584,0.789,0.554,Preliminary Notification (Sec 11),1,moderate_anomaly
BS-PARCEL-02568,Karnataka,Mysuru,14.36,Commercial,Irrigated Crop,7691000.0,9796000.0,9501000.0,122173000.0,7229000.0,4.78,66.4,0.0502,23,36,291,0.729,0.706,Declaration (Sec 19),1,strong_anomaly
BS-PARCEL-02569,Odisha,Jharsuguda,3.84,Agricultural,Dry Crop,1246000.0,1508000.0,1561000.0,11629000.0,1120000.0,4.13,26.9,0.113,10,2,151,0.776,0.698,Declaration (Sec 19),0,normal
BS-PARCEL-02570,Odisha,Khordha,3.02,Agricultural,Dry Crop,1330000.0,1918000.0,2002000.0,15021000.0,1180000.0,0.27,85.9,0.0555,7,5,223,0.759,0.363,Enquiry & Award (Sec 23),0,normal
BS-PARCEL-02571,Uttar Pradesh,Varanasi,11.97,Non-Agricultural,Dry Crop,3737000.0,5133000.0,5340000.0,143410000.0,4008000.0,3.47,48.9,0.1083,22,2,197,0.847,0.372,Enquiry & Award (Sec 23),0,normal
BS-PARCEL-02572,Gujarat,Bharuch,7.56,Commercial,Irrigated Crop,5854000.0,6490000.0,6141000.0,121173000.0,6532000.0,0.14,44.6,0.0181,14,1,536,0.917,0.476,Possession Handover,0,normal
BS-PARCEL-02573,Tamil Nadu,Madurai,2.53,Agricultural,Irrigated Crop,1471000.0,1790000.0,1833000.0,10313000.0,1485000.0,0.47,45.1,0.0123,6,3,165,0.985,0.508,Possession Handover,0,normal
BS-PARCEL-02574,Tamil Nadu,Madurai,3.33,Agricultural,Dry Crop,1264000.0,1545000.0,1583000.0,10482000.0,1367000.0,1.1,99.0,0.0755,7,3,283,0.968,0.636,Enquiry & Award (Sec 23),0,normal
BS-PARCEL-02575,Maharashtra,Pune,3.92,Commercial,Infrastructure Corridor,5565000.0,6649000.0,7003000.0,48108000.0,5203000.0,2.04,72.9,0.1374,8,4,152,0.794,0.508,Preliminary Notification (Sec 11),0,normal
BS-PARCEL-02576,Gujarat,Ahmedabad,4.52,Agricultural,Irrigated Crop,1363000.0,1701000.0,1653000.0,21205000.0,1398000.0,0.23,46.3,0.1015,9,12,737,0.712,0.566,Rehabilitation Scheme (Sec 16),1,moderate_anomaly
BS-PARCEL-02577,Madhya Pradesh,Gwalior,1.05,Agricultural,Dry Crop,1471000.0,1939000.0,2006000.0,5405000.0,1444000.0,1.77,52.7,0.1012,1,4,158,0.893,0.832,Declaration (Sec 19),0,normal
BS-PARCEL-02578,Tamil Nadu,Salem,0.89,Non-Agricultural,Irrigated Crop,3056000.0,3992000.0,4083000.0,7727000.0,2678000.0,2.54,65.0,0.1144,2,3,267,0.902,0.528,Declaration (Sec 19),0,normal
BS-PARCEL-02579,Uttar Pradesh,Lucknow,1.56,Agricultural,Commercial Hub,1503000.0,1793000.0,1874000.0,6126000.0,1497000.0,0.1,74.8,0.0641,0,3,169,0.838,0.373,SIA Survey (Sec 4),0,normal
BS-PARCEL-02580,Karnataka,Belagavi,1.46,Agricultural,Irrigated Crop,1163000.0,1549000.0,1585000.0,4998000.0,1284000.0,1.04,70.0,0.1044,2,2,235,0.884,0.484,Declaration (Sec 19),0,normal
BS-PARCEL-02581,Gujarat,Bharuch,1.92,Agricultural,Dry Crop,1558000.0,1816000.0,1893000.0,7128000.0,1349000.0,2.07,48.3,0.0568,2,2,96,0.595,0.549,Rehabilitation Scheme (Sec 16),0,normal
BS-PARCEL-02582,Maharashtra,Pune,5.69,Industrial,Irrigated Crop,5467000.0,7567000.0,7439000.0,105063000.0,5429000.0,0.36,70.7,0.0674,13,1,92,0.925,0.557,Rehabilitation Scheme (Sec 16),0,normal
BS-PARCEL-02583,Madhya Pradesh,Gwalior,2.88,Agricultural,Irrigated Crop,1478000.0,2122000.0,2035000.0,14571000.0,1644000.0,7.52,54.0,0.0724,9,0,10,0.73,0.692,Compensation Disbursement,0,normal
BS-PARCEL-02584,Gujarat,Bharuch,3.92,Non-Agricultural,Irrigated Crop,2559000.0,2989000.0,2940000.0,25701000.0,2782000.0,0.19,83.8,0.0582,7,3,220,0.722,0.704,Rehabilitation Scheme (Sec 16),0,normal
BS-PARCEL-02585,Karnataka,Tumakuru,1.17,Barren,Irrigated Crop,661000.0,902000.0,936000.0,3274000.0,660000.0,0.1,66.0,0.0774,4,22,502,0.6,0.499,Declaration (Sec 19),1,moderate_anomaly
BS-PARCEL-02586,Gujarat,Vadodara,2.24,Non-Agricultural,Dry Crop,3628000.0,4990000.0,4769000.0,28679000.0,3270000.0,5.75,51.3,0.0698,2,3,421,0.639,0.73,Declaration (Sec 19),0,normal
BS-PARCEL-02587,Tamil Nadu,Coimbatore,5.47,Agricultural,Infrastructure Corridor,937000.0,1168000.0,1187000.0,13733000.0,1035000.0,0.3,77.4,0.0517,7,0,128,0.711,0.368,Declaration (Sec 19),0,normal
BS-PARCEL-02588,Uttar Pradesh,Gorakhpur,5.51,Agricultural,Dry Crop,1191000.0,1292000.0,1368000.0,15325000.0,1067000.0,3.96,71.9,0.0744,10,6,317,0.961,0.8,SIA Survey (Sec 4),0,normal
BS-PARCEL-02589,Odisha,Cuttack,1.79,Agricultural,Infrastructure Corridor,1462000.0,1995000.0,2090000.0,8125000.0,1364000.0,1.4,56.5,0.0862,3,0,305,0.972,0.644,Declaration (Sec 19),0,normal
BS-PARCEL-02590,Uttar Pradesh,Gorakhpur,3.81,Non-Agricultural,Dry Crop,3350000.0,4064000.0,4147000.0,37872000.0,2972000.0,0.91,78.1,0.036,4,2,152,0.96,0.619,Rehabilitation Scheme (Sec 16),0,normal
BS-PARCEL-02591,Tamil Nadu,Salem,21.52,Barren,Irrigated Crop,820000.0,929000.0,962000.0,90439000.0,810000.0,6.2,76.3,0.0967,47,3,98,0.887,0.705,Enquiry & Award (Sec 23),1,moderate_anomaly
BS-PARCEL-02592,Gujarat,Ahmedabad,3.27,Commercial,Irrigated Crop,7759000.0,10092000.0,9628000.0,73009000.0,8060000.0,3.64,86.6,0.0603,0,2,165,0.887,0.58,Preliminary Notification (Sec 11),0,normal
BS-PARCEL-02593,Gujarat,Surat,1.84,Agricultural,Dry Crop,1582000.0,1938000.0,1938000.0,9089000.0,1737000.0,2.12,77.8,0.0879,2,4,304,0.904,0.478,Possession Handover,0,normal
BS-PARCEL-02594,Uttar Pradesh,Agra,2.86,Agricultural,Irrigated Crop,1259000.0,1366000.0,1371000.0,8947000.0,1244000.0,0.77,61.1,0.0534,4,2,431,0.646,0.609,Enquiry & Award (Sec 23),0,normal
BS-PARCEL-02595,Karnataka,Belagavi,3.59,Industrial,Residential Zone,5398000.0,7792000.0,8056000.0,57430000.0,6160000.0,4.52,34.6,0.122,7,5,44,0.281,0.377,Rehabilitation Scheme (Sec 16),0,normal
BS-PARCEL-02596,Maharashtra,Nashik,2.92,Agricultural,Dry Crop,1510000.0,1733000.0,1688000.0,10168000.0,1553000.0,0.1,68.4,0.1182,9,4,181,0.906,0.363,Rehabilitation Scheme (Sec 16),0,normal
BS-PARCEL-02597,Karnataka,Tumakuru,3.23,Commercial,Dry Crop,7612000.0,9548000.0,9097000.0,64921000.0,7850000.0,1.06,71.2,0.038,5,2,113,0.683,0.694,Rehabilitation Scheme (Sec 16),0,normal
BS-PARCEL-02598,Tamil Nadu,Kanchipuram,0.97,Agricultural,Dry Crop,973000.0,1281000.0,1311000.0,2925000.0,878000.0,0.81,65.9,0.101,0,1,140,0.935,0.87,Enquiry & Award (Sec 23),0,normal
BS-PARCEL-02599,Tamil Nadu,Madurai,1.46,Non-Agricultural,Irrigated Crop,2717000.0,2978000.0,2975000.0,10983000.0,2464000.0,0.1,10.8,0.1379,2,1,367,0.827,0.653,Enquiry & Award (Sec 23),0,normal
BS-PARCEL-02600,Karnataka,Mysuru,2.92,Commercial,Dry Crop,7030000.0,9461000.0,9850000.0,70892000.0,7192000.0,3.33,77.2,0.0421,6,3,95,0.741,0.465,Enquiry & Award (Sec 23),0,normal
BS-PARCEL-02601,Gujarat,Ahmedabad,2.88,Agricultural,Irrigated Crop,1443000.0,1889000.0,1885000.0,11010000.0,1539000.0,0.18,48.6,0.0452,4,4,10,0.539,0.728,Compensation Disbursement,0,normal
BS-PARCEL-02602,Tamil Nadu,Madurai,2.05,Agricultural,Irrigated Crop,1291000.0,1611000.0,1678000.0,8044000.0,1177000.0,0.83,77.3,0.1094,5,3,202,0.804,0.739,Declaration (Sec 19),0,normal
BS-PARCEL-02603,Tamil Nadu,Kanchipuram,2.86,Commercial,Irrigated Crop,7907000.0,9973000.0,9982000.0,80501000.0,7869000.0,0.73,95.6,0.0277,5,21,431,0.65,0.476,Enquiry & Award (Sec 23),1,moderate_anomaly
BS-PARCEL-02604,Gujarat,Ahmedabad,3.5,Agricultural,Irrigated Crop,1503000.0,2152000.0,2225000.0,16538000.0,1438000.0,2.23,60.4,0.0489,5,1,133,0.846,0.76,Rehabilitation Scheme (Sec 16),0,normal
BS-PARCEL-02605,Uttar Pradesh,Varanasi,7.07,Agricultural,Dry Crop,1091000.0,1543000.0,1584000.0,26740000.0,1071000.0,0.87,72.9,0.0394,11,1,105,0.589,0.394,Declaration (Sec 19),0,normal
BS-PARCEL-02606,Odisha,Sambalpur,3.05,Agricultural,Irrigated Crop,1344000.0,1471000.0,1430000.0,10250000.0,1232000.0,0.59,65.6,0.1099,2,3,197,0.365,0.465,Declaration (Sec 19),0,normal
BS-PARCEL-02607,Maharashtra,Nagpur,4.66,Agricultural,Irrigated Crop,1301000.0,1558000.0,1522000.0,13466000.0,1161000.0,0.49,74.5,0.0523,10,1,31,0.621,0.797,Enquiry & Award (Sec 23),0,normal
BS-PARCEL-02608,Karnataka,Belagavi,2.1,Non-Agricultural,Infrastructure Corridor,2482000.0,3119000.0,3268000.0,13618000.0,2348000.0,1.84,66.9,0.0686,4,1,226,0.716,0.775,Preliminary Notification (Sec 11),0,normal
BS-PARCEL-02609,Maharashtra,Nashik,5.4,Agricultural,Infrastructure Corridor,1253000.0,1777000.0,1720000.0,21509000.0,1392000.0,0.38,55.7,0.0501,9,2,141,0.775,0.718,SIA Survey (Sec 4),0,normal
BS-PARCEL-02610,Uttar Pradesh,Lucknow,4.57,Agricultural,Dry Crop,1295000.0,1783000.0,1825000.0,18753000.0,1414000.0,2.89,48.7,0.1259,5,2,332,0.868,0.597,SIA Survey (Sec 4),0,normal
BS-PARCEL-02611,Tamil Nadu,Kanchipuram,6.93,Industrial,Dry Crop,5954000.0,7172000.0,6867000.0,95858000.0,5242000.0,0.1,93.6,0.0456,14,3,215,0.774,0.159,Possession Handover,0,normal
BS-PARCEL-02612,Maharashtra,Nashik,6.09,Agricultural,Commercial Hub,1232000.0,1730000.0,1783000.0,22035000.0,1080000.0,0.92,72.9,0.0237,12,3,163,0.754,0.567,Declaration (Sec 19),0,normal
BS-PARCEL-02613,Karnataka,Bengaluru Rural,5.48,Agricultural,Irrigated Crop,958000.0,1151000.0,1113000.0,17301000.0,956000.0,1.92,79.9,0.0221,4,1,154,0.886,0.555,Rehabilitation Scheme (Sec 16),0,normal
BS-PARCEL-02614,Karnataka,Belagavi,3.05,Non-Agricultural,Dry Crop,2919000.0,3382000.0,3420000.0,23706000.0,2724000.0,1.74,72.2,0.1077,5,0,10,0.599,0.715,Rehabilitation Scheme (Sec 16),0,normal
BS-PARCEL-02615,Uttar Pradesh,Lucknow,4.09,Industrial,Irrigated Crop,6013000.0,7781000.0,7841000.0,80003000.0,6596000.0,1.49,82.6,0.1106,8,1,166,0.7,0.613,Declaration (Sec 19),0,normal
BS-PARCEL-02616,Maharashtra,Nashik,8.2,Non-Agricultural,Dry Crop,3060000.0,3649000.0,3519000.0,73108000.0,3047000.0,0.58,48.9,0.1299,11,2,157,0.878,0.675,Compensation Disbursement,0,normal
BS-PARCEL-02617,Tamil Nadu,Kanchipuram,1.91,Commercial,Infrastructure Corridor,6119000.0,7948000.0,7940000.0,35248000.0,6766000.0,1.69,66.5,0.0296,1,0,185,0.77,0.647,Possession Handover,0,normal
BS-PARCEL-02618,Madhya Pradesh,Bhopal,1.95,Agricultural,Commercial Hub,1563000.0,1897000.0,1983000.0,6334000.0,1379000.0,3.26,74.1,0.0708,1,5,159,0.669,0.645,Compensation Disbursement,1,moderate_anomaly
BS-PARCEL-02619,Uttar Pradesh,Lucknow,3.87,Agricultural,Infrastructure Corridor,1012000.0,1385000.0,1415000.0,30177000.0,1155000.0,2.43,88.3,0.1771,3,4,337,0.991,0.674,Compensation Disbursement,1,moderate_anomaly
BS-PARCEL-02620,Odisha,Khordha,4.73,Industrial,Commercial Hub,4541000.0,6501000.0,6885000.0,71351000.0,4905000.0,1.03,99.0,0.0679,3,2,150,0.894,0.596,SIA Survey (Sec 4),0,normal
BS-PARCEL-02621,Maharashtra,Thane,1.65,Industrial,Dry Crop,4859000.0,5627000.0,5819000.0,20891000.0,5197000.0,1.46,72.3,0.0575,0,0,87,0.865,0.54,SIA Survey (Sec 4),0,normal
BS-PARCEL-02622,Uttar Pradesh,Gorakhpur,3.12,Non-Agricultural,Commercial Hub,3340000.0,4188000.0,4260000.0,29733000.0,3781000.0,0.12,53.1,0.0792,5,1,10,0.843,0.513,Declaration (Sec 19),0,normal
BS-PARCEL-02623,Odisha,Cuttack,3.07,Agricultural,Dry Crop,1502000.0,2012000.0,2027000.0,12833000.0,1489000.0,1.33,43.5,0.1012,5,5,130,0.689,0.911,Enquiry & Award (Sec 23),0,normal
BS-PARCEL-02624,Uttar Pradesh,Lucknow,0.51,Agricultural,Dry Crop,942000.0,1049000.0,1104000.0,2002000.0,843000.0,0.1,48.7,0.1005,3,1,64,0.828,0.633,SIA Survey (Sec 4),1,moderate_anomaly
BS-PARCEL-02625,Madhya Pradesh,Gwalior,2.75,Agricultural,Irrigated Crop,1470000.0,2011000.0,2018000.0,11537000.0,1469000.0,0.66,51.1,0.0554,7,4,37,0.476,0.878,Enquiry & Award (Sec 23),0,normal
BS-PARCEL-02626,Odisha,Jharsuguda,2.9,Industrial,Dry Crop,5675000.0,7282000.0,7197000.0,41506000.0,6212000.0,3.06,12.8,0.0566,5,2,145,0.827,0.678,SIA Survey (Sec 4),0,normal
BS-PARCEL-02627,Karnataka,Bengaluru Rural,2.9,Commercial,Irrigated Crop,8364000.0,9283000.0,9656000.0,62326000.0,9266000.0,0.81,52.8,0.0681,10,2,305,0.831,0.75,SIA Survey (Sec 4),0,normal
BS-PARCEL-02628,Karnataka,Bengaluru Rural,11.06,Agricultural,Dry Crop,1548000.0,2163000.0,2277000.0,51708000.0,1543000.0,1.57,77.9,0.0508,17,3,282,0.975,0.344,Rehabilitation Scheme (Sec 16),0,normal
BS-PARCEL-02629,Gujarat,Vadodara,1.18,Agricultural,Irrigated Crop,1460000.0,1782000.0,1777000.0,4465000.0,1562000.0,0.94,66.4,0.0306,0,3,38,0.92,0.65,Compensation Disbursement,0,normal
BS-PARCEL-02630,Uttar Pradesh,Agra,1.65,Agricultural,Dry Crop,1037000.0,1162000.0,1111000.0,4623000.0,958000.0,0.8,60.3,0.1523,2,2,184,0.874,0.44,Enquiry & Award (Sec 23),0,normal
BS-PARCEL-02631,Karnataka,Bengaluru Rural,0.36,Agricultural,Irrigated Crop,1126000.0,1270000.0,1287000.0,989000.0,1035000.0,3.14,35.8,0.0637,1,2,226,0.86,0.502,Declaration (Sec 19),0,normal
BS-PARCEL-02632,Odisha,Cuttack,2.21,Non-Agricultural,Irrigated Crop,3673000.0,5011000.0,5156000.0,25603000.0,3768000.0,4.35,83.9,0.066,2,2,244,0.914,0.56,Compensation Disbursement,0,normal
BS-PARCEL-02633,Uttar Pradesh,Prayagraj,2.37,Non-Agricultural,Dry Crop,3105000.0,4422000.0,4355000.0,26778000.0,3032000.0,0.73,74.2,0.0672,3,4,356,0.773,0.613,Compensation Disbursement,0,normal
BS-PARCEL-02634,Odisha,Jharsuguda,2.15,Agricultural,Irrigated Crop,1288000.0,1547000.0,1593000.0,2560000.0,1157000.0,0.53,64.8,0.0768,0,23,51,0.914,0.633,Rehabilitation Scheme (Sec 16),1,strong_anomaly
BS-PARCEL-02635,Gujarat,Bharuch,8.51,Non-Agricultural,Infrastructure Corridor,3638000.0,3935000.0,3950000.0,71547000.0,3923000.0,0.54,25.4,0.0974,16,4,82,0.951,0.806,Enquiry & Award (Sec 23),0,normal
BS-PARCEL-02636,Madhya Pradesh,Gwalior,6.9,Barren,Dry Crop,828000.0,903000.0,881000.0,16755000.0,836000.0,1.25,56.2,0.0614,15,2,107,0.868,0.373,SIA Survey (Sec 4),0,normal
BS-PARCEL-02637,Maharashtra,Aurangabad,3.55,Agricultural,Irrigated Crop,1424000.0,1868000.0,1897000.0,15916000.0,1433000.0,2.42,72.8,0.1256,4,4,220,0.656,0.702,Declaration (Sec 19),0,normal
BS-PARCEL-02638,Karnataka,Mysuru,2.42,Agricultural,Irrigated Crop,1535000.0,1839000.0,1814000.0,3717000.0,1392000.0,2.49,64.5,0.1039,5,26,10,0.938,0.606,Preliminary Notification (Sec 11),1,strong_anomaly
BS-PARCEL-02639,Maharashtra,Aurangabad,7.94,Agricultural,Residential Zone,982000.0,1198000.0,1239000.0,22863000.0,906000.0,0.62,68.5,0.0724,12,3,154,0.815,0.688,Rehabilitation Scheme (Sec 16),0,normal
BS-PARCEL-02640,Maharashtra,Nashik,3.26,Agricultural,Dry Crop,1445000.0,1712000.0,1610000.0,14473000.0,1529000.0,0.1,77.3,0.0534,3,1,10,0.852,0.359,Declaration (Sec 19),0,normal
BS-PARCEL-02641,Tamil Nadu,Salem,1.66,Agricultural,Dry Crop,1595000.0,1972000.0,2047000.0,6449000.0,1763000.0,0.55,67.8,0.1234,3,1,179,0.804,0.63,Preliminary Notification (Sec 11),0,normal
BS-PARCEL-02642,Uttar Pradesh,Gorakhpur,0.77,Non-Agricultural,Irrigated Crop,2182000.0,2853000.0,2787000.0,5517000.0,1971000.0,2.31,76.7,0.0735,2,1,407,0.829,0.775,Declaration (Sec 19),0,normal
BS-PARCEL-02643,Madhya Pradesh,Bhopal,2.28,Agricultural,Commercial Hub,1061000.0,1344000.0,1418000.0,13665000.0,1160000.0,1.79,49.8,0.0303,0,41,928,0.416,0.138,Enquiry & Award (Sec 23),1,strong_anomaly
BS-PARCEL-02644,Karnataka,Mysuru,6.31,Agricultural,Infrastructure Corridor,1472000.0,1642000.0,1693000.0,62817000.0,1599000.0,3.05,43.0,0.1208,14,40,913,0.41,0.171,Declaration (Sec 19),1,strong_anomaly
BS-PARCEL-02645,Uttar Pradesh,Varanasi,22.99,Commercial,Irrigated Crop,6903000.0,8605000.0,8338000.0,444765000.0,7555000.0,6.07,73.6,0.0509,36,1,133,0.67,0.77,Preliminary Notification (Sec 11),0,normal
BS-PARCEL-02646,Gujarat,Surat,3.5,Agricultural,Irrigated Crop,962000.0,1187000.0,1255000.0,15625000.0,986000.0,0.36,77.3,0.1147,7,8,82,0.685,0.664,Preliminary Notification (Sec 11),1,moderate_anomaly
BS-PARCEL-02647,Gujarat,Surat,1.73,Non-Agricultural,Irrigated Crop,2550000.0,3234000.0,3234000.0,12353000.0,2437000.0,0.84,74.3,-0.0206,1,3,322,0.88,0.609,Rehabilitation Scheme (Sec 16),0,normal
BS-PARCEL-02648,Karnataka,Belagavi,1.21,Non-Agricultural,Irrigated Crop,2644000.0,2893000.0,2901000.0,8098000.0,2859000.0,1.91,67.4,0.0653,1,1,10,0.732,0.578,Compensation Disbursement,0,normal
BS-PARCEL-02649,Odisha,Cuttack,5.31,Commercial,Commercial Hub,6127000.0,6810000.0,7145000.0,68547000.0,6090000.0,2.55,59.2,0.1264,10,5,131,0.567,0.713,Compensation Disbursement,0,normal
BS-PARCEL-02650,Tamil Nadu,Coimbatore,0.74,Non-Agricultural,Infrastructure Corridor,3574000.0,4511000.0,4737000.0,7651000.0,3276000.0,1.64,68.8,0.0802,2,0,103,0.699,0.558,Rehabilitation Scheme (Sec 16),0,normal
BS-PARCEL-02651,Maharashtra,Pune,5.3,Commercial,Infrastructure Corridor,7457000.0,8651000.0,8855000.0,100079000.0,7239000.0,3.02,71.8,0.1039,21,3,50,0.896,0.497,Enquiry & Award (Sec 23),0,normal
BS-PARCEL-02652,Uttar Pradesh,Agra,6.65,Non-Agricultural,Commercial Hub,3335000.0,4341000.0,4590000.0,53903000.0,3293000.0,0.29,72.9,0.0439,9,2,362,0.89,0.793,Declaration (Sec 19),0,normal
BS-PARCEL-02653,Uttar Pradesh,Gorakhpur,4.81,Agricultural,Irrigated Crop,910000.0,1091000.0,1069000.0,11529000.0,911000.0,0.17,99.0,0.0939,5,1,10,0.985,0.66,Possession Handover,0,normal
BS-PARCEL-02654,Karnataka,Belagavi,2.75,Agricultural,Infrastructure Corridor,1208000.0,1375000.0,1331000.0,8248000.0,1352000.0,0.44,48.4,0.0802,4,8,48,0.85,0.512,Preliminary Notification (Sec 11),0,normal
BS-PARCEL-02655,Maharashtra,Pune,5.37,Agricultural,Irrigated Crop,1129000.0,1482000.0,1398000.0,17958000.0,1099000.0,3.17,99.0,0.0897,9,2,355,0.803,0.667,Declaration (Sec 19),0,normal
BS-PARCEL-02656,Maharashtra,Nagpur,3.84,Agricultural,Irrigated Crop,1513000.0,1827000.0,1793000.0,6194000.0,1415000.0,0.5,42.4,0.1616,6,30,169,0.68,0.839,Declaration (Sec 19),1,strong_anomaly
BS-PARCEL-02657,Tamil Nadu,Salem,1.71,Agricultural,Dry Crop,1587000.0,1766000.0,1788000.0,2803000.0,1807000.0,0.85,71.9,0.1322,5,35,160,0.936,0.603,Rehabilitation Scheme (Sec 16),1,strong_anomaly
BS-PARCEL-02658,Odisha,Sambalpur,16.0,Agricultural,Irrigated Crop,1205000.0,1655000.0,1616000.0,122921000.0,1112000.0,9.54,43.5,0.1117,27,1,111,0.729,0.812,Preliminary Notification (Sec 11),1,moderate_anomaly
BS-PARCEL-02659,Tamil Nadu,Kanchipuram,2.46,Agricultural,Residential Zone,1601000.0,1958000.0,1977000.0,10567000.0,1366000.0,2.88,70.5,0.1122,7,2,179,0.526,0.44,Preliminary Notification (Sec 11),0,normal
BS-PARCEL-02660,Maharashtra,Nagpur,6.42,Agricultural,Infrastructure Corridor,910000.0,1289000.0,1219000.0,44197000.0,1006000.0,0.46,82.7,0.0436,19,1,132,0.617,0.265,Declaration (Sec 19),1,moderate_anomaly
BS-PARCEL-02661,Karnataka,Mysuru,0.42,Agricultural,Commercial Hub,1135000.0,1280000.0,1258000.0,1454000.0,1290000.0,0.17,65.6,0.0612,1,17,446,0.797,0.471,Enquiry & Award (Sec 23),1,moderate_anomaly
BS-PARCEL-02662,Karnataka,Mysuru,9.83,Commercial,Commercial Hub,7897000.0,11060000.0,11389000.0,283187000.0,8328000.0,0.93,82.5,0.0187,15,4,25,0.804,0.642,Enquiry & Award (Sec 23),0,normal
BS-PARCEL-02663,Maharashtra,Nashik,11.57,Non-Agricultural,Irrigated Crop,2705000.0,3723000.0,3546000.0,96584000.0,2630000.0,4.21,57.4,0.0292,17,3,184,0.655,0.403,SIA Survey (Sec 4),0,normal
BS-PARCEL-02664,Madhya Pradesh,Bhopal,3.41,Commercial,Irrigated Crop,8467000.0,9242000.0,9480000.0,87315000.0,8578000.0,0.39,28.1,0.0445,7,0,114,0.901,0.484,Compensation Disbursement,0,normal
BS-PARCEL-02665,Madhya Pradesh,Jabalpur,5.34,Agricultural,Commercial Hub,1057000.0,1335000.0,1377000.0,16515000.0,1162000.0,0.66,76.3,0.0788,11,2,128,0.812,0.588,Rehabilitation Scheme (Sec 16),0,normal
BS-PARCEL-02666,Gujarat,Vadodara,5.34,Commercial,Dry Crop,7978000.0,10463000.0,10549000.0,126345000.0,8900000.0,1.02,65.6,0.031,6,4,252,0.754,0.68,Possession Handover,0,normal
BS-PARCEL-02667,Tamil Nadu,Coimbatore,1.92,Commercial,Infrastructure Corridor,5662000.0,7067000.0,7394000.0,8949000.0,4987000.0,1.83,56.4,0.0784,4,26,124,0.94,0.81,Preliminary Notification (Sec 11),1,strong_anomaly
BS-PARCEL-02668,Karnataka,Bengaluru Rural,5.29,Agricultural,Irrigated Crop,1042000.0,1257000.0,1326000.0,14638000.0,1157000.0,1.82,57.6,0.0738,7,1,167,0.866,0.526,Compensation Disbursement,0,normal
BS-PARCEL-02669,Madhya Pradesh,Jabalpur,1.67,Barren,Irrigated Crop,661000.0,944000.0,891000.0,3536000.0,684000.0,5.27,72.3,0.0346,6,0,364,0.746,0.53,Possession Handover,0,normal
BS-PARCEL-02670,Tamil Nadu,Salem,1.98,Agricultural,Irrigated Crop,1580000.0,2102000.0,2147000.0,26559000.0,1358000.0,0.29,50.3,0.141,4,54,834,0.532,0.213,Compensation Disbursement,1,strong_anomaly
BS-PARCEL-02671,Tamil Nadu,Coimbatore,8.65,Non-Agricultural,Dry Crop,3084000.0,4430000.0,4290000.0,105268000.0,2722000.0,5.79,71.8,0.027,17,18,487,0.858,0.899,Compensation Disbursement,1,moderate_anomaly
BS-PARCEL-02672,Madhya Pradesh,Indore,7.6,Commercial,Commercial Hub,7352000.0,10208000.0,10096000.0,173417000.0,6350000.0,0.35,86.4,0.1247,10,2,59,0.805,0.404,Rehabilitation Scheme (Sec 16),0,normal
BS-PARCEL-02673,Maharashtra,Nashik,1.82,Agricultural,Infrastructure Corridor,907000.0,1249000.0,1267000.0,28641000.0,1029000.0,0.83,99.0,-0.0102,4,1,165,0.644,0.752,Enquiry & Award (Sec 23),1,strong_anomaly
BS-PARCEL-02674,Tamil Nadu,Coimbatore,1.78,Non-Agricultural,Irrigated Crop,2195000.0,2942000.0,3017000.0,6975000.0,2147000.0,0.47,90.3,0.0743,3,3,266,0.546,0.761,Declaration (Sec 19),1,moderate_anomaly
BS-PARCEL-02675,Tamil Nadu,Coimbatore,1.92,Agricultural,Dry Crop,948000.0,1240000.0,1291000.0,4484000.0,1009000.0,1.75,67.9,0.0321,3,2,115,0.756,0.775,Rehabilitation Scheme (Sec 16),0,normal
BS-PARCEL-02676,Odisha,Sambalpur,6.19,Agricultural,Irrigated Crop,1490000.0,2093000.0,2145000.0,25430000.0,1267000.0,0.32,69.6,0.0538,9,4,175,0.752,0.812,Possession Handover,0,normal
BS-PARCEL-02677,Maharashtra,Pune,1.42,Agricultural,Irrigated Crop,1071000.0,1387000.0,1433000.0,3963000.0,1165000.0,1.5,57.8,0.1524,1,3,112,0.583,0.496,SIA Survey (Sec 4),0,normal
BS-PARCEL-02678,Gujarat,Vadodara,4.5,Agricultural,Irrigated Crop,1137000.0,1228000.0,1243000.0,11622000.0,1131000.0,1.56,56.6,0.0661,8,1,135,0.719,0.612,Rehabilitation Scheme (Sec 16),0,normal
BS-PARCEL-02679,Odisha,Sambalpur,6.26,Agricultural,Dry Crop,1339000.0,1718000.0,1639000.0,24438000.0,1509000.0,0.57,80.7,0.0358,6,4,39,0.668,0.605,Possession Handover,0,normal
BS-PARCEL-02680,Madhya Pradesh,Indore,3.08,Non-Agricultural,Dry Crop,3081000.0,3362000.0,3169000.0,23140000.0,3100000.0,1.81,59.5,0.0995,3,4,203,0.778,0.448,SIA Survey (Sec 4),0,normal
BS-PARCEL-02681,Odisha,Jharsuguda,7.83,Agricultural,Irrigated Crop,1196000.0,1710000.0,1716000.0,45617000.0,1300000.0,0.48,71.6,0.0658,20,2,189,0.603,0.672,SIA Survey (Sec 4),1,moderate_anomaly
BS-PARCEL-02682,Uttar Pradesh,Lucknow,2.56,Agricultural,Dry Crop,903000.0,1182000.0,1213000.0,7222000.0,938000.0,0.54,47.7,0.086,2,3,335,0.83,0.787,Rehabilitation Scheme (Sec 16),0,normal
BS-PARCEL-02683,Uttar Pradesh,Varanasi,2.77,Non-Agricultural,Residential Zone,2855000.0,3632000.0,3462000.0,61287000.0,2873000.0,2.12,89.7,0.0434,5,44,839,0.294,0.055,Enquiry & Award (Sec 23),1,strong_anomaly
BS-PARCEL-02684,Tamil Nadu,Madurai,1.45,Agricultural,Irrigated Crop,1432000.0,1617000.0,1603000.0,5839000.0,1625000.0,0.16,59.2,0.0454,1,1,94,0.678,0.273,Compensation Disbursement,0,normal
BS-PARCEL-02685,Gujarat,Ahmedabad,7.88,Agricultural,Irrigated Crop,1069000.0,1343000.0,1304000.0,23700000.0,1068000.0,0.36,84.6,0.0485,16,3,332,0.853,0.569,Preliminary Notification (Sec 11),0,normal
BS-PARCEL-02686,Madhya Pradesh,Jabalpur,1.73,Commercial,Commercial Hub,7638000.0,9066000.0,9139000.0,37653000.0,8537000.0,1.5,52.3,0.1119,4,2,212,0.715,0.526,Declaration (Sec 19),0,normal
BS-PARCEL-02687,Gujarat,Surat,4.47,Industrial,Commercial Hub,3644000.0,4811000.0,4748000.0,58853000.0,3137000.0,0.29,51.4,0.0709,7,19,519,0.704,0.606,Declaration (Sec 19),1,moderate_anomaly
BS-PARCEL-02688,Gujarat,Ahmedabad,3.12,Agricultural,Residential Zone,1554000.0,2007000.0,1935000.0,15254000.0,1627000.0,1.73,88.9,0.0381,6,0,171,0.783,0.868,Enquiry & Award (Sec 23),0,normal
BS-PARCEL-02689,Odisha,Khordha,1.36,Agricultural,Irrigated Crop,1584000.0,1980000.0,1862000.0,6797000.0,1780000.0,1.23,53.7,0.0865,0,3,189,0.828,0.597,Enquiry & Award (Sec 23),0,normal
BS-PARCEL-02690,Uttar Pradesh,Gorakhpur,1.98,Commercial,Dry Crop,4885000.0,5623000.0,5503000.0,26851000.0,5470000.0,4.37,36.8,0.0832,3,22,669,0.733,0.656,Possession Handover,1,moderate_anomaly
BS-PARCEL-02691,Tamil Nadu,Coimbatore,10.76,Industrial,Infrastructure Corridor,4919000.0,6199000.0,6211000.0,150844000.0,4897000.0,5.06,46.3,0.1029,24,3,163,0.981,0.234,Rehabilitation Scheme (Sec 16),0,normal
BS-PARCEL-02692,Odisha,Sambalpur,3.94,Agricultural,Irrigated Crop,1198000.0,1479000.0,1555000.0,57038000.0,1188000.0,1.58,80.4,0.0607,5,1,148,0.351,0.749,SIA Survey (Sec 4),1,strong_anomaly
BS-PARCEL-02693,Karnataka,Tumakuru,1.41,Agricultural,Dry Crop,1506000.0,2094000.0,2026000.0,7704000.0,1646000.0,1.84,78.7,0.0769,0,5,211,0.608,0.74,Declaration (Sec 19),0,normal
BS-PARCEL-02694,Gujarat,Ahmedabad,4.3,Agricultural,Infrastructure Corridor,1289000.0,1815000.0,1818000.0,17825000.0,1225000.0,7.7,51.3,0.0969,12,3,294,0.96,0.606,Rehabilitation Scheme (Sec 16),0,normal
BS-PARCEL-02695,Maharashtra,Nashik,2.93,Non-Agricultural,Irrigated Crop,3127000.0,4233000.0,4267000.0,27459000.0,3537000.0,0.42,53.6,0.0396,3,4,278,0.896,0.89,Declaration (Sec 19),0,normal
BS-PARCEL-02696,Karnataka,Mysuru,62.55,Industrial,Commercial Hub,4183000.0,4927000.0,5015000.0,395196000.0,3870000.0,0.26,77.1,0.1154,112,1,228,0.911,0.127,Preliminary Notification (Sec 11),1,moderate_anomaly
BS-PARCEL-02697,Madhya Pradesh,Jabalpur,4.23,Non-Agricultural,Residential Zone,2229000.0,2374000.0,2325000.0,23969000.0,1944000.0,1.9,88.7,0.0807,2,1,10,0.974,0.539,Preliminary Notification (Sec 11),0,normal
BS-PARCEL-02698,Maharashtra,Nagpur,2.4,Agricultural,Irrigated Crop,1398000.0,1985000.0,1890000.0,11363000.0,1512000.0,0.39,63.8,0.036,0,2,124,0.817,0.581,Possession Handover,0,normal
BS-PARCEL-02699,Gujarat,Bharuch,11.1,Non-Agricultural,Commercial Hub,3143000.0,4547000.0,4777000.0,86953000.0,3053000.0,0.63,75.0,0.0357,15,0,10,0.641,0.418,Preliminary Notification (Sec 11),1,moderate_anomaly
BS-PARCEL-02700,Odisha,Khordha,0.69,Commercial,Dry Crop,8121000.0,8940000.0,9426000.0,14986000.0,7770000.0,3.92,80.7,0.076,1,2,291,0.748,0.672,Declaration (Sec 19),0,normal
BS-PARCEL-02701,Maharashtra,Thane,3.6,Agricultural,Residential Zone,1508000.0,1997000.0,1982000.0,19405000.0,1427000.0,2.98,99.0,0.058,5,1,158,0.805,0.617,Enquiry & Award (Sec 23),0,normal
BS-PARCEL-02702,Maharashtra,Thane,18.09,Commercial,Infrastructure Corridor,7336000.0,8950000.0,9037000.0,379892000.0,8393000.0,1.24,44.2,0.1102,36,2,155,0.658,0.759,Preliminary Notification (Sec 11),0,normal
BS-PARCEL-02703,Karnataka,Mysuru,3.01,Agricultural,Residential Zone,1288000.0,1429000.0,1348000.0,10287000.0,1316000.0,1.24,53.0,0.0685,8,2,96,0.928,0.616,SIA Survey (Sec 4),0,normal
BS-PARCEL-02704,Maharashtra,Nagpur,0.76,Agricultural,Irrigated Crop,1558000.0,2258000.0,2135000.0,4770000.0,1788000.0,2.8,55.9,0.0921,2,22,431,0.9,0.464,Rehabilitation Scheme (Sec 16),1,moderate_anomaly
BS-PARCEL-02705,Odisha,Sambalpur,2.37,Non-Agricultural,Commercial Hub,3446000.0,4905000.0,4656000.0,24605000.0,3284000.0,0.81,79.9,0.0461,1,0,183,0.781,0.562,Declaration (Sec 19),0,normal
BS-PARCEL-02706,Odisha,Cuttack,11.43,Agricultural,Infrastructure Corridor,1535000.0,2215000.0,2278000.0,72170000.0,1495000.0,0.87,60.5,0.0791,21,18,499,0.84,0.688,Rehabilitation Scheme (Sec 16),1,moderate_anomaly
BS-PARCEL-02707,Odisha,Cuttack,4.57,Barren,Dry Crop,876000.0,970000.0,938000.0,10547000.0,800000.0,0.99,70.6,0.1326,9,5,185,0.894,0.748,Declaration (Sec 19),0,normal
BS-PARCEL-02708,Odisha,Cuttack,1.63,Agricultural,Dry Crop,1191000.0,1485000.0,1429000.0,4725000.0,1166000.0,3.72,67.2,0.0741,2,5,194,0.821,0.427,SIA Survey (Sec 4),0,normal
BS-PARCEL-02709,Maharashtra,Pune,1.85,Agricultural,Irrigated Crop,1416000.0,1994000.0,1876000.0,8280000.0,1230000.0,0.55,65.0,0.0579,2,3,157,0.899,0.706,Preliminary Notification (Sec 11),0,normal
BS-PARCEL-02710,Maharashtra,Thane,2.06,Agricultural,Residential Zone,1395000.0,1841000.0,1736000.0,9867000.0,1186000.0,3.55,66.9,0.0454,1,0,311,0.934,0.474,Preliminary Notification (Sec 11),0,normal
BS-PARCEL-02711,Gujarat,Ahmedabad,4.51,Agricultural,Irrigated Crop,1025000.0,1254000.0,1240000.0,15420000.0,1011000.0,2.81,83.5,0.0792,15,1,309,0.765,0.679,Rehabilitation Scheme (Sec 16),0,normal
BS-PARCEL-02712,Madhya Pradesh,Jabalpur,10.35,Agricultural,Irrigated Crop,1358000.0,1707000.0,1716000.0,43298000.0,1458000.0,1.11,47.5,0.1364,24,19,635,0.759,0.864,Rehabilitation Scheme (Sec 16),1,moderate_anomaly
BS-PARCEL-02713,Odisha,Sambalpur,8.12,Non-Agricultural,Infrastructure Corridor,2819000.0,3003000.0,3031000.0,57863000.0,2766000.0,1.33,62.3,0.0255,10,3,86,0.955,0.712,Possession Handover,0,normal
BS-PARCEL-02714,Tamil Nadu,Salem,4.89,Agricultural,Infrastructure Corridor,1224000.0,1585000.0,1577000.0,16214000.0,1231000.0,5.53,43.1,0.078,9,2,208,0.865,0.567,Preliminary Notification (Sec 11),0,normal
BS-PARCEL-02715,Karnataka,Tumakuru,1.07,Agricultural,Infrastructure Corridor,1030000.0,1436000.0,1429000.0,3527000.0,1013000.0,0.22,69.1,0.0114,1,0,106,0.511,0.451,Declaration (Sec 19),0,normal
BS-PARCEL-02716,Odisha,Cuttack,1.07,Non-Agricultural,Dry Crop,3351000.0,3522000.0,3629000.0,6441000.0,3378000.0,1.02,61.5,0.0636,1,3,329,0.621,0.575,Declaration (Sec 19),1,moderate_anomaly
BS-PARCEL-02717,Karnataka,Mysuru,5.22,Agricultural,Irrigated Crop,1403000.0,1563000.0,1524000.0,6998000.0,1519000.0,2.44,84.2,0.0905,14,45,345,0.666,0.817,Enquiry & Award (Sec 23),1,strong_anomaly
BS-PARCEL-02718,Gujarat,Surat,1.06,Non-Agricultural,Dry Crop,2994000.0,3764000.0,3646000.0,18672000.0,3267000.0,2.36,64.9,0.0168,0,0,251,0.893,0.563,Declaration (Sec 19),1,moderate_anomaly
BS-PARCEL-02719,Gujarat,Vadodara,2.74,Agricultural,Irrigated Crop,1013000.0,1291000.0,1346000.0,8143000.0,1116000.0,0.87,57.0,0.0622,5,2,44,0.924,0.669,Preliminary Notification (Sec 11),0,normal
BS-PARCEL-02720,Madhya Pradesh,Bhopal,4.3,Agricultural,Residential Zone,1301000.0,1545000.0,1580000.0,15062000.0,1189000.0,0.1,60.6,0.0916,9,2,121,0.62,0.561,Declaration (Sec 19),0,normal
BS-PARCEL-02721,Uttar Pradesh,Varanasi,1.26,Non-Agricultural,Dry Crop,2268000.0,2407000.0,2400000.0,7509000.0,2239000.0,4.92,96.0,0.0852,1,1,150,0.694,0.674,Rehabilitation Scheme (Sec 16),0,normal
BS-PARCEL-02722,Tamil Nadu,Salem,1.39,Commercial,Dry Crop,6199000.0,8353000.0,8128000.0,29704000.0,6815000.0,3.85,36.7,0.0936,1,1,79,0.696,0.922,Enquiry & Award (Sec 23),0,normal
BS-PARCEL-02723,Karnataka,Belagavi,3.06,Commercial,Irrigated Crop,6327000.0,7258000.0,6941000.0,51656000.0,7166000.0,0.8,53.7,0.041,5,7,138,0.677,0.459,SIA Survey (Sec 4),0,normal
BS-PARCEL-02724,Tamil Nadu,Salem,5.09,Agricultural,Dry Crop,1536000.0,2009000.0,1897000.0,37931000.0,1556000.0,0.46,65.6,0.0916,12,3,197,0.731,0.863,Enquiry & Award (Sec 23),1,moderate_anomaly
BS-PARCEL-02725,Madhya Pradesh,Gwalior,8.18,Agricultural,Residential Zone,1199000.0,1527000.0,1592000.0,7498000.0,1196000.0,0.61,53.5,0.056,20,25,230,0.927,0.401,Declaration (Sec 19),1,strong_anomaly
BS-PARCEL-02726,Tamil Nadu,Kanchipuram,5.56,Non-Agricultural,Commercial Hub,3105000.0,3795000.0,3838000.0,214932000.0,3351000.0,1.2,73.8,0.1086,7,0,314,0.45,0.766,Enquiry & Award (Sec 23),1,strong_anomaly
BS-PARCEL-02727,Odisha,Sambalpur,3.53,Non-Agricultural,Irrigated Crop,3570000.0,4591000.0,4341000.0,39210000.0,4097000.0,0.47,64.0,-0.0124,8,1,169,0.745,0.593,SIA Survey (Sec 4),0,normal
BS-PARCEL-02728,Madhya Pradesh,Jabalpur,1.76,Non-Agricultural,Irrigated Crop,2815000.0,3738000.0,3585000.0,15266000.0,2752000.0,1.1,69.6,0.0684,3,0,139,0.756,0.595,Enquiry & Award (Sec 23),0,normal
BS-PARCEL-02729,Madhya Pradesh,Indore,1.34,Non-Agricultural,Irrigated Crop,3585000.0,4585000.0,4464000.0,13623000.0,3225000.0,0.27,67.1,0.084,3,2,30,0.611,0.517,Enquiry & Award (Sec 23),0,normal
BS-PARCEL-02730,Uttar Pradesh,Varanasi,2.15,Commercial,Irrigated Crop,5407000.0,6883000.0,6687000.0,30696000.0,5949000.0,0.12,63.1,0.134,3,2,210,0.805,0.82,Declaration (Sec 19),0,normal
BS-PARCEL-02731,Tamil Nadu,Kanchipuram,4.7,Agricultural,Infrastructure Corridor,1163000.0,1424000.0,1432000.0,14449000.0,1236000.0,0.6,41.8,0.0835,6,4,122,0.781,0.781,Rehabilitation Scheme (Sec 16),0,normal
BS-PARCEL-02732,Odisha,Cuttack,4.42,Non-Agricultural,Dry Crop,2259000.0,2761000.0,2728000.0,25312000.0,2018000.0,0.21,68.2,0.0875,11,3,149,0.835,0.773,SIA Survey (Sec 4),0,normal
BS-PARCEL-02733,Karnataka,Tumakuru,0.56,Agricultural,Irrigated Crop,1304000.0,1625000.0,1700000.0,2171000.0,1235000.0,0.65,33.3,0.095,2,2,110,0.794,0.671,SIA Survey (Sec 4),0,normal
BS-PARCEL-02734,Odisha,Sambalpur,1.7,Agricultural,Commercial Hub,1589000.0,1956000.0,2008000.0,7955000.0,1614000.0,3.63,52.9,0.1301,2,2,113,0.787,0.821,Enquiry & Award (Sec 23),0,normal
BS-PARCEL-02735,Odisha,Sambalpur,9.24,Non-Agricultural,Irrigated Crop,3204000.0,3927000.0,4121000.0,88884000.0,3426000.0,0.88,73.8,0.0647,12,1,251,0.842,0.675,Rehabilitation Scheme (Sec 16),0,normal
BS-PARCEL-02736,Tamil Nadu,Kanchipuram,3.55,Agricultural,Irrigated Crop,1351000.0,1532000.0,1599000.0,3440000.0,1465000.0,2.86,86.4,0.0239,6,45,166,0.927,0.701,Enquiry & Award (Sec 23),1,strong_anomaly
BS-PARCEL-02737,Madhya Pradesh,Gwalior,1.0,Agricultural,Dry Crop,1100000.0,1474000.0,1549000.0,4018000.0,986000.0,0.35,99.0,0.0162,0,3,344,0.486,0.641,Enquiry & Award (Sec 23),0,normal
BS-PARCEL-02738,Uttar Pradesh,Varanasi,24.59,Industrial,Irrigated Crop,6282000.0,6930000.0,7329000.0,362535000.0,5748000.0,3.83,57.3,0.1066,57,2,49,0.958,0.42,Enquiry & Award (Sec 23),0,normal
BS-PARCEL-02739,Uttar Pradesh,Prayagraj,3.24,Commercial,Dry Crop,6714000.0,9490000.0,9276000.0,115288000.0,7206000.0,4.07,49.4,0.0889,4,2,310,0.942,0.814,Enquiry & Award (Sec 23),1,moderate_anomaly
BS-PARCEL-02740,Maharashtra,Pune,4.6,Agricultural,Residential Zone,1092000.0,1420000.0,1371000.0,16106000.0,966000.0,0.89,74.4,0.0697,3,0,118,0.927,0.765,Declaration (Sec 19),0,normal
BS-PARCEL-02741,Madhya Pradesh,Indore,4.66,Barren,Infrastructure Corridor,873000.0,934000.0,896000.0,9410000.0,873000.0,0.1,98.7,0.0566,10,1,166,0.825,0.695,Declaration (Sec 19),0,normal
BS-PARCEL-02742,Tamil Nadu,Coimbatore,2.43,Agricultural,Irrigated Crop,1205000.0,1583000.0,1607000.0,9641000.0,1222000.0,2.06,92.6,0.0872,3,1,226,0.891,0.568,SIA Survey (Sec 4),0,normal
BS-PARCEL-02743,Madhya Pradesh,Gwalior,1.79,Commercial,Dry Crop,6324000.0,7555000.0,7719000.0,29378000.0,6019000.0,0.63,46.4,0.0884,1,3,285,0.83,0.388,Compensation Disbursement,0,normal
BS-PARCEL-02744,Uttar Pradesh,Varanasi,20.15,Agricultural,Irrigated Crop,925000.0,1315000.0,1250000.0,64135000.0,1007000.0,0.65,62.5,0.0992,42,2,289,0.978,0.635,Possession Handover,0,normal
BS-PARCEL-02745,Maharashtra,Pune,7.79,Agricultural,Dry Crop,1028000.0,1464000.0,1520000.0,49614000.0,891000.0,5.6,80.3,0.0357,15,4,287,0.659,0.627,Declaration (Sec 19),1,moderate_anomaly
BS-PARCEL-02746,Odisha,Sambalpur,6.68,Agricultural,Irrigated Crop,1483000.0,2059000.0,2129000.0,30037000.0,1606000.0,0.11,81.6,0.0094,13,1,149,0.735,0.452,Possession Handover,0,normal
BS-PARCEL-02747,Odisha,Sambalpur,5.42,Agricultural,Dry Crop,1248000.0,1594000.0,1619000.0,38245000.0,1303000.0,1.6,75.7,0.0435,11,0,372,0.77,0.543,Possession Handover,1,moderate_anomaly
BS-PARCEL-02748,Gujarat,Ahmedabad,1.42,Agricultural,Irrigated Crop,1588000.0,2251000.0,2234000.0,8022000.0,1591000.0,1.56,56.9,0.026,3,3,240,0.533,0.738,Declaration (Sec 19),0,normal
BS-PARCEL-02749,Tamil Nadu,Madurai,9.83,Agricultural,Infrastructure Corridor,960000.0,1258000.0,1206000.0,28464000.0,1067000.0,0.57,75.5,0.0239,19,2,10,0.92,0.905,Enquiry & Award (Sec 23),0,normal
BS-PARCEL-02750,Tamil Nadu,Coimbatore,1.62,Non-Agricultural,Residential Zone,3135000.0,4389000.0,4392000.0,15972000.0,2855000.0,0.66,81.7,0.1428,2,3,179,0.902,0.635,Declaration (Sec 19),0,normal
BS-PARCEL-02751,Odisha,Sambalpur,4.22,Agricultural,Irrigated Crop,1418000.0,1580000.0,1515000.0,9287000.0,1546000.0,0.1,48.2,-0.0107,7,3,133,0.584,0.785,SIA Survey (Sec 4),1,moderate_anomaly
BS-PARCEL-02752,Odisha,Sambalpur,0.82,Agricultural,Commercial Hub,1347000.0,1902000.0,1926000.0,3265000.0,1221000.0,0.51,88.9,0.0988,0,2,141,0.669,0.721,Preliminary Notification (Sec 11),0,normal
BS-PARCEL-02753,Karnataka,Belagavi,0.59,Barren,Irrigated Crop,694000.0,912000.0,891000.0,1187000.0,796000.0,0.31,82.9,0.1163,0,3,245,0.688,0.748,Declaration (Sec 19),0,normal
BS-PARCEL-02754,Gujarat,Surat,4.35,Non-Agricultural,Commercial Hub,3072000.0,3598000.0,3489000.0,33039000.0,2641000.0,0.27,51.6,0.1195,5,3,209,0.715,0.719,Enquiry & Award (Sec 23),0,normal
BS-PARCEL-02755,Karnataka,Mysuru,1.67,Industrial,Irrigated Crop,5586000.0,8095000.0,8038000.0,27529000.0,5675000.0,0.25,81.6,0.0911,1,0,101,0.82,0.326,Rehabilitation Scheme (Sec 16),0,normal
BS-PARCEL-02756,Gujarat,Surat,0.61,Agricultural,Irrigated Crop,1522000.0,2016000.0,2036000.0,1123000.0,1370000.0,0.27,79.6,0.1328,2,40,340,0.928,0.585,Enquiry & Award (Sec 23),1,strong_anomaly
BS-PARCEL-02757,Gujarat,Surat,5.26,Agricultural,Dry Crop,1142000.0,1614000.0,1588000.0,20870000.0,1110000.0,0.4,80.3,0.1513,8,2,34,0.495,0.66,Enquiry & Award (Sec 23),0,normal
BS-PARCEL-02758,Karnataka,Bengaluru Rural,20.13,Non-Agricultural,Dry Crop,2872000.0,3022000.0,3190000.0,161557000.0,2569000.0,0.67,93.4,0.0679,40,8,26,0.831,0.267,Enquiry & Award (Sec 23),0,normal
BS-PARCEL-02759,Madhya Pradesh,Jabalpur,10.82,Non-Agricultural,Dry Crop,3168000.0,4026000.0,3787000.0,122515000.0,2877000.0,0.63,64.8,0.0979,18,12,531,0.847,0.332,SIA Survey (Sec 4),1,moderate_anomaly
BS-PARCEL-02760,Karnataka,Bengaluru Rural,2.67,Agricultural,Dry Crop,1126000.0,1503000.0,1577000.0,9815000.0,978000.0,2.49,71.0,0.131,7,2,224,0.63,0.629,Declaration (Sec 19),0,normal
BS-PARCEL-02761,Gujarat,Ahmedabad,3.35,Commercial,Irrigated Crop,5572000.0,5881000.0,5529000.0,52405000.0,4750000.0,0.78,17.5,0.0455,3,5,216,0.985,0.744,SIA Survey (Sec 4),0,normal
BS-PARCEL-02762,Gujarat,Ahmedabad,7.06,Non-Agricultural,Irrigated Crop,3723000.0,5045000.0,4873000.0,85330000.0,3968000.0,0.91,85.1,0.0702,15,3,86,0.847,0.415,SIA Survey (Sec 4),0,normal
BS-PARCEL-02763,Uttar Pradesh,Lucknow,8.62,Non-Agricultural,Dry Crop,2427000.0,3181000.0,3370000.0,73524000.0,2393000.0,3.24,83.4,0.055,20,3,110,0.898,0.816,Preliminary Notification (Sec 11),0,normal
BS-PARCEL-02764,Karnataka,Belagavi,2.48,Agricultural,Dry Crop,1068000.0,1239000.0,1273000.0,4105000.0,922000.0,0.29,89.4,0.0984,5,1,175,0.633,0.599,Preliminary Notification (Sec 11),1,moderate_anomaly
BS-PARCEL-02765,Karnataka,Tumakuru,3.42,Non-Agricultural,Irrigated Crop,3139000.0,4161000.0,4233000.0,30709000.0,3552000.0,0.58,48.1,0.0041,7,3,58,0.802,0.495,SIA Survey (Sec 4),0,normal
BS-PARCEL-02766,Odisha,Cuttack,4.29,Agricultural,Irrigated Crop,956000.0,1054000.0,1083000.0,10440000.0,1003000.0,0.1,82.3,0.1375,3,2,263,0.912,0.568,Declaration (Sec 19),0,normal
BS-PARCEL-02767,Madhya Pradesh,Indore,5.32,Barren,Dry Crop,501000.0,691000.0,683000.0,8447000.0,466000.0,0.18,83.3,0.1014,11,3,347,0.796,0.832,Rehabilitation Scheme (Sec 16),0,normal
BS-PARCEL-02768,Madhya Pradesh,Gwalior,2.97,Agricultural,Dry Crop,946000.0,1321000.0,1366000.0,7888000.0,929000.0,0.27,53.3,0.1036,1,2,156,0.842,0.393,SIA Survey (Sec 4),0,normal
BS-PARCEL-02769,Uttar Pradesh,Varanasi,3.0,Agricultural,Residential Zone,989000.0,1231000.0,1180000.0,8491000.0,986000.0,5.62,84.0,-0.0145,4,2,213,0.8,0.675,Compensation Disbursement,0,normal
BS-PARCEL-02770,Maharashtra,Nashik,10.73,Agricultural,Dry Crop,1209000.0,1515000.0,1568000.0,38613000.0,1234000.0,1.7,73.3,0.0384,16,2,187,0.479,0.506,Declaration (Sec 19),0,normal
BS-PARCEL-02771,Gujarat,Bharuch,9.28,Non-Agricultural,Dry Crop,3493000.0,4229000.0,4452000.0,92857000.0,3868000.0,0.46,34.4,0.1396,13,4,326,0.882,0.83,Possession Handover,0,normal
BS-PARCEL-02772,Gujarat,Vadodara,4.98,Barren,Dry Crop,621000.0,738000.0,770000.0,7919000.0,638000.0,0.8,75.5,0.0729,3,2,389,0.895,0.746,Declaration (Sec 19),0,normal
BS-PARCEL-02773,Gujarat,Bharuch,14.31,Industrial,Irrigated Crop,4831000.0,6759000.0,6953000.0,211078000.0,5525000.0,0.1,51.2,0.011,28,1,136,0.848,0.4,Preliminary Notification (Sec 11),0,normal
BS-PARCEL-02774,Gujarat,Surat,2.39,Non-Agricultural,Irrigated Crop,3108000.0,3642000.0,3708000.0,17363000.0,3319000.0,4.32,34.8,0.0889,8,1,179,0.751,0.75,Possession Handover,0,normal
BS-PARCEL-02775,Tamil Nadu,Kanchipuram,13.19,Barren,Irrigated Crop,605000.0,733000.0,735000.0,22164000.0,694000.0,3.94,71.6,0.1072,24,4,270,0.848,0.383,Compensation Disbursement,0,normal
BS-PARCEL-02776,Uttar Pradesh,Prayagraj,5.27,Non-Agricultural,Residential Zone,2827000.0,3307000.0,3265000.0,37506000.0,2870000.0,2.42,63.8,0.1013,7,3,213,0.748,0.606,Declaration (Sec 19),0,normal
BS-PARCEL-02777,Gujarat,Ahmedabad,53.54,Agricultural,Irrigated Crop,1178000.0,1546000.0,1614000.0,204702000.0,1241000.0,0.1,90.3,0.074,109,2,75,0.958,0.396,Declaration (Sec 19),0,normal
BS-PARCEL-02778,Maharashtra,Thane,1.2,Non-Agricultural,Dry Crop,2674000.0,3679000.0,3744000.0,40464000.0,2865000.0,0.65,68.3,0.1254,0,4,10,0.352,0.569,Declaration (Sec 19),1,strong_anomaly
BS-PARCEL-02779,Gujarat,Vadodara,1.85,Agricultural,Dry Crop,1180000.0,1317000.0,1307000.0,28926000.0,1270000.0,2.08,79.0,0.0519,2,0,109,0.567,0.428,Declaration (Sec 19),1,strong_anomaly
BS-PARCEL-02780,Karnataka,Belagavi,4.74,Agricultural,Irrigated Crop,908000.0,1046000.0,1082000.0,13157000.0,778000.0,1.77,74.2,0.1016,6,17,645,0.778,0.767,Enquiry & Award (Sec 23),1,moderate_anomaly
BS-PARCEL-02781,Uttar Pradesh,Agra,4.65,Agricultural,Residential Zone,1538000.0,1679000.0,1589000.0,21726000.0,1366000.0,0.14,83.4,0.0854,8,5,132,0.719,0.581,Declaration (Sec 19),0,normal
BS-PARCEL-02782,Gujarat,Bharuch,17.42,Agricultural,Dry Crop,1604000.0,1787000.0,1854000.0,96230000.0,1473000.0,0.42,49.0,0.0747,36,15,435,0.961,0.736,SIA Survey (Sec 4),1,moderate_anomaly
BS-PARCEL-02783,Uttar Pradesh,Varanasi,1.88,Barren,Irrigated Crop,824000.0,999000.0,1036000.0,4013000.0,768000.0,0.1,68.6,0.0648,3,2,111,0.845,0.865,Preliminary Notification (Sec 11),0,normal
BS-PARCEL-02784,Odisha,Sambalpur,7.16,Barren,Commercial Hub,490000.0,667000.0,645000.0,12234000.0,550000.0,8.54,62.5,0.0663,15,3,377,0.745,0.633,Preliminary Notification (Sec 11),0,normal
BS-PARCEL-02785,Tamil Nadu,Kanchipuram,8.92,Agricultural,Dry Crop,1441000.0,1825000.0,1724000.0,36939000.0,1537000.0,2.97,76.8,0.0813,14,3,51,0.743,0.883,SIA Survey (Sec 4),0,normal
BS-PARCEL-02786,Maharashtra,Thane,6.04,Non-Agricultural,Irrigated Crop,3063000.0,3281000.0,3365000.0,39953000.0,2735000.0,4.82,69.6,0.0683,8,3,141,0.864,0.868,Rehabilitation Scheme (Sec 16),0,normal
BS-PARCEL-02787,Maharashtra,Thane,1.47,Agricultural,Commercial Hub,968000.0,1258000.0,1213000.0,4015000.0,947000.0,0.16,53.9,0.1093,3,4,118,0.815,0.507,Compensation Disbursement,0,normal
BS-PARCEL-02788,Uttar Pradesh,Gorakhpur,10.99,Agricultural,Dry Crop,1572000.0,2151000.0,2279000.0,27596000.0,1451000.0,3.75,58.9,0.0586,15,2,390,0.896,0.665,SIA Survey (Sec 4),1,moderate_anomaly
BS-PARCEL-02789,Madhya Pradesh,Gwalior,9.44,Agricultural,Irrigated Crop,1459000.0,1762000.0,1658000.0,174120000.0,1603000.0,1.65,94.7,0.1427,13,1,13,0.357,0.544,Rehabilitation Scheme (Sec 16),1,strong_anomaly
BS-PARCEL-02790,Tamil Nadu,Coimbatore,5.53,Agricultural,Infrastructure Corridor,1005000.0,1154000.0,1117000.0,13445000.0,1131000.0,5.74,34.5,0.0568,10,0,89,0.637,0.737,SIA Survey (Sec 4),0,normal
BS-PARCEL-02791,Karnataka,Bengaluru Rural,3.95,Agricultural,Dry Crop,1594000.0,2161000.0,2042000.0,30582000.0,1433000.0,0.65,77.8,0.1168,9,0,182,0.92,0.605,Declaration (Sec 19),1,moderate_anomaly
BS-PARCEL-02792,Odisha,Cuttack,4.02,Agricultural,Dry Crop,991000.0,1050000.0,1086000.0,10023000.0,966000.0,3.44,87.3,0.1185,7,0,194,0.862,0.914,Declaration (Sec 19),0,normal
BS-PARCEL-02793,Gujarat,Surat,3.11,Agricultural,Irrigated Crop,1227000.0,1689000.0,1705000.0,11703000.0,1394000.0,2.52,75.4,0.0866,4,2,299,0.917,0.641,Declaration (Sec 19),0,normal
BS-PARCEL-02794,Maharashtra,Nagpur,5.72,Agricultural,Irrigated Crop,1014000.0,1391000.0,1449000.0,20744000.0,1062000.0,3.84,99.0,0.0831,10,4,287,0.712,0.579,Possession Handover,0,normal
BS-PARCEL-02795,Madhya Pradesh,Gwalior,3.41,Industrial,Dry Crop,4033000.0,5667000.0,5982000.0,240278000.0,4478000.0,2.08,81.9,0.0508,5,2,98,0.318,0.591,Possession Handover,1,strong_anomaly
BS-PARCEL-02796,Maharashtra,Aurangabad,1.61,Agricultural,Dry Crop,1597000.0,1734000.0,1757000.0,2109000.0,1529000.0,1.82,71.9,0.0593,0,41,210,0.745,0.239,Compensation Disbursement,1,strong_anomaly
BS-PARCEL-02797,Odisha,Sambalpur,1.36,Agricultural,Dry Crop,1312000.0,1434000.0,1388000.0,4054000.0,1198000.0,1.73,56.6,0.0888,2,4,156,0.804,0.255,Compensation Disbursement,0,normal
BS-PARCEL-02798,Maharashtra,Thane,1.75,Agricultural,Commercial Hub,1087000.0,1521000.0,1447000.0,5769000.0,1149000.0,1.09,72.2,0.0782,4,2,125,0.929,0.542,Rehabilitation Scheme (Sec 16),0,normal
BS-PARCEL-02799,Madhya Pradesh,Bhopal,4.01,Agricultural,Irrigated Crop,1459000.0,1809000.0,1889000.0,17343000.0,1300000.0,2.56,77.3,0.1273,5,0,287,0.701,0.585,Declaration (Sec 19),0,normal
BS-PARCEL-02800,Madhya Pradesh,Bhopal,3.24,Agricultural,Commercial Hub,1530000.0,1847000.0,1791000.0,30945000.0,1686000.0,0.6,65.1,0.0618,4,4,203,0.931,0.539,Rehabilitation Scheme (Sec 16),1,moderate_anomaly
BS-PARCEL-02801,Uttar Pradesh,Lucknow,3.99,Agricultural,Residential Zone,1561000.0,1997000.0,2091000.0,19782000.0,1680000.0,2.6,51.6,0.0642,8,15,605,0.946,0.848,Enquiry & Award (Sec 23),1,moderate_anomaly
BS-PARCEL-02802,Madhya Pradesh,Jabalpur,5.08,Non-Agricultural,Commercial Hub,3667000.0,3936000.0,4115000.0,45969000.0,3452000.0,0.69,43.3,0.0134,8,1,228,0.724,0.525,SIA Survey (Sec 4),0,normal
BS-PARCEL-02803,Madhya Pradesh,Bhopal,1.95,Non-Agricultural,Commercial Hub,3621000.0,4734000.0,4807000.0,20376000.0,3620000.0,5.27,68.3,0.1057,5,1,277,0.764,0.522,SIA Survey (Sec 4),0,normal
BS-PARCEL-02804,Maharashtra,Nagpur,11.54,Non-Agricultural,Residential Zone,3173000.0,4531000.0,4588000.0,127975000.0,3458000.0,3.94,38.4,0.1021,13,1,10,0.755,0.806,Preliminary Notification (Sec 11),0,normal
BS-PARCEL-02805,Uttar Pradesh,Prayagraj,2.64,Non-Agricultural,Irrigated Crop,2675000.0,3532000.0,3723000.0,13667000.0,3024000.0,0.4,56.5,0.1191,4,2,185,0.614,0.638,Declaration (Sec 19),1,moderate_anomaly
BS-PARCEL-02806,Uttar Pradesh,Prayagraj,2.3,Agricultural,Dry Crop,1566000.0,1935000.0,1994000.0,9161000.0,1497000.0,1.54,21.2,0.1213,4,2,223,0.765,0.698,Enquiry & Award (Sec 23),0,normal
BS-PARCEL-02807,Uttar Pradesh,Prayagraj,5.0,Agricultural,Infrastructure Corridor,988000.0,1417000.0,1448000.0,13997000.0,1074000.0,0.31,80.0,0.1116,11,5,233,0.699,0.56,Preliminary Notification (Sec 11),0,normal
BS-PARCEL-02808,Madhya Pradesh,Gwalior,0.7,Agricultural,Dry Crop,1022000.0,1355000.0,1345000.0,1796000.0,928000.0,1.54,85.8,0.1132,0,4,346,0.875,0.582,Declaration (Sec 19),0,normal
BS-PARCEL-02809,Uttar Pradesh,Gorakhpur,1.7,Agricultural,Irrigated Crop,1212000.0,1300000.0,1298000.0,5002000.0,1359000.0,0.22,66.4,0.1044,4,6,244,0.916,0.839,Rehabilitation Scheme (Sec 16),0,normal
BS-PARCEL-02810,Odisha,Jharsuguda,7.64,Agricultural,Infrastructure Corridor,1104000.0,1455000.0,1436000.0,21868000.0,1166000.0,0.25,98.0,0.1106,12,2,42,0.751,0.35,Enquiry & Award (Sec 23),0,normal
BS-PARCEL-02811,Maharashtra,Nashik,0.76,Agricultural,Irrigated Crop,1343000.0,1442000.0,1519000.0,2441000.0,1203000.0,4.57,89.3,0.0063,0,5,235,0.644,0.819,Preliminary Notification (Sec 11),0,normal
BS-PARCEL-02812,Karnataka,Belagavi,8.58,Non-Agricultural,Irrigated Crop,3621000.0,4247000.0,4317000.0,91864000.0,3882000.0,0.58,73.6,0.036,17,2,268,0.949,0.694,Preliminary Notification (Sec 11),0,normal
BS-PARCEL-02813,Karnataka,Mysuru,11.99,Agricultural,Irrigated Crop,1254000.0,1626000.0,1681000.0,37338000.0,1338000.0,0.67,63.0,0.0295,31,5,109,0.758,0.583,Declaration (Sec 19),0,normal
BS-PARCEL-02814,Madhya Pradesh,Bhopal,2.43,Agricultural,Dry Crop,1299000.0,1476000.0,1394000.0,3729000.0,1393000.0,2.57,58.7,0.1308,3,47,131,0.774,0.496,Declaration (Sec 19),1,strong_anomaly
BS-PARCEL-02815,Odisha,Cuttack,4.25,Non-Agricultural,Dry Crop,2811000.0,2994000.0,3121000.0,33097000.0,2680000.0,0.19,75.1,0.0487,4,21,688,0.728,0.776,Compensation Disbursement,1,moderate_anomaly
BS-PARCEL-02816,Uttar Pradesh,Lucknow,8.6,Agricultural,Dry Crop,1409000.0,1828000.0,1810000.0,38572000.0,1510000.0,1.35,62.5,0.0551,17,3,176,0.78,0.59,Declaration (Sec 19),0,normal
BS-PARCEL-02817,Maharashtra,Aurangabad,2.23,Commercial,Infrastructure Corridor,5268000.0,6134000.0,6309000.0,32965000.0,5784000.0,1.29,74.9,0.0803,10,4,297,0.551,0.152,Possession Handover,0,normal
BS-PARCEL-02818,Maharashtra,Nashik,6.94,Industrial,Dry Crop,3740000.0,4724000.0,4463000.0,77527000.0,3568000.0,0.13,76.2,0.0303,14,5,197,0.972,0.548,Rehabilitation Scheme (Sec 16),0,normal
BS-PARCEL-02819,Uttar Pradesh,Gorakhpur,1.88,Barren,Dry Crop,738000.0,852000.0,892000.0,3321000.0,673000.0,2.54,60.9,0.0952,3,4,10,0.83,0.703,Rehabilitation Scheme (Sec 16),0,normal
BS-PARCEL-02820,Gujarat,Ahmedabad,2.21,Agricultural,Residential Zone,1285000.0,1702000.0,1735000.0,9788000.0,1435000.0,2.99,84.7,-0.0052,4,3,183,0.631,0.829,Possession Handover,0,normal
BS-PARCEL-02821,Gujarat,Vadodara,1.68,Agricultural,Residential Zone,1193000.0,1680000.0,1671000.0,6010000.0,1236000.0,1.06,60.9,0.0329,3,5,133,0.718,0.53,Preliminary Notification (Sec 11),0,normal
BS-PARCEL-02822,Tamil Nadu,Coimbatore,4.44,Non-Agricultural,Irrigated Crop,2661000.0,2886000.0,2818000.0,31356000.0,2629000.0,2.27,65.4,0.088,7,2,244,0.74,0.443,Enquiry & Award (Sec 23),0,normal
BS-PARCEL-02823,Gujarat,Surat,8.88,Non-Agricultural,Irrigated Crop,2187000.0,2984000.0,2916000.0,55554000.0,2436000.0,3.95,47.4,0.0303,14,1,223,0.679,0.542,Preliminary Notification (Sec 11),0,normal
BS-PARCEL-02824,Odisha,Sambalpur,2.84,Non-Agricultural,Dry Crop,3243000.0,3608000.0,3523000.0,24390000.0,2889000.0,2.48,60.1,0.132,6,4,73,0.902,0.427,Declaration (Sec 19),0,normal
BS-PARCEL-02825,Tamil Nadu,Madurai,1.13,Agricultural,Residential Zone,1203000.0,1422000.0,1359000.0,4278000.0,1315000.0,2.23,99.0,0.0819,0,2,198,0.841,0.687,SIA Survey (Sec 4),0,normal
BS-PARCEL-02826,Odisha,Sambalpur,1.32,Agricultural,Dry Crop,1221000.0,1457000.0,1451000.0,4733000.0,1218000.0,0.54,48.8,0.1253,3,4,236,0.448,0.509,Declaration (Sec 19),0,normal
BS-PARCEL-02827,Uttar Pradesh,Gorakhpur,4.64,Agricultural,Irrigated Crop,1543000.0,1747000.0,1737000.0,77087000.0,1331000.0,1.33,72.9,0.0943,12,1,226,0.532,0.544,Enquiry & Award (Sec 23),1,strong_anomaly
BS-PARCEL-02828,Odisha,Sambalpur,15.92,Agricultural,Commercial Hub,1431000.0,1546000.0,1530000.0,62106000.0,1634000.0,1.12,56.8,0.0795,30,1,284,0.947,0.27,Preliminary Notification (Sec 11),0,normal
BS-PARCEL-02829,Karnataka,Bengaluru Rural,4.64,Agricultural,Dry Crop,1058000.0,1436000.0,1471000.0,14769000.0,1146000.0,0.36,25.1,0.0401,8,1,64,0.768,0.776,SIA Survey (Sec 4),0,normal
BS-PARCEL-02830,Odisha,Cuttack,2.39,Industrial,Dry Crop,5493000.0,7511000.0,7439000.0,44202000.0,5023000.0,1.3,75.1,0.1172,7,2,160,0.589,0.644,Rehabilitation Scheme (Sec 16),0,normal
BS-PARCEL-02831,Gujarat,Ahmedabad,6.37,Agricultural,Residential Zone,995000.0,1441000.0,1370000.0,18226000.0,1121000.0,0.96,55.0,0.0977,16,2,10,0.831,0.664,SIA Survey (Sec 4),0,normal
BS-PARCEL-02832,Odisha,Sambalpur,2.71,Non-Agricultural,Commercial Hub,2426000.0,3454000.0,3600000.0,27328000.0,2743000.0,1.2,70.7,0.1634,0,18,539,0.56,0.566,Rehabilitation Scheme (Sec 16),1,moderate_anomaly
BS-PARCEL-02833,Karnataka,Belagavi,2.41,Industrial,Dry Crop,5657000.0,6923000.0,6861000.0,34009000.0,6167000.0,0.41,82.8,0.1131,4,2,190,0.701,0.526,Possession Handover,0,normal
BS-PARCEL-02834,Uttar Pradesh,Gorakhpur,1.47,Agricultural,Dry Crop,991000.0,1093000.0,1113000.0,3352000.0,880000.0,3.77,69.2,0.0641,1,2,167,0.854,0.737,Preliminary Notification (Sec 11),0,normal
BS-PARCEL-02835,Gujarat,Bharuch,10.99,Agricultural,Dry Crop,1102000.0,1162000.0,1222000.0,34506000.0,998000.0,4.18,70.9,0.0916,14,4,165,0.983,0.534,Rehabilitation Scheme (Sec 16),0,normal
BS-PARCEL-02836,Uttar Pradesh,Agra,0.38,Non-Agricultural,Dry Crop,3609000.0,4557000.0,4703000.0,3950000.0,3884000.0,3.25,49.4,0.0969,0,3,232,0.654,0.458,Declaration (Sec 19),0,normal
BS-PARCEL-02837,Odisha,Cuttack,6.54,Agricultural,Dry Crop,1432000.0,1997000.0,2006000.0,32275000.0,1610000.0,0.21,77.7,0.1265,7,0,294,0.907,0.475,SIA Survey (Sec 4),0,normal
BS-PARCEL-02838,Gujarat,Surat,2.24,Agricultural,Commercial Hub,1569000.0,1816000.0,1826000.0,9746000.0,1435000.0,1.97,61.6,0.1329,2,2,147,0.896,0.512,SIA Survey (Sec 4),0,normal
BS-PARCEL-02839,Maharashtra,Thane,2.34,Commercial,Dry Crop,8314000.0,9391000.0,9785000.0,109321000.0,8216000.0,0.36,29.0,0.0735,4,44,757,0.26,0.063,Enquiry & Award (Sec 23),1,strong_anomaly
BS-PARCEL-02840,Madhya Pradesh,Jabalpur,13.99,Non-Agricultural,Dry Crop,2625000.0,3217000.0,3342000.0,38044000.0,2353000.0,0.26,79.9,0.0314,18,34,223,0.635,0.797,Declaration (Sec 19),1,strong_anomaly
BS-PARCEL-02841,Gujarat,Ahmedabad,1.81,Commercial,Irrigated Crop,7341000.0,10332000.0,9934000.0,50273000.0,7293000.0,2.97,85.4,0.0058,1,3,10,0.434,0.725,Compensation Disbursement,0,normal
BS-PARCEL-02842,Uttar Pradesh,Agra,1.86,Barren,Commercial Hub,635000.0,781000.0,793000.0,4748000.0,662000.0,0.22,91.7,0.0344,3,23,407,0.846,0.718,Rehabilitation Scheme (Sec 16),1,moderate_anomaly
BS-PARCEL-02843,Tamil Nadu,Coimbatore,2.97,Agricultural,Dry Crop,1402000.0,1877000.0,1959000.0,11737000.0,1200000.0,0.51,99.0,0.0563,6,1,227,0.704,0.474,Declaration (Sec 19),0,normal
BS-PARCEL-02844,Tamil Nadu,Coimbatore,4.72,Non-Agricultural,Irrigated Crop,2685000.0,3316000.0,3437000.0,37313000.0,2800000.0,0.13,78.9,0.1402,6,2,315,0.729,0.72,Compensation Disbursement,0,normal
BS-PARCEL-02845,Tamil Nadu,Coimbatore,2.28,Non-Agricultural,Irrigated Crop,2102000.0,2521000.0,2407000.0,8652000.0,2190000.0,3.91,74.3,0.1408,7,3,329,0.933,0.474,Compensation Disbursement,1,moderate_anomaly
BS-PARCEL-02846,Karnataka,Tumakuru,0.87,Non-Agricultural,Irrigated Crop,2258000.0,2769000.0,2748000.0,6298000.0,2228000.0,0.8,84.6,0.1184,4,6,45,0.887,0.825,Possession Handover,0,normal
BS-PARCEL-02847,Gujarat,Ahmedabad,1.59,Non-Agricultural,Infrastructure Corridor,3395000.0,4608000.0,4618000.0,17545000.0,3798000.0,4.61,49.0,0.1292,1,5,289,0.545,0.582,SIA Survey (Sec 4),0,normal
BS-PARCEL-02848,Madhya Pradesh,Bhopal,9.87,Non-Agricultural,Residential Zone,2241000.0,3029000.0,2941000.0,59358000.0,1995000.0,1.64,34.9,0.0517,10,5,293,0.513,0.724,Possession Handover,0,normal
BS-PARCEL-02849,Madhya Pradesh,Gwalior,3.54,Industrial,Dry Crop,5326000.0,6512000.0,6652000.0,59770000.0,4609000.0,1.69,56.4,0.0194,6,1,225,0.736,0.766,Compensation Disbursement,0,normal
BS-PARCEL-02850,Maharashtra,Pune,4.87,Agricultural,Dry Crop,1518000.0,1756000.0,1751000.0,36826000.0,1516000.0,2.23,88.0,0.0397,4,3,10,0.924,0.593,Enquiry & Award (Sec 23),1,moderate_anomaly
BS-PARCEL-02851,Uttar Pradesh,Prayagraj,2.66,Non-Agricultural,Commercial Hub,3345000.0,3698000.0,3608000.0,20754000.0,3378000.0,0.79,53.1,-0.0014,4,3,120,0.882,0.584,Enquiry & Award (Sec 23),0,normal
BS-PARCEL-02852,Maharashtra,Nashik,1.9,Agricultural,Dry Crop,1198000.0,1259000.0,1234000.0,5229000.0,1114000.0,5.25,73.4,0.0354,0,1,191,0.728,0.529,Possession Handover,0,normal
BS-PARCEL-02853,Madhya Pradesh,Jabalpur,13.82,Non-Agricultural,Infrastructure Corridor,2450000.0,2683000.0,2798000.0,94106000.0,2789000.0,1.44,75.3,0.0598,15,2,154,0.808,0.792,Rehabilitation Scheme (Sec 16),0,normal
BS-PARCEL-02854,Maharashtra,Nashik,2.83,Commercial,Irrigated Crop,8473000.0,9455000.0,9870000.0,63329000.0,7847000.0,1.57,69.4,0.0867,6,5,10,0.774,0.722,Enquiry & Award (Sec 23),0,normal
BS-PARCEL-02855,Uttar Pradesh,Agra,2.28,Commercial,Irrigated Crop,7084000.0,9393000.0,9745000.0,43309000.0,6596000.0,0.2,42.0,0.0854,8,3,151,0.792,0.636,Enquiry & Award (Sec 23),0,normal
BS-PARCEL-02856,Tamil Nadu,Madurai,8.43,Agricultural,Dry Crop,1192000.0,1642000.0,1724000.0,19772000.0,1303000.0,7.44,71.2,0.0524,10,1,77,0.838,0.702,Enquiry & Award (Sec 23),1,moderate_anomaly
BS-PARCEL-02857,Gujarat,Bharuch,1.8,Agricultural,Irrigated Crop,1578000.0,2122000.0,2237000.0,8969000.0,1778000.0,0.76,57.4,0.1028,4,4,244,0.768,0.698,Enquiry & Award (Sec 23),0,normal
BS-PARCEL-02858,Karnataka,Mysuru,2.0,Agricultural,Dry Crop,1055000.0,1413000.0,1412000.0,6845000.0,1066000.0,0.35,95.7,0.0532,4,3,232,0.861,0.959,SIA Survey (Sec 4),0,normal
BS-PARCEL-02859,Madhya Pradesh,Jabalpur,3.35,Agricultural,Commercial Hub,1218000.0,1763000.0,1678000.0,7922000.0,1042000.0,1.34,85.5,0.0804,3,3,237,0.96,0.416,Rehabilitation Scheme (Sec 16),1,moderate_anomaly
BS-PARCEL-02860,Tamil Nadu,Madurai,3.32,Agricultural,Irrigated Crop,978000.0,1403000.0,1454000.0,14565000.0,936000.0,2.38,58.0,0.0356,4,22,546,0.778,0.454,Rehabilitation Scheme (Sec 16),1,moderate_anomaly
BS-PARCEL-02861,Tamil Nadu,Kanchipuram,4.14,Industrial,Dry Crop,3960000.0,4584000.0,4657000.0,43772000.0,3632000.0,0.33,96.8,0.1235,4,2,182,0.745,0.704,Enquiry & Award (Sec 23),0,normal
BS-PARCEL-02862,Gujarat,Bharuch,19.65,Agricultural,Dry Crop,1187000.0,1315000.0,1296000.0,58457000.0,1191000.0,3.58,71.2,0.0808,50,2,170,0.552,0.754,Enquiry & Award (Sec 23),0,normal
BS-PARCEL-02863,Tamil Nadu,Coimbatore,4.42,Barren,Residential Zone,760000.0,845000.0,893000.0,7853000.0,802000.0,1.49,34.9,0.1072,7,2,280,0.798,0.737,Compensation Disbursement,0,normal
BS-PARCEL-02864,Gujarat,Bharuch,0.44,Agricultural,Dry Crop,1144000.0,1611000.0,1580000.0,1452000.0,1107000.0,4.68,63.6,0.0314,3,3,121,0.927,0.856,Enquiry & Award (Sec 23),0,normal
BS-PARCEL-02865,Tamil Nadu,Salem,4.38,Non-Agricultural,Irrigated Crop,3259000.0,3555000.0,3729000.0,35152000.0,3296000.0,0.16,94.4,0.087,7,1,96,0.857,0.59,Declaration (Sec 19),0,normal
BS-PARCEL-02866,Gujarat,Bharuch,3.43,Non-Agricultural,Dry Crop,3453000.0,4095000.0,4140000.0,21387000.0,3722000.0,2.39,50.2,0.1029,6,4,285,0.835,0.411,Preliminary Notification (Sec 11),1,moderate_anomaly
BS-PARCEL-02867,Uttar Pradesh,Varanasi,3.45,Non-Agricultural,Dry Crop,3574000.0,4511000.0,4260000.0,222362000.0,3302000.0,0.74,63.8,-0.0018,5,5,270,0.314,0.739,Declaration (Sec 19),1,strong_anomaly
BS-PARCEL-02868,Tamil Nadu,Kanchipuram,4.09,Non-Agricultural,Commercial Hub,2175000.0,2817000.0,2939000.0,22645000.0,1977000.0,5.07,40.5,0.1267,12,6,231,0.897,0.733,Compensation Disbursement,0,normal
BS-PARCEL-02869,Uttar Pradesh,Gorakhpur,3.24,Non-Agricultural,Dry Crop,3400000.0,4380000.0,4518000.0,35596000.0,3712000.0,1.29,43.4,0.03,8,2,353,0.742,0.587,Declaration (Sec 19),0,normal
BS-PARCEL-02870,Tamil Nadu,Salem,3.17,Industrial,Irrigated Crop,4024000.0,5491000.0,5585000.0,38977000.0,3465000.0,1.39,50.0,0.0884,5,4,409,0.776,0.694,Compensation Disbursement,0,normal
BS-PARCEL-02871,Uttar Pradesh,Agra,5.59,Non-Agricultural,Commercial Hub,3273000.0,4185000.0,4243000.0,51145000.0,2930000.0,1.5,42.9,0.1515,14,3,315,0.832,0.515,Possession Handover,0,normal
BS-PARCEL-02872,Maharashtra,Nagpur,2.09,Agricultural,Dry Crop,1168000.0,1624000.0,1569000.0,7185000.0,997000.0,2.28,53.9,0.1182,4,1,97,0.755,0.749,Rehabilitation Scheme (Sec 16),0,normal
BS-PARCEL-02873,Karnataka,Bengaluru Rural,1.48,Agricultural,Irrigated Crop,1410000.0,1528000.0,1476000.0,5027000.0,1433000.0,2.14,96.3,0.0204,0,1,271,0.903,0.532,Enquiry & Award (Sec 23),0,normal
BS-PARCEL-02874,Odisha,Cuttack,43.39,Non-Agricultural,Dry Crop,2459000.0,3427000.0,3233000.0,288176000.0,2533000.0,1.59,64.4,0.0729,88,4,192,0.861,0.521,Declaration (Sec 19),0,normal
BS-PARCEL-02875,Gujarat,Surat,1.81,Agricultural,Infrastructure Corridor,1364000.0,1754000.0,1681000.0,8142000.0,1377000.0,0.56,79.1,0.1293,2,7,118,0.917,0.666,Declaration (Sec 19),0,normal
BS-PARCEL-02876,Uttar Pradesh,Agra,3.62,Agricultural,Commercial Hub,990000.0,1128000.0,1106000.0,9603000.0,965000.0,2.44,84.6,0.0473,5,2,98,0.919,0.775,SIA Survey (Sec 4),0,normal
BS-PARCEL-02877,Maharashtra,Pune,0.93,Non-Agricultural,Irrigated Crop,2385000.0,3437000.0,3454000.0,2517000.0,2406000.0,0.52,45.0,0.0656,1,31,209,0.851,0.739,SIA Survey (Sec 4),1,strong_anomaly
BS-PARCEL-02878,Odisha,Sambalpur,3.67,Agricultural,Commercial Hub,1342000.0,1914000.0,1829000.0,15812000.0,1219000.0,3.73,50.0,0.0645,10,1,269,0.847,0.582,SIA Survey (Sec 4),0,normal
BS-PARCEL-02879,Tamil Nadu,Kanchipuram,1.5,Commercial,Irrigated Crop,6188000.0,8591000.0,8650000.0,32810000.0,6794000.0,1.6,78.8,0.1028,2,2,331,0.948,0.653,Declaration (Sec 19),0,normal
BS-PARCEL-02880,Uttar Pradesh,Gorakhpur,2.28,Non-Agricultural,Dry Crop,3282000.0,4643000.0,4511000.0,21988000.0,3755000.0,0.26,53.6,0.0185,4,1,254,0.737,0.76,Preliminary Notification (Sec 11),0,normal
BS-PARCEL-02881,Gujarat,Bharuch,8.07,Non-Agricultural,Dry Crop,3251000.0,3910000.0,3795000.0,219482000.0,3291000.0,3.47,77.6,0.105,13,40,899,0.423,0.158,Rehabilitation Scheme (Sec 16),1,strong_anomaly
BS-PARCEL-02882,Maharashtra,Nagpur,4.96,Non-Agricultural,Irrigated Crop,3144000.0,3588000.0,3781000.0,38877000.0,3025000.0,3.18,95.2,0.0551,4,1,157,0.691,0.426,Declaration (Sec 19),0,normal
BS-PARCEL-02883,Maharashtra,Pune,5.38,Industrial,Irrigated Crop,5704000.0,6407000.0,6786000.0,87695000.0,6203000.0,0.42,38.8,0.0795,10,2,203,0.762,0.701,Rehabilitation Scheme (Sec 16),0,normal
BS-PARCEL-02884,Tamil Nadu,Salem,0.74,Non-Agricultural,Infrastructure Corridor,3434000.0,4806000.0,4986000.0,7911000.0,3118000.0,1.02,58.6,0.071,1,4,15,0.529,0.668,Compensation Disbursement,0,normal
BS-PARCEL-02885,Karnataka,Mysuru,15.82,Barren,Irrigated Crop,843000.0,1164000.0,1102000.0,44276000.0,798000.0,1.94,61.4,0.104,20,2,242,0.639,0.861,Rehabilitation Scheme (Sec 16),0,normal
BS-PARCEL-02886,Maharashtra,Thane,1.21,Agricultural,Residential Zone,958000.0,1382000.0,1420000.0,7166000.0,1084000.0,4.24,55.5,0.0792,0,36,992,0.302,0.172,Preliminary Notification (Sec 11),1,strong_anomaly
BS-PARCEL-02887,Karnataka,Mysuru,12.17,Non-Agricultural,Dry Crop,3060000.0,4251000.0,4087000.0,117807000.0,2772000.0,2.96,54.1,0.1376,29,4,390,0.866,0.809,Possession Handover,0,normal
BS-PARCEL-02888,Gujarat,Ahmedabad,7.91,Non-Agricultural,Dry Crop,3358000.0,4375000.0,4411000.0,81141000.0,2967000.0,12.27,56.1,0.1196,13,1,175,0.879,0.962,Compensation Disbursement,0,normal
BS-PARCEL-02889,Uttar Pradesh,Lucknow,5.42,Agricultural,Irrigated Crop,1056000.0,1169000.0,1224000.0,15756000.0,1071000.0,0.82,64.7,0.0482,6,18,573,0.916,0.644,Enquiry & Award (Sec 23),1,moderate_anomaly
BS-PARCEL-02890,Madhya Pradesh,Jabalpur,1.61,Agricultural,Irrigated Crop,1090000.0,1216000.0,1199000.0,4711000.0,1119000.0,4.3,68.0,0.1346,1,4,127,0.83,0.528,Enquiry & Award (Sec 23),0,normal
BS-PARCEL-02891,Maharashtra,Nagpur,3.78,Non-Agricultural,Irrigated Crop,2549000.0,3159000.0,3322000.0,71550000.0,2623000.0,0.44,82.2,0.0928,4,49,765,0.518,0.298,Preliminary Notification (Sec 11),1,strong_anomaly
BS-PARCEL-02892,Maharashtra,Aurangabad,2.22,Agricultural,Dry Crop,1312000.0,1781000.0,1826000.0,8587000.0,1180000.0,0.89,64.5,0.0868,3,3,339,0.51,0.543,Enquiry & Award (Sec 23),0,normal
BS-PARCEL-02893,Odisha,Khordha,3.4,Industrial,Infrastructure Corridor,4655000.0,5210000.0,5086000.0,79422000.0,4964000.0,0.73,85.1,0.1139,9,1,304,0.625,0.662,SIA Survey (Sec 4),1,moderate_anomaly
BS-PARCEL-02894,Karnataka,Bengaluru Rural,2.68,Agricultural,Residential Zone,1380000.0,1954000.0,1859000.0,11717000.0,1273000.0,0.15,54.3,0.0384,5,5,186,0.529,0.374,Declaration (Sec 19),0,normal
BS-PARCEL-02895,Uttar Pradesh,Agra,0.59,Agricultural,Irrigated Crop,1339000.0,1772000.0,1839000.0,2078000.0,1519000.0,1.07,43.4,0.0248,1,3,155,0.861,0.589,SIA Survey (Sec 4),0,normal
BS-PARCEL-02896,Tamil Nadu,Salem,8.62,Non-Agricultural,Irrigated Crop,3204000.0,3764000.0,3745000.0,84310000.0,2943000.0,2.79,59.5,0.081,12,5,139,0.796,0.621,Enquiry & Award (Sec 23),0,normal
BS-PARCEL-02897,Karnataka,Mysuru,3.1,Agricultural,Irrigated Crop,1082000.0,1519000.0,1441000.0,10748000.0,925000.0,1.65,73.3,0.0557,7,3,72,0.877,0.973,SIA Survey (Sec 4),0,normal
BS-PARCEL-02898,Odisha,Sambalpur,2.2,Agricultural,Infrastructure Corridor,1453000.0,1874000.0,1785000.0,9528000.0,1483000.0,2.21,80.5,0.1629,1,0,231,0.883,0.454,SIA Survey (Sec 4),0,normal
BS-PARCEL-02899,Tamil Nadu,Kanchipuram,2.06,Non-Agricultural,Irrigated Crop,3216000.0,4320000.0,4562000.0,24624000.0,2929000.0,3.0,91.3,0.0494,6,2,152,0.728,0.567,Preliminary Notification (Sec 11),0,normal
BS-PARCEL-02900,Gujarat,Vadodara,4.5,Agricultural,Irrigated Crop,994000.0,1197000.0,1160000.0,10994000.0,1032000.0,0.67,70.2,0.0816,7,1,222,0.908,0.56,Enquiry & Award (Sec 23),0,normal
BS-PARCEL-02901,Madhya Pradesh,Indore,1.55,Agricultural,Dry Crop,1044000.0,1261000.0,1332000.0,4664000.0,959000.0,2.67,78.6,0.0877,1,3,198,0.851,0.892,SIA Survey (Sec 4),0,normal
BS-PARCEL-02902,Madhya Pradesh,Bhopal,0.49,Non-Agricultural,Dry Crop,2606000.0,2749000.0,2809000.0,2740000.0,2550000.0,3.61,89.6,0.1293,2,4,61,0.816,0.594,Declaration (Sec 19),0,normal
BS-PARCEL-02903,Tamil Nadu,Coimbatore,4.69,Non-Agricultural,Irrigated Crop,3673000.0,4647000.0,4536000.0,54520000.0,3320000.0,5.09,51.0,0.0402,7,1,296,0.774,0.778,Rehabilitation Scheme (Sec 16),0,normal
BS-PARCEL-02904,Maharashtra,Aurangabad,5.16,Commercial,Dry Crop,6148000.0,8326000.0,8210000.0,110349000.0,6017000.0,0.45,61.2,0.0155,10,2,190,0.745,0.607,Enquiry & Award (Sec 23),0,normal
BS-PARCEL-02905,Gujarat,Surat,2.8,Agricultural,Irrigated Crop,914000.0,1314000.0,1358000.0,8177000.0,814000.0,3.66,99.0,0.1358,5,2,274,0.921,0.652,SIA Survey (Sec 4),0,normal
BS-PARCEL-02906,Maharashtra,Aurangabad,1.25,Agricultural,Irrigated Crop,1002000.0,1410000.0,1399000.0,3499000.0,953000.0,4.92,80.4,0.0832,3,2,51,0.768,0.599,Possession Handover,0,normal
BS-PARCEL-02907,Gujarat,Surat,3.58,Barren,Irrigated Crop,500000.0,542000.0,514000.0,4199000.0,455000.0,1.74,74.2,0.1124,8,6,95,0.77,0.588,Rehabilitation Scheme (Sec 16),0,normal
BS-PARCEL-02908,Maharashtra,Nagpur,0.96,Non-Agricultural,Irrigated Crop,2777000.0,4005000.0,3875000.0,9268000.0,3040000.0,1.54,81.1,0.1143,1,2,136,0.407,0.812,Preliminary Notification (Sec 11),0,normal
BS-PARCEL-02909,Uttar Pradesh,Lucknow,1.39,Agricultural,Infrastructure Corridor,1474000.0,1636000.0,1707000.0,6283000.0,1575000.0,0.41,41.0,0.1212,2,1,206,0.876,0.543,SIA Survey (Sec 4),0,normal
BS-PARCEL-02910,Odisha,Sambalpur,1.75,Commercial,Dry Crop,6632000.0,7073000.0,7240000.0,28593000.0,5969000.0,2.29,53.4,0.0649,4,5,168,0.819,0.515,Preliminary Notification (Sec 11),0,normal
BS-PARCEL-02911,Uttar Pradesh,Varanasi,6.8,Agricultural,Commercial Hub,1504000.0,2030000.0,2030000.0,33506000.0,1316000.0,2.47,46.8,0.054,11,5,330,0.543,0.682,Declaration (Sec 19),0,normal
BS-PARCEL-02912,Odisha,Jharsuguda,2.44,Commercial,Irrigated Crop,5060000.0,7147000.0,6929000.0,43943000.0,4340000.0,0.87,72.5,0.0001,7,3,293,0.886,0.392,SIA Survey (Sec 4),0,normal
BS-PARCEL-02913,Uttar Pradesh,Lucknow,2.27,Non-Agricultural,Commercial Hub,2889000.0,4131000.0,4118000.0,21578000.0,2652000.0,2.82,58.4,0.0402,5,1,99,0.884,0.388,Compensation Disbursement,0,normal
BS-PARCEL-02914,Tamil Nadu,Salem,17.49,Barren,Infrastructure Corridor,794000.0,1096000.0,1134000.0,49341000.0,789000.0,1.25,66.7,0.0825,36,5,504,0.556,0.487,Declaration (Sec 19),0,normal
BS-PARCEL-02915,Gujarat,Surat,4.48,Barren,Irrigated Crop,751000.0,850000.0,807000.0,8579000.0,728000.0,1.31,59.4,0.0519,6,2,170,0.968,0.845,SIA Survey (Sec 4),0,normal
BS-PARCEL-02916,Madhya Pradesh,Indore,4.43,Agricultural,Infrastructure Corridor,1514000.0,1683000.0,1783000.0,36176000.0,1728000.0,1.59,35.7,0.0344,4,2,322,0.838,0.521,Declaration (Sec 19),1,moderate_anomaly
BS-PARCEL-02917,Maharashtra,Nashik,2.42,Commercial,Dry Crop,5943000.0,6380000.0,6655000.0,37050000.0,6464000.0,0.74,80.9,0.082,7,4,148,0.878,0.615,SIA Survey (Sec 4),0,normal
BS-PARCEL-02918,Madhya Pradesh,Bhopal,2.0,Agricultural,Commercial Hub,1261000.0,1618000.0,1583000.0,34681000.0,1101000.0,3.39,33.3,0.1337,4,1,248,0.328,0.764,SIA Survey (Sec 4),1,strong_anomaly
BS-PARCEL-02919,Madhya Pradesh,Jabalpur,0.52,Non-Agricultural,Irrigated Crop,3237000.0,4030000.0,4209000.0,4726000.0,2906000.0,0.23,51.9,0.0778,2,1,284,0.775,0.563,Rehabilitation Scheme (Sec 16),0,normal
BS-PARCEL-02920,Madhya Pradesh,Bhopal,7.56,Non-Agricultural,Dry Crop,2383000.0,2606000.0,2663000.0,48362000.0,2045000.0,1.1,41.3,0.0347,14,3,14,0.87,0.498,Preliminary Notification (Sec 11),0,normal
BS-PARCEL-02921,Gujarat,Vadodara,4.86,Agricultural,Dry Crop,1487000.0,1838000.0,1875000.0,17331000.0,1326000.0,0.92,49.2,0.1309,5,2,372,0.891,0.807,SIA Survey (Sec 4),0,normal
BS-PARCEL-02922,Madhya Pradesh,Gwalior,2.85,Agricultural,Infrastructure Corridor,1124000.0,1435000.0,1373000.0,9391000.0,1134000.0,4.4,68.6,0.049,8,8,94,0.925,0.899,Possession Handover,0,normal
BS-PARCEL-02923,Tamil Nadu,Madurai,2.95,Agricultural,Infrastructure Corridor,967000.0,1295000.0,1358000.0,9621000.0,844000.0,3.85,87.2,0.1392,3,4,141,0.906,0.544,Enquiry & Award (Sec 23),0,normal
BS-PARCEL-02924,Madhya Pradesh,Indore,6.21,Agricultural,Irrigated Crop,1451000.0,1764000.0,1753000.0,24020000.0,1259000.0,0.1,36.9,0.0695,11,1,113,0.842,0.461,Possession Handover,0,normal
BS-PARCEL-02925,Gujarat,Surat,0.89,Agricultural,Infrastructure Corridor,1408000.0,1658000.0,1718000.0,4055000.0,1247000.0,0.39,55.0,0.0841,0,13,701,0.843,0.847,SIA Survey (Sec 4),1,moderate_anomaly
BS-PARCEL-02926,Uttar Pradesh,Gorakhpur,2.01,Industrial,Residential Zone,6145000.0,8088000.0,7893000.0,39587000.0,6457000.0,4.21,33.5,0.1424,2,4,122,0.751,0.772,Compensation Disbursement,0,normal
BS-PARCEL-02927,Gujarat,Surat,1.26,Agricultural,Dry Crop,1542000.0,2041000.0,1994000.0,4891000.0,1320000.0,0.52,54.1,0.0259,2,1,48,0.761,0.693,Rehabilitation Scheme (Sec 16),0,normal
BS-PARCEL-02928,Uttar Pradesh,Agra,14.97,Commercial,Irrigated Crop,5961000.0,6904000.0,7289000.0,247768000.0,6801000.0,0.21,66.3,0.038,17,2,263,0.977,0.748,Preliminary Notification (Sec 11),0,normal
BS-PARCEL-02929,Maharashtra,Thane,6.99,Commercial,Irrigated Crop,7376000.0,7803000.0,7800000.0,122578000.0,7112000.0,0.39,78.8,0.0669,13,0,192,0.777,0.671,Compensation Disbursement,0,normal
BS-PARCEL-02930,Odisha,Cuttack,0.51,Non-Agricultural,Irrigated Crop,3779000.0,5397000.0,5112000.0,6477000.0,3594000.0,3.91,26.9,0.0744,1,3,164,0.839,0.267,Preliminary Notification (Sec 11),0,normal
BS-PARCEL-02931,Uttar Pradesh,Gorakhpur,0.92,Agricultural,Irrigated Crop,1076000.0,1455000.0,1514000.0,2892000.0,1068000.0,0.34,74.9,0.1857,2,1,291,0.824,0.44,Rehabilitation Scheme (Sec 16),0,normal
BS-PARCEL-02932,Madhya Pradesh,Bhopal,2.97,Commercial,Infrastructure Corridor,6719000.0,7595000.0,7346000.0,55971000.0,6755000.0,1.38,47.5,0.0445,2,18,730,0.514,0.897,Compensation Disbursement,1,moderate_anomaly
BS-PARCEL-02933,Tamil Nadu,Madurai,2.22,Non-Agricultural,Irrigated Crop,3629000.0,4632000.0,4843000.0,23790000.0,3542000.0,0.29,43.1,0.0278,2,4,10,0.813,0.636,Declaration (Sec 19),0,normal
BS-PARCEL-02934,Odisha,Khordha,1.08,Non-Agricultural,Dry Crop,2273000.0,2928000.0,3074000.0,6236000.0,2264000.0,0.93,66.2,0.0426,3,0,358,0.942,0.831,Declaration (Sec 19),0,normal
BS-PARCEL-02935,Maharashtra,Nashik,17.34,Industrial,Dry Crop,6273000.0,6903000.0,6549000.0,244523000.0,5971000.0,4.0,76.3,0.0893,34,2,177,0.724,0.678,Rehabilitation Scheme (Sec 16),0,normal
BS-PARCEL-02936,Maharashtra,Aurangabad,4.33,Non-Agricultural,Dry Crop,2920000.0,3290000.0,3323000.0,34762000.0,2764000.0,4.17,63.2,0.0997,6,4,31,0.853,0.859,Preliminary Notification (Sec 11),0,normal
BS-PARCEL-02937,Gujarat,Vadodara,4.97,Agricultural,Irrigated Crop,1543000.0,2211000.0,2339000.0,24966000.0,1324000.0,0.33,45.3,0.0517,15,3,225,0.987,0.607,Possession Handover,0,normal
BS-PARCEL-02938,Madhya Pradesh,Gwalior,1.84,Industrial,Dry Crop,5390000.0,6755000.0,7104000.0,25340000.0,5668000.0,0.33,63.2,0.0808,5,3,167,0.839,0.454,SIA Survey (Sec 4),0,normal
BS-PARCEL-02939,Odisha,Sambalpur,6.13,Agricultural,Dry Crop,1383000.0,1558000.0,1563000.0,25877000.0,1432000.0,0.91,51.9,0.1578,8,19,478,0.712,0.932,SIA Survey (Sec 4),1,moderate_anomaly
BS-PARCEL-02940,Maharashtra,Pune,2.4,Commercial,Dry Crop,7890000.0,10802000.0,11036000.0,31305000.0,8290000.0,0.98,75.9,0.0814,4,0,195,0.909,0.566,SIA Survey (Sec 4),1,moderate_anomaly
BS-PARCEL-02941,Maharashtra,Pune,2.61,Agricultural,Irrigated Crop,948000.0,1174000.0,1189000.0,6776000.0,1073000.0,1.95,84.4,0.0928,2,5,219,0.816,0.249,Possession Handover,0,normal
BS-PARCEL-02942,Maharashtra,Pune,5.58,Agricultural,Commercial Hub,1352000.0,1765000.0,1702000.0,23168000.0,1341000.0,1.44,83.2,0.1556,7,0,132,0.582,0.613,Enquiry & Award (Sec 23),0,normal
BS-PARCEL-02943,Odisha,Jharsuguda,0.83,Agricultural,Irrigated Crop,1565000.0,1829000.0,1863000.0,3989000.0,1744000.0,0.1,64.6,0.0521,3,7,66,0.876,0.787,Declaration (Sec 19),0,normal
BS-PARCEL-02944,Uttar Pradesh,Agra,12.9,Agricultural,Dry Crop,1588000.0,1704000.0,1670000.0,41928000.0,1561000.0,6.39,85.2,0.0495,21,3,261,0.58,0.606,Possession Handover,0,normal
BS-PARCEL-02945,Gujarat,Vadodara,3.88,Barren,Dry Crop,865000.0,965000.0,946000.0,7331000.0,859000.0,0.7,46.6,0.0612,3,2,122,0.85,0.615,Preliminary Notification (Sec 11),0,normal
BS-PARCEL-02946,Uttar Pradesh,Agra,9.86,Agricultural,Irrigated Crop,1365000.0,1965000.0,1946000.0,41194000.0,1419000.0,0.42,97.1,0.0589,19,1,224,0.822,0.727,Compensation Disbursement,0,normal
BS-PARCEL-02947,Maharashtra,Pune,1.33,Non-Agricultural,Residential Zone,3164000.0,4111000.0,4285000.0,13484000.0,2894000.0,0.32,46.5,0.0072,2,1,343,0.964,0.63,Preliminary Notification (Sec 11),0,normal
BS-PARCEL-02948,Odisha,Khordha,1.51,Agricultural,Irrigated Crop,1298000.0,1794000.0,1738000.0,5528000.0,1188000.0,1.29,28.5,0.0855,3,2,162,0.951,0.63,Rehabilitation Scheme (Sec 16),0,normal
BS-PARCEL-02949,Uttar Pradesh,Agra,1.24,Barren,Infrastructure Corridor,724000.0,766000.0,743000.0,8291000.0,726000.0,0.77,89.6,0.0887,7,2,257,0.373,0.661,Preliminary Notification (Sec 11),1,strong_anomaly
BS-PARCEL-02950,Gujarat,Bharuch,4.11,Agricultural,Residential Zone,1341000.0,1819000.0,1711000.0,18266000.0,1167000.0,0.45,52.2,0.0726,5,6,176,0.773,0.51,Possession Handover,0,normal
BS-PARCEL-02951,Odisha,Cuttack,3.51,Agricultural,Irrigated Crop,931000.0,1158000.0,1110000.0,9062000.0,857000.0,3.42,67.1,0.0899,7,0,139,0.84,0.734,Possession Handover,0,normal
BS-PARCEL-02952,Karnataka,Mysuru,2.24,Agricultural,Irrigated Crop,964000.0,1269000.0,1342000.0,6435000.0,1049000.0,0.79,46.4,0.0903,5,5,10,0.721,0.795,Declaration (Sec 19),0,normal
BS-PARCEL-02953,Uttar Pradesh,Agra,1.4,Non-Agricultural,Irrigated Crop,3141000.0,3748000.0,3718000.0,11437000.0,3107000.0,0.15,99.0,0.0274,2,3,175,0.86,0.527,SIA Survey (Sec 4),0,normal
BS-PARCEL-02954,Madhya Pradesh,Jabalpur,1.13,Barren,Infrastructure Corridor,610000.0,792000.0,763000.0,1837000.0,523000.0,3.01,97.8,0.0915,3,4,161,0.689,0.674,SIA Survey (Sec 4),0,normal
BS-PARCEL-02955,Odisha,Jharsuguda,3.19,Barren,Dry Crop,605000.0,644000.0,680000.0,10311000.0,525000.0,1.08,92.8,0.1023,6,3,84,0.888,0.677,Rehabilitation Scheme (Sec 16),1,moderate_anomaly
BS-PARCEL-02956,Gujarat,Ahmedabad,2.24,Agricultural,Irrigated Crop,1039000.0,1110000.0,1047000.0,12081000.0,1170000.0,0.88,66.6,0.0161,3,3,10,0.875,0.813,Rehabilitation Scheme (Sec 16),1,moderate_anomaly
BS-PARCEL-02957,Madhya Pradesh,Jabalpur,1.85,Agricultural,Dry Crop,1477000.0,2023000.0,2019000.0,9393000.0,1679000.0,1.68,82.7,0.1385,1,1,10,0.946,0.837,Preliminary Notification (Sec 11),0,normal
BS-PARCEL-02958,Madhya Pradesh,Bhopal,12.37,Agricultural,Irrigated Crop,1594000.0,1753000.0,1817000.0,59739000.0,1661000.0,0.1,64.0,0.0306,22,3,376,0.551,0.526,Enquiry & Award (Sec 23),0,normal
BS-PARCEL-02959,Karnataka,Bengaluru Rural,3.1,Agricultural,Dry Crop,1352000.0,1427000.0,1474000.0,9067000.0,1224000.0,0.1,85.2,0.0345,9,4,184,0.652,0.526,Declaration (Sec 19),0,normal
BS-PARCEL-02960,Maharashtra,Thane,9.77,Non-Agricultural,Dry Crop,3688000.0,5218000.0,5023000.0,127015000.0,3542000.0,1.39,57.6,0.0881,24,1,22,0.693,0.696,Possession Handover,0,normal
BS-PARCEL-02961,Tamil Nadu,Kanchipuram,2.11,Agricultural,Irrigated Crop,1536000.0,1776000.0,1820000.0,22167000.0,1446000.0,2.47,93.5,0.1014,4,34,992,0.289,0.16,Declaration (Sec 19),1,strong_anomaly
BS-PARCEL-02962,Odisha,Sambalpur,4.09,Non-Agricultural,Residential Zone,2466000.0,3164000.0,3210000.0,31513000.0,2677000.0,0.1,56.7,0.1111,7,4,181,0.863,0.591,Rehabilitation Scheme (Sec 16),0,normal
BS-PARCEL-02963,Uttar Pradesh,Agra,3.17,Industrial,Irrigated Crop,4042000.0,5600000.0,5718000.0,45634000.0,4087000.0,0.51,58.7,0.1024,5,3,229,0.812,0.528,Declaration (Sec 19),0,normal
BS-PARCEL-02964,Tamil Nadu,Salem,0.78,Agricultural,Dry Crop,1052000.0,1418000.0,1378000.0,2582000.0,1140000.0,3.91,56.6,0.0592,1,5,154,0.935,0.539,SIA Survey (Sec 4),0,normal
BS-PARCEL-02965,Tamil Nadu,Coimbatore,11.18,Agricultural,Dry Crop,969000.0,1036000.0,1075000.0,27977000.0,928000.0,3.83,68.5,0.0843,22,3,402,0.949,0.784,Declaration (Sec 19),0,normal
BS-PARCEL-02966,Tamil Nadu,Kanchipuram,2.96,Agricultural,Infrastructure Corridor,1320000.0,1682000.0,1694000.0,10441000.0,1466000.0,1.92,58.0,0.0673,8,1,407,0.834,0.771,Enquiry & Award (Sec 23),0,normal
BS-PARCEL-02967,Gujarat,Bharuch,6.26,Agricultural,Dry Crop,1104000.0,1398000.0,1436000.0,23587000.0,1081000.0,2.08,73.8,0.087,15,1,222,0.758,0.563,SIA Survey (Sec 4),0,normal
BS-PARCEL-02968,Madhya Pradesh,Gwalior,1.75,Agricultural,Infrastructure Corridor,1557000.0,1853000.0,1951000.0,7583000.0,1518000.0,6.81,56.3,0.0827,4,5,139,0.661,0.641,Rehabilitation Scheme (Sec 16),0,normal
BS-PARCEL-02969,Tamil Nadu,Madurai,2.89,Non-Agricultural,Irrigated Crop,3131000.0,4231000.0,4411000.0,31444000.0,3121000.0,0.32,79.2,0.0598,2,13,493,0.909,0.85,Compensation Disbursement,1,moderate_anomaly
BS-PARCEL-02970,Maharashtra,Thane,1.59,Agricultural,Residential Zone,1159000.0,1664000.0,1720000.0,5858000.0,1191000.0,1.72,92.3,0.0661,0,4,33,0.858,0.666,Declaration (Sec 19),0,normal
BS-PARCEL-02971,Tamil Nadu,Coimbatore,9.49,Non-Agricultural,Irrigated Crop,3754000.0,4163000.0,4058000.0,209530000.0,4198000.0,1.58,66.4,0.0059,18,1,289,0.93,0.556,Declaration (Sec 19),1,moderate_anomaly
BS-PARCEL-02972,Odisha,Cuttack,4.33,Industrial,Commercial Hub,6345000.0,7031000.0,6655000.0,74735000.0,6265000.0,0.46,99.0,0.1132,6,2,198,0.858,0.628,Enquiry & Award (Sec 23),0,normal
BS-PARCEL-02973,Karnataka,Mysuru,4.54,Industrial,Irrigated Crop,5842000.0,7851000.0,7921000.0,49181000.0,6596000.0,1.55,85.3,0.0919,10,1,47,0.851,0.9,Declaration (Sec 19),1,moderate_anomaly
BS-PARCEL-02974,Gujarat,Ahmedabad,10.53,Non-Agricultural,Infrastructure Corridor,3430000.0,4225000.0,3989000.0,104842000.0,3321000.0,2.22,99.0,-0.0123,18,2,115,0.813,0.782,Preliminary Notification (Sec 11),0,normal
BS-PARCEL-02975,Madhya Pradesh,Gwalior,8.87,Agricultural,Infrastructure Corridor,1604000.0,2194000.0,2250000.0,43361000.0,1520000.0,0.38,63.9,0.1117,24,0,243,0.84,0.408,Compensation Disbursement,0,normal
BS-PARCEL-02976,Uttar Pradesh,Lucknow,6.36,Agricultural,Dry Crop,1332000.0,1474000.0,1516000.0,12959000.0,1250000.0,0.33,35.1,0.0779,13,1,10,0.832,0.796,Possession Handover,1,moderate_anomaly
BS-PARCEL-02977,Odisha,Cuttack,0.99,Agricultural,Dry Crop,1534000.0,1635000.0,1647000.0,3435000.0,1314000.0,4.61,52.3,0.0425,0,1,81,0.761,0.482,Preliminary Notification (Sec 11),0,normal
BS-PARCEL-02978,Gujarat,Surat,1.84,Barren,Dry Crop,513000.0,682000.0,655000.0,2607000.0,567000.0,0.5,54.1,0.039,1,2,128,0.877,0.75,Preliminary Notification (Sec 11),0,normal
BS-PARCEL-02979,Uttar Pradesh,Gorakhpur,1.41,Barren,Irrigated Crop,704000.0,1019000.0,1065000.0,3142000.0,615000.0,1.37,47.8,0.0525,1,3,287,0.841,0.574,Enquiry & Award (Sec 23),0,normal
BS-PARCEL-02980,Tamil Nadu,Salem,6.16,Agricultural,Dry Crop,1262000.0,1373000.0,1389000.0,18869000.0,1199000.0,0.2,25.5,0.0427,11,3,368,0.884,0.546,Declaration (Sec 19),0,normal
BS-PARCEL-02981,Karnataka,Mysuru,3.84,Agricultural,Dry Crop,927000.0,1294000.0,1296000.0,12004000.0,858000.0,1.12,83.4,0.0481,4,2,221,0.911,0.575,Rehabilitation Scheme (Sec 16),0,normal
BS-PARCEL-02982,Karnataka,Mysuru,1.02,Agricultural,Dry Crop,963000.0,1160000.0,1169000.0,2357000.0,1034000.0,2.08,31.5,0.148,1,6,10,0.803,0.947,Declaration (Sec 19),0,normal
BS-PARCEL-02983,Uttar Pradesh,Gorakhpur,2.83,Agricultural,Irrigated Crop,916000.0,968000.0,920000.0,6865000.0,1035000.0,0.33,81.7,0.0948,4,2,57,0.831,0.469,Enquiry & Award (Sec 23),0,normal
BS-PARCEL-02984,Tamil Nadu,Kanchipuram,0.93,Barren,Infrastructure Corridor,602000.0,755000.0,777000.0,1624000.0,659000.0,0.2,99.0,0.1614,2,2,564,0.802,0.715,Declaration (Sec 19),0,normal
BS-PARCEL-02985,Karnataka,Mysuru,3.17,Agricultural,Irrigated Crop,939000.0,1091000.0,1033000.0,2222000.0,888000.0,2.27,51.0,0.089,8,27,197,0.93,0.488,Preliminary Notification (Sec 11),1,strong_anomaly
BS-PARCEL-02986,Tamil Nadu,Coimbatore,0.81,Agricultural,Dry Crop,1205000.0,1599000.0,1614000.0,3042000.0,1189000.0,2.84,72.0,0.1032,0,1,10,0.78,0.881,Preliminary Notification (Sec 11),0,normal
BS-PARCEL-02987,Tamil Nadu,Salem,5.2,Agricultural,Irrigated Crop,1485000.0,1730000.0,1661000.0,19446000.0,1372000.0,1.72,57.8,0.0448,9,1,441,0.82,0.672,Rehabilitation Scheme (Sec 16),0,normal
BS-PARCEL-02988,Maharashtra,Pune,4.58,Agricultural,Irrigated Crop,1342000.0,1668000.0,1609000.0,14486000.0,1513000.0,4.58,79.9,0.0733,7,3,33,0.85,0.183,Possession Handover,0,normal
BS-PARCEL-02989,Maharashtra,Thane,16.81,Agricultural,Irrigated Crop,1385000.0,1565000.0,1515000.0,15128000.0,1227000.0,1.3,43.5,0.0767,39,37,243,0.889,0.921,Declaration (Sec 19),1,strong_anomaly
BS-PARCEL-02990,Odisha,Sambalpur,6.83,Commercial,Irrigated Crop,4998000.0,6903000.0,6501000.0,115428000.0,5676000.0,1.98,62.6,0.1048,9,0,53,0.862,0.746,Rehabilitation Scheme (Sec 16),0,normal
BS-PARCEL-02991,Madhya Pradesh,Bhopal,2.32,Agricultural,Dry Crop,1504000.0,2136000.0,2236000.0,10333000.0,1646000.0,0.56,85.2,0.078,5,3,422,0.808,0.716,Possession Handover,0,normal
BS-PARCEL-02992,Madhya Pradesh,Bhopal,6.65,Non-Agricultural,Dry Crop,2346000.0,2842000.0,2946000.0,42180000.0,2495000.0,0.4,64.1,0.0941,10,4,24,0.565,0.522,Rehabilitation Scheme (Sec 16),0,normal
BS-PARCEL-02993,Gujarat,Vadodara,1.01,Agricultural,Dry Crop,1118000.0,1375000.0,1298000.0,3326000.0,1210000.0,2.73,35.7,0.0926,1,1,115,0.925,0.487,Declaration (Sec 19),0,normal
BS-PARCEL-02994,Karnataka,Mysuru,1.47,Agricultural,Dry Crop,1272000.0,1836000.0,1738000.0,5358000.0,1211000.0,0.89,87.3,0.0679,1,3,295,0.932,0.684,Preliminary Notification (Sec 11),0,normal
BS-PARCEL-02995,Tamil Nadu,Coimbatore,4.41,Agricultural,Irrigated Crop,1570000.0,1738000.0,1797000.0,17329000.0,1474000.0,0.24,41.7,0.0638,2,1,119,0.399,0.444,Enquiry & Award (Sec 23),0,normal
BS-PARCEL-02996,Uttar Pradesh,Prayagraj,0.53,Agricultural,Irrigated Crop,1619000.0,2224000.0,2092000.0,2943000.0,1561000.0,0.71,66.4,0.0532,2,2,233,0.937,0.742,Enquiry & Award (Sec 23),0,normal
BS-PARCEL-02997,Madhya Pradesh,Indore,3.22,Agricultural,Dry Crop,1464000.0,1869000.0,1862000.0,19653000.0,1324000.0,0.84,75.5,0.1233,6,23,546,0.743,0.593,Enquiry & Award (Sec 23),1,moderate_anomaly
BS-PARCEL-02998,Odisha,Sambalpur,1.39,Agricultural,Dry Crop,1425000.0,1998000.0,1904000.0,5724000.0,1530000.0,2.17,67.2,0.0679,1,0,199,0.74,0.828,Rehabilitation Scheme (Sec 16),0,normal
BS-PARCEL-02999,Maharashtra,Pune,3.62,Commercial,Dry Crop,6933000.0,8091000.0,8180000.0,72411000.0,6881000.0,4.44,99.0,0.0932,3,4,57,0.8,0.635,Rehabilitation Scheme (Sec 16),0,normal
BS-PARCEL-03000,Maharashtra,Pune,1.33,Non-Agricultural,Irrigated Crop,3218000.0,3760000.0,3985000.0,25711000.0,3590000.0,0.2,78.2,0.0737,3,38,966,0.529,0.26,SIA Survey (Sec 4),1,strong_anomaly
BS-PARCEL-03001,Odisha,Jharsuguda,4.76,Industrial,Residential Zone,4016000.0,4740000.0,4553000.0,82386000.0,4472000.0,7.19,61.4,0.1225,8,2,137,0.897,0.632,Possession Handover,1,moderate_anomaly
BS-PARCEL-03002,Uttar Pradesh,Agra,3.38,Agricultural,Irrigated Crop,1094000.0,1156000.0,1219000.0,5656000.0,981000.0,5.93,75.8,0.0005,4,0,244,0.814,0.714,Preliminary Notification (Sec 11),1,moderate_anomaly
BS-PARCEL-03003,Gujarat,Bharuch,10.92,Non-Agricultural,Dry Crop,3754000.0,4197000.0,4381000.0,105820000.0,3437000.0,0.83,68.8,0.0921,15,7,269,0.385,0.553,Declaration (Sec 19),0,normal
BS-PARCEL-03004,Madhya Pradesh,Gwalior,3.34,Non-Agricultural,Irrigated Crop,3746000.0,5424000.0,5740000.0,39420000.0,3646000.0,2.84,65.8,0.0298,8,2,202,0.807,0.636,Enquiry & Award (Sec 23),0,normal
BS-PARCEL-03005,Tamil Nadu,Kanchipuram,1.73,Agricultural,Dry Crop,1133000.0,1302000.0,1344000.0,5311000.0,1003000.0,1.46,69.4,0.0956,5,2,257,0.77,0.649,SIA Survey (Sec 4),0,normal
BS-PARCEL-03006,Uttar Pradesh,Lucknow,2.69,Agricultural,Dry Crop,1074000.0,1136000.0,1185000.0,6887000.0,1135000.0,0.4,57.2,0.0741,3,4,10,0.873,0.83,Rehabilitation Scheme (Sec 16),0,normal
BS-PARCEL-03007,Madhya Pradesh,Indore,1.06,Agricultural,Commercial Hub,1065000.0,1237000.0,1251000.0,3012000.0,1141000.0,0.96,68.8,0.0209,0,1,212,0.639,0.715,Preliminary Notification (Sec 11),0,normal
BS-PARCEL-03008,Maharashtra,Nashik,4.69,Commercial,Irrigated Crop,6766000.0,8210000.0,8572000.0,98260000.0,7215000.0,0.29,55.9,0.0935,6,0,172,0.965,0.61,Declaration (Sec 19),0,normal
BS-PARCEL-03009,Tamil Nadu,Coimbatore,5.48,Agricultural,Dry Crop,1061000.0,1347000.0,1284000.0,17384000.0,1052000.0,1.02,30.9,0.089,13,5,234,0.654,0.312,Possession Handover,0,normal
BS-PARCEL-03010,Karnataka,Belagavi,27.08,Agricultural,Irrigated Crop,1367000.0,1473000.0,1516000.0,120019000.0,1508000.0,1.34,85.5,0.0708,49,12,424,0.861,0.675,Rehabilitation Scheme (Sec 16),1,moderate_anomaly
BS-PARCEL-03011,Madhya Pradesh,Indore,1.96,Barren,Dry Crop,517000.0,706000.0,717000.0,2687000.0,533000.0,0.1,54.8,0.0758,1,2,64,0.885,0.718,Possession Handover,0,normal
BS-PARCEL-03012,Gujarat,Vadodara,2.64,Agricultural,Irrigated Crop,975000.0,1346000.0,1275000.0,15311000.0,1119000.0,4.2,67.5,0.0865,1,0,167,0.886,0.745,Preliminary Notification (Sec 11),1,moderate_anomaly
BS-PARCEL-03013,Maharashtra,Nagpur,2.04,Barren,Irrigated Crop,596000.0,677000.0,660000.0,3091000.0,652000.0,1.11,51.3,0.1271,1,5,326,0.882,0.717,Rehabilitation Scheme (Sec 16),0,normal
BS-PARCEL-03014,Odisha,Cuttack,3.98,Commercial,Commercial Hub,7907000.0,10828000.0,10459000.0,105706000.0,8434000.0,1.62,51.9,0.0674,5,1,213,0.749,0.602,Possession Handover,0,normal
BS-PARCEL-03015,Karnataka,Belagavi,4.59,Commercial,Irrigated Crop,6136000.0,7330000.0,7247000.0,63338000.0,5443000.0,1.95,46.3,0.1205,7,2,168,0.66,0.95,Compensation Disbursement,0,normal
BS-PARCEL-03016,Gujarat,Bharuch,3.17,Commercial,Irrigated Crop,6711000.0,8182000.0,7886000.0,62345000.0,7381000.0,3.44,82.1,0.0785,10,3,46,0.628,0.518,Rehabilitation Scheme (Sec 16),0,normal
BS-PARCEL-03017,Gujarat,Surat,8.36,Agricultural,Residential Zone,1373000.0,1956000.0,1903000.0,33887000.0,1293000.0,0.78,86.4,0.1318,16,3,239,0.859,0.386,Enquiry & Award (Sec 23),0,normal
BS-PARCEL-03018,Tamil Nadu,Kanchipuram,1.97,Non-Agricultural,Residential Zone,3425000.0,4818000.0,4700000.0,41755000.0,3342000.0,3.34,65.5,0.0706,3,3,27,0.69,0.572,Compensation Disbursement,1,moderate_anomaly
BS-PARCEL-03019,Tamil Nadu,Salem,7.68,Commercial,Residential Zone,6073000.0,7288000.0,7375000.0,130320000.0,6005000.0,0.81,55.3,0.0533,14,4,160,0.571,0.786,Enquiry & Award (Sec 23),0,normal
BS-PARCEL-03020,Madhya Pradesh,Indore,5.25,Non-Agricultural,Irrigated Crop,3328000.0,4144000.0,3962000.0,49829000.0,3160000.0,2.42,34.5,0.0361,3,3,125,0.774,0.509,Declaration (Sec 19),0,normal
BS-PARCEL-03021,Gujarat,Bharuch,3.29,Agricultural,Dry Crop,1106000.0,1288000.0,1248000.0,11024000.0,976000.0,0.13,79.3,0.0786,6,5,223,0.892,0.789,SIA Survey (Sec 4),0,normal
BS-PARCEL-03022,Karnataka,Tumakuru,2.54,Agricultural,Commercial Hub,1364000.0,1713000.0,1675000.0,11371000.0,1241000.0,3.27,52.8,0.0483,5,2,114,0.923,0.389,Preliminary Notification (Sec 11),0,normal
BS-PARCEL-03023,Karnataka,Tumakuru,26.12,Agricultural,Irrigated Crop,1225000.0,1620000.0,1610000.0,89597000.0,1337000.0,1.26,44.9,0.1362,56,2,143,0.87,0.513,Declaration (Sec 19),0,normal
BS-PARCEL-03024,Karnataka,Belagavi,1.66,Agricultural,Commercial Hub,1567000.0,1703000.0,1609000.0,6265000.0,1639000.0,0.33,65.5,0.0452,0,4,79,0.635,0.764,Declaration (Sec 19),0,normal
BS-PARCEL-03025,Uttar Pradesh,Gorakhpur,4.28,Non-Agricultural,Irrigated Crop,3750000.0,5317000.0,5636000.0,55804000.0,4248000.0,6.75,59.0,0.0524,11,0,152,0.87,0.663,SIA Survey (Sec 4),0,normal
BS-PARCEL-03026,Madhya Pradesh,Indore,1.75,Commercial,Infrastructure Corridor,7894000.0,10559000.0,10306000.0,38876000.0,8654000.0,1.72,37.7,0.1032,2,5,203,0.95,0.872,SIA Survey (Sec 4),0,normal
BS-PARCEL-03027,Karnataka,Bengaluru Rural,15.15,Commercial,Dry Crop,8445000.0,9194000.0,8959000.0,281394000.0,8197000.0,0.98,40.1,0.1274,31,2,141,0.471,0.9,Rehabilitation Scheme (Sec 16),0,normal
BS-PARCEL-03028,Odisha,Khordha,7.06,Non-Agricultural,Dry Crop,2329000.0,3255000.0,3276000.0,63229000.0,2529000.0,1.0,71.1,0.1092,16,16,460,0.87,0.677,Declaration (Sec 19),1,moderate_anomaly
BS-PARCEL-03029,Madhya Pradesh,Indore,1.87,Agricultural,Dry Crop,1371000.0,1847000.0,1925000.0,4772000.0,1402000.0,0.53,53.2,0.1223,2,2,198,0.94,0.623,Rehabilitation Scheme (Sec 16),1,moderate_anomaly
BS-PARCEL-03030,Gujarat,Vadodara,5.13,Agricultural,Irrigated Crop,1043000.0,1226000.0,1220000.0,13372000.0,976000.0,0.86,74.2,0.0768,6,1,290,0.805,0.866,Rehabilitation Scheme (Sec 16),0,normal
BS-PARCEL-03031,Madhya Pradesh,Bhopal,4.13,Agricultural,Irrigated Crop,1099000.0,1383000.0,1341000.0,13906000.0,1256000.0,0.9,67.6,0.0774,10,4,261,0.938,0.372,Preliminary Notification (Sec 11),0,normal
BS-PARCEL-03032,Maharashtra,Nagpur,2.14,Agricultural,Commercial Hub,1276000.0,1779000.0,1793000.0,7800000.0,1440000.0,0.12,83.9,0.1605,2,1,37,0.68,0.979,Compensation Disbursement,0,normal
BS-PARCEL-03033,Uttar Pradesh,Prayagraj,6.32,Agricultural,Dry Crop,1434000.0,2061000.0,2057000.0,30297000.0,1267000.0,2.02,50.0,0.1476,10,3,264,0.927,0.557,Declaration (Sec 19),0,normal
BS-PARCEL-03034,Karnataka,Belagavi,4.62,Agricultural,Dry Crop,1419000.0,1649000.0,1634000.0,14752000.0,1563000.0,0.1,69.2,0.1086,7,1,330,0.786,0.561,Preliminary Notification (Sec 11),0,normal
BS-PARCEL-03035,Odisha,Khordha,3.99,Agricultural,Irrigated Crop,1526000.0,1999000.0,2115000.0,19308000.0,1333000.0,0.64,76.5,0.1243,6,2,257,0.957,0.26,Rehabilitation Scheme (Sec 16),0,normal
BS-PARCEL-03036,Tamil Nadu,Salem,3.2,Non-Agricultural,Dry Crop,3040000.0,4238000.0,4490000.0,32721000.0,3431000.0,1.55,53.7,0.1143,5,6,10,0.828,0.925,Rehabilitation Scheme (Sec 16),0,normal
BS-PARCEL-03037,Karnataka,Bengaluru Rural,4.79,Agricultural,Irrigated Crop,1567000.0,2265000.0,2282000.0,46161000.0,1625000.0,3.38,85.3,0.0318,12,2,209,0.823,0.487,Declaration (Sec 19),1,moderate_anomaly
BS-PARCEL-03038,Uttar Pradesh,Prayagraj,4.03,Agricultural,Irrigated Crop,1539000.0,1659000.0,1573000.0,25527000.0,1385000.0,0.41,35.0,0.0784,12,4,332,0.809,0.558,Declaration (Sec 19),1,moderate_anomaly
BS-PARCEL-03039,Odisha,Cuttack,3.49,Agricultural,Infrastructure Corridor,1511000.0,1891000.0,1906000.0,16408000.0,1655000.0,2.48,50.0,0.1399,2,5,130,0.737,0.529,Declaration (Sec 19),0,normal
BS-PARCEL-03040,Madhya Pradesh,Gwalior,1.93,Non-Agricultural,Dry Crop,2486000.0,3479000.0,3668000.0,17270000.0,2498000.0,3.66,34.3,0.1088,1,0,499,0.734,0.582,Enquiry & Award (Sec 23),0,normal
BS-PARCEL-03041,Gujarat,Vadodara,14.01,Non-Agricultural,Dry Crop,2993000.0,3146000.0,3307000.0,94196000.0,2598000.0,4.34,51.8,0.0775,29,4,10,0.931,0.751,Preliminary Notification (Sec 11),0,normal
BS-PARCEL-03042,Odisha,Jharsuguda,1.36,Agricultural,Infrastructure Corridor,1430000.0,1752000.0,1692000.0,3953000.0,1558000.0,6.72,62.2,0.1404,2,1,196,0.652,0.592,Rehabilitation Scheme (Sec 16),1,moderate_anomaly
BS-PARCEL-03043,Tamil Nadu,Madurai,4.78,Agricultural,Irrigated Crop,1603000.0,2058000.0,1981000.0,22141000.0,1742000.0,0.26,80.0,0.0948,15,0,259,0.899,0.511,Preliminary Notification (Sec 11),0,normal
BS-PARCEL-03044,Tamil Nadu,Salem,2.53,Barren,Infrastructure Corridor,492000.0,620000.0,594000.0,4476000.0,489000.0,0.1,62.2,0.1102,2,12,683,0.87,0.793,Declaration (Sec 19),1,moderate_anomaly
BS-PARCEL-03045,Maharashtra,Nashik,14.81,Non-Agricultural,Dry Crop,2650000.0,3559000.0,3696000.0,117816000.0,2834000.0,5.03,54.3,0.095,24,4,196,0.859,0.804,Rehabilitation Scheme (Sec 16),0,normal
BS-PARCEL-03046,Odisha,Cuttack,1.54,Non-Agricultural,Dry Crop,2675000.0,2879000.0,2876000.0,3801000.0,2306000.0,0.66,37.1,0.1016,1,36,65,0.959,0.74,Enquiry & Award (Sec 23),1,strong_anomaly
BS-PARCEL-03047,Madhya Pradesh,Jabalpur,1.78,Agricultural,Irrigated Crop,1108000.0,1511000.0,1482000.0,16466000.0,1048000.0,8.75,43.1,0.1045,2,44,980,0.55,0.176,SIA Survey (Sec 4),1,strong_anomaly
BS-PARCEL-03048,Madhya Pradesh,Gwalior,1.46,Commercial,Irrigated Crop,8063000.0,9379000.0,9182000.0,52590000.0,8482000.0,2.21,70.6,0.132,6,42,1009,0.503,0.163,Declaration (Sec 19),1,strong_anomaly
BS-PARCEL-03049,Tamil Nadu,Salem,4.37,Industrial,Dry Crop,3730000.0,5146000.0,5007000.0,52671000.0,3429000.0,5.75,80.9,0.1372,11,1,10,0.723,0.506,Rehabilitation Scheme (Sec 16),0,normal
BS-PARCEL-03050,Karnataka,Belagavi,1.03,Agricultural,Irrigated Crop,1159000.0,1411000.0,1476000.0,2407000.0,1142000.0,1.6,57.5,0.062,0,2,279,0.73,0.266,Rehabilitation Scheme (Sec 16),1,moderate_anomaly
BS-PARCEL-03051,Maharashtra,Nagpur,2.21,Non-Agricultural,Irrigated Crop,3296000.0,3517000.0,3479000.0,16860000.0,3723000.0,3.83,86.8,0.0942,2,5,167,0.652,0.515,Enquiry & Award (Sec 23),0,normal
BS-PARCEL-03052,Gujarat,Ahmedabad,0.53,Agricultural,Dry Crop,1193000.0,1713000.0,1660000.0,2017000.0,1310000.0,0.78,47.9,0.1308,1,1,240,0.675,0.515,Preliminary Notification (Sec 11),0,normal
BS-PARCEL-03053,Gujarat,Ahmedabad,4.07,Non-Agricultural,Commercial Hub,2342000.0,3190000.0,3271000.0,27666000.0,2383000.0,2.05,58.0,0.0747,11,3,273,0.986,0.52,Rehabilitation Scheme (Sec 16),0,normal
BS-PARCEL-03054,Odisha,Jharsuguda,2.17,Agricultural,Irrigated Crop,1340000.0,1593000.0,1619000.0,4749000.0,1371000.0,2.43,59.5,0.0276,6,0,590,0.866,0.432,Rehabilitation Scheme (Sec 16),1,moderate_anomaly
BS-PARCEL-03055,Tamil Nadu,Salem,0.94,Agricultural,Commercial Hub,1276000.0,1478000.0,1516000.0,3404000.0,1424000.0,0.1,92.5,0.0437,2,3,333,0.658,0.736,Enquiry & Award (Sec 23),0,normal
BS-PARCEL-03056,Gujarat,Ahmedabad,8.35,Barren,Infrastructure Corridor,870000.0,1118000.0,1161000.0,19367000.0,965000.0,0.52,67.4,0.0464,16,7,47,0.914,0.658,SIA Survey (Sec 4),0,normal
BS-PARCEL-03057,Tamil Nadu,Kanchipuram,1.09,Commercial,Commercial Hub,7794000.0,11262000.0,10723000.0,28428000.0,6831000.0,7.07,32.6,0.0617,3,1,417,0.87,0.559,Possession Handover,0,normal
BS-PARCEL-03058,Tamil Nadu,Madurai,6.54,Agricultural,Commercial Hub,1610000.0,1877000.0,1765000.0,14045000.0,1593000.0,3.32,82.1,0.0502,14,1,10,0.835,0.472,Possession Handover,1,moderate_anomaly
BS-PARCEL-03059,Gujarat,Bharuch,1.83,Barren,Commercial Hub,560000.0,800000.0,757000.0,3464000.0,508000.0,0.82,98.2,0.1212,3,3,131,0.822,0.683,Compensation Disbursement,0,normal
BS-PARCEL-03060,Gujarat,Vadodara,12.95,Agricultural,Irrigated Crop,1448000.0,1712000.0,1754000.0,52925000.0,1267000.0,0.43,60.5,0.0689,19,0,199,0.789,0.51,SIA Survey (Sec 4),0,normal
BS-PARCEL-03061,Odisha,Sambalpur,6.28,Agricultural,Irrigated Crop,1297000.0,1727000.0,1817000.0,26182000.0,1216000.0,0.12,48.9,0.1304,10,1,144,0.669,0.607,Enquiry & Award (Sec 23),0,normal
BS-PARCEL-03062,Madhya Pradesh,Indore,1.41,Commercial,Infrastructure Corridor,7654000.0,9205000.0,9018000.0,28005000.0,7908000.0,1.67,80.6,0.0348,4,0,210,0.657,0.613,Preliminary Notification (Sec 11),0,normal
BS-PARCEL-03063,Maharashtra,Nagpur,1.52,Agricultural,Dry Crop,1237000.0,1341000.0,1386000.0,5433000.0,1346000.0,0.1,99.0,0.0659,1,3,161,0.856,0.504,Compensation Disbursement,0,normal
BS-PARCEL-03064,Tamil Nadu,Kanchipuram,5.55,Agricultural,Commercial Hub,1053000.0,1500000.0,1541000.0,18145000.0,1183000.0,0.1,80.3,0.0842,15,5,321,0.838,0.697,Declaration (Sec 19),0,normal
BS-PARCEL-03065,Karnataka,Belagavi,2.66,Non-Agricultural,Infrastructure Corridor,2177000.0,2429000.0,2568000.0,14486000.0,2127000.0,2.74,35.8,0.1124,6,0,126,0.9,0.569,SIA Survey (Sec 4),0,normal
BS-PARCEL-03066,Madhya Pradesh,Indore,2.88,Agricultural,Irrigated Crop,1504000.0,2148000.0,2140000.0,16021000.0,1469000.0,0.52,78.6,0.1257,3,3,167,0.924,0.698,Rehabilitation Scheme (Sec 16),0,normal
BS-PARCEL-03067,Tamil Nadu,Salem,9.79,Agricultural,Irrigated Crop,1487000.0,1623000.0,1558000.0,40532000.0,1332000.0,0.28,72.3,0.0585,16,6,374,0.927,0.766,Compensation Disbursement,0,normal
BS-PARCEL-03068,Odisha,Jharsuguda,1.76,Agricultural,Dry Crop,1017000.0,1176000.0,1213000.0,4303000.0,924000.0,0.64,47.8,0.1197,2,1,286,0.942,0.273,Compensation Disbursement,0,normal
BS-PARCEL-03069,Gujarat,Surat,3.59,Non-Agricultural,Irrigated Crop,3184000.0,4516000.0,4689000.0,38024000.0,2804000.0,0.58,88.2,0.0127,7,3,161,0.949,0.757,Declaration (Sec 19),0,normal
BS-PARCEL-03070,Gujarat,Ahmedabad,7.47,Agricultural,Dry Crop,1431000.0,1879000.0,1926000.0,136666000.0,1635000.0,0.6,72.9,0.1149,12,0,231,0.429,0.55,Declaration (Sec 19),1,strong_anomaly
BS-PARCEL-03071,Maharashtra,Thane,6.6,Agricultural,Residential Zone,1301000.0,1465000.0,1529000.0,20438000.0,1156000.0,0.13,88.7,0.0264,11,3,385,0.724,0.667,Enquiry & Award (Sec 23),0,normal
BS-PARCEL-03072,Karnataka,Bengaluru Rural,2.9,Non-Agricultural,Dry Crop,2633000.0,3388000.0,3336000.0,23071000.0,2836000.0,0.22,45.9,0.0979,4,4,27,0.797,0.841,Compensation Disbursement,0,normal
BS-PARCEL-03073,Gujarat,Surat,2.6,Agricultural,Irrigated Crop,1534000.0,1721000.0,1760000.0,6107000.0,1450000.0,1.03,72.2,0.1252,1,0,60,0.929,0.676,Enquiry & Award (Sec 23),1,moderate_anomaly
BS-PARCEL-03074,Gujarat,Bharuch,0.76,Agricultural,Commercial Hub,1363000.0,1908000.0,1854000.0,3596000.0,1378000.0,1.03,48.9,0.1155,2,0,116,0.74,0.686,Rehabilitation Scheme (Sec 16),0,normal
BS-PARCEL-03075,Karnataka,Tumakuru,1.35,Non-Agricultural,Irrigated Crop,3310000.0,3541000.0,3518000.0,12440000.0,3680000.0,0.63,69.5,0.0144,4,1,203,0.65,0.671,Declaration (Sec 19),0,normal
BS-PARCEL-03076,Gujarat,Bharuch,4.35,Commercial,Residential Zone,7418000.0,9361000.0,9072000.0,94034000.0,8389000.0,5.72,91.6,0.0621,8,2,286,0.791,0.773,Compensation Disbursement,0,normal
BS-PARCEL-03077,Madhya Pradesh,Bhopal,2.95,Agricultural,Irrigated Crop,1419000.0,1526000.0,1463000.0,12207000.0,1308000.0,5.32,39.3,0.1087,6,3,95,0.679,0.229,SIA Survey (Sec 4),0,normal
BS-PARCEL-03078,Madhya Pradesh,Bhopal,3.54,Commercial,Residential Zone,5441000.0,7226000.0,6824000.0,119764000.0,6112000.0,0.35,40.4,0.1075,5,1,76,0.918,0.528,Rehabilitation Scheme (Sec 16),1,moderate_anomaly
BS-PARCEL-03079,Maharashtra,Pune,8.03,Non-Agricultural,Dry Crop,3650000.0,5199000.0,5306000.0,192236000.0,3378000.0,3.78,82.2,0.091,13,50,798,0.404,0.11,Preliminary Notification (Sec 11),1,strong_anomaly
BS-PARCEL-03080,Uttar Pradesh,Lucknow,1.21,Agricultural,Dry Crop,1106000.0,1529000.0,1598000.0,4679000.0,1207000.0,3.56,64.7,-0.0081,2,4,76,0.809,0.804,Rehabilitation Scheme (Sec 16),0,normal
BS-PARCEL-03081,Tamil Nadu,Kanchipuram,2.72,Commercial,Dry Crop,8138000.0,9755000.0,9538000.0,67875000.0,6955000.0,2.49,86.1,0.1279,4,2,107,0.939,0.593,Enquiry & Award (Sec 23),0,normal
BS-PARCEL-03082,Uttar Pradesh,Gorakhpur,3.9,Non-Agricultural,Irrigated Crop,3601000.0,4122000.0,4087000.0,37996000.0,3639000.0,4.06,50.5,0.1351,4,4,10,0.625,0.87,SIA Survey (Sec 4),0,normal
BS-PARCEL-03083,Gujarat,Ahmedabad,1.82,Non-Agricultural,Dry Crop,3194000.0,3508000.0,3299000.0,14765000.0,3410000.0,1.16,65.9,0.0865,1,0,118,0.805,0.608,Declaration (Sec 19),0,normal
BS-PARCEL-03084,Karnataka,Tumakuru,11.21,Non-Agricultural,Residential Zone,3105000.0,4345000.0,4300000.0,103556000.0,3421000.0,1.31,77.4,0.0891,16,1,64,0.836,0.41,Preliminary Notification (Sec 11),0,normal
BS-PARCEL-03085,Uttar Pradesh,Agra,7.19,Non-Agricultural,Residential Zone,2283000.0,2471000.0,2406000.0,44281000.0,2517000.0,3.43,68.8,0.1001,11,1,161,0.795,0.795,Compensation Disbursement,0,normal
BS-PARCEL-03086,Karnataka,Tumakuru,4.25,Barren,Irrigated Crop,658000.0,856000.0,864000.0,7513000.0,618000.0,2.57,32.8,0.1384,6,2,366,0.932,0.727,Compensation Disbursement,0,normal
BS-PARCEL-03087,Tamil Nadu,Kanchipuram,15.26,Non-Agricultural,Dry Crop,3128000.0,3744000.0,3928000.0,118980000.0,3459000.0,0.53,99.0,0.09,21,2,10,0.629,0.82,Declaration (Sec 19),0,normal
BS-PARCEL-03088,Karnataka,Mysuru,0.93,Commercial,Residential Zone,5194000.0,7523000.0,7529000.0,18610000.0,4919000.0,0.14,68.8,0.0724,1,0,291,0.865,0.448,Enquiry & Award (Sec 23),0,normal
BS-PARCEL-03089,Gujarat,Vadodara,3.3,Non-Agricultural,Residential Zone,2287000.0,2867000.0,2927000.0,9501000.0,2104000.0,0.5,40.9,0.0953,5,33,363,0.887,0.676,Preliminary Notification (Sec 11),1,strong_anomaly
BS-PARCEL-03090,Uttar Pradesh,Lucknow,4.53,Commercial,Dry Crop,8750000.0,11108000.0,11382000.0,214041000.0,7441000.0,0.1,70.7,0.0796,5,1,286,0.919,0.699,Compensation Disbursement,1,moderate_anomaly
BS-PARCEL-03091,Odisha,Jharsuguda,1.53,Barren,Irrigated Crop,617000.0,874000.0,838000.0,2989000.0,568000.0,1.43,72.7,0.08,1,4,217,0.838,0.591,Enquiry & Award (Sec 23),0,normal
BS-PARCEL-03092,Gujarat,Ahmedabad,4.29,Agricultural,Infrastructure Corridor,1152000.0,1656000.0,1626000.0,14550000.0,1020000.0,1.69,82.9,0.0094,9,4,324,0.715,0.396,Preliminary Notification (Sec 11),0,normal
BS-PARCEL-03093,Tamil Nadu,Kanchipuram,1.3,Agricultural,Irrigated Crop,1081000.0,1387000.0,1323000.0,8872000.0,1138000.0,2.38,81.7,0.1009,3,49,993,0.421,0.21,Possession Handover,1,strong_anomaly
BS-PARCEL-03094,Maharashtra,Thane,5.97,Non-Agricultural,Irrigated Crop,3185000.0,4359000.0,4328000.0,329738000.0,2846000.0,0.44,61.2,0.1269,10,1,302,0.542,0.453,Preliminary Notification (Sec 11),1,strong_anomaly
BS-PARCEL-03095,Maharashtra,Thane,8.16,Agricultural,Commercial Hub,1241000.0,1618000.0,1693000.0,33919000.0,1273000.0,4.16,34.0,0.1208,8,1,193,0.749,0.846,Declaration (Sec 19),0,normal
BS-PARCEL-03096,Tamil Nadu,Kanchipuram,4.18,Non-Agricultural,Irrigated Crop,3428000.0,4185000.0,4175000.0,42174000.0,3044000.0,4.3,73.3,0.118,9,3,63,0.922,0.562,SIA Survey (Sec 4),0,normal
BS-PARCEL-03097,Odisha,Cuttack,0.69,Commercial,Residential Zone,6874000.0,7375000.0,7336000.0,11944000.0,7296000.0,0.87,35.4,0.0779,2,0,308,0.502,0.577,Enquiry & Award (Sec 23),0,normal
BS-PARCEL-03098,Odisha,Khordha,1.46,Industrial,Irrigated Crop,3644000.0,4872000.0,4702000.0,15122000.0,3410000.0,4.66,86.9,0.0858,1,2,467,0.797,0.538,Preliminary Notification (Sec 11),0,normal
BS-PARCEL-03099,Tamil Nadu,Madurai,5.37,Agricultural,Commercial Hub,1248000.0,1660000.0,1622000.0,18481000.0,1176000.0,1.65,51.8,0.1277,10,1,142,0.79,0.435,Preliminary Notification (Sec 11),0,normal
BS-PARCEL-03100,Maharashtra,Thane,3.38,Non-Agricultural,Infrastructure Corridor,2193000.0,2405000.0,2531000.0,17759000.0,2285000.0,3.87,76.4,0.1147,6,5,182,0.786,0.419,Declaration (Sec 19),0,normal
BS-PARCEL-03101,Odisha,Cuttack,0.34,Agricultural,Infrastructure Corridor,1495000.0,1707000.0,1667000.0,1381000.0,1692000.0,3.19,53.2,0.1395,0,4,192,0.771,0.902,Possession Handover,0,normal
BS-PARCEL-03102,Karnataka,Belagavi,9.55,Agricultural,Infrastructure Corridor,982000.0,1319000.0,1356000.0,29473000.0,1127000.0,0.1,56.1,0.0531,22,2,18,0.476,0.48,SIA Survey (Sec 4),0,normal
BS-PARCEL-03103,Maharashtra,Pune,3.73,Agricultural,Residential Zone,1056000.0,1172000.0,1108000.0,11178000.0,1011000.0,1.28,50.6,0.0528,6,1,86,0.72,0.848,Declaration (Sec 19),0,normal
BS-PARCEL-03104,Uttar Pradesh,Prayagraj,1.65,Agricultural,Irrigated Crop,1231000.0,1633000.0,1560000.0,30006000.0,1396000.0,0.88,77.9,0.0667,4,5,213,0.621,0.279,Declaration (Sec 19),1,strong_anomaly
BS-PARCEL-03105,Odisha,Khordha,7.73,Agricultural,Infrastructure Corridor,1041000.0,1392000.0,1361000.0,27787000.0,1076000.0,0.45,53.8,0.0423,19,3,169,0.602,0.646,Compensation Disbursement,0,normal
BS-PARCEL-03106,Maharashtra,Nashik,1.87,Non-Agricultural,Infrastructure Corridor,3006000.0,3581000.0,3753000.0,13684000.0,3373000.0,0.19,78.8,0.0271,5,5,181,0.984,0.568,SIA Survey (Sec 4),0,normal
BS-PARCEL-03107,Tamil Nadu,Kanchipuram,1.85,Non-Agricultural,Dry Crop,2874000.0,3315000.0,3203000.0,16147000.0,2467000.0,6.28,54.3,0.0987,2,15,427,0.849,0.848,Declaration (Sec 19),1,moderate_anomaly
BS-PARCEL-03108,Uttar Pradesh,Agra,4.5,Agricultural,Dry Crop,1586000.0,1902000.0,1954000.0,18727000.0,1364000.0,1.37,60.8,0.096,6,4,167,0.713,0.707,Possession Handover,0,normal
BS-PARCEL-03109,Maharashtra,Aurangabad,15.09,Agricultural,Irrigated Crop,964000.0,1151000.0,1105000.0,39912000.0,841000.0,0.69,65.6,0.0898,23,4,95,0.889,0.794,Rehabilitation Scheme (Sec 16),0,normal
BS-PARCEL-03110,Maharashtra,Nashik,13.2,Agricultural,Dry Crop,1315000.0,1700000.0,1723000.0,57567000.0,1435000.0,3.7,67.8,0.0941,19,3,227,0.732,0.526,Rehabilitation Scheme (Sec 16),0,normal
BS-PARCEL-03111,Maharashtra,Nagpur,4.51,Barren,Commercial Hub,768000.0,1035000.0,1046000.0,22767000.0,685000.0,0.28,48.4,0.0215,11,2,216,0.748,0.709,Compensation Disbursement,1,moderate_anomaly
BS-PARCEL-03112,Karnataka,Mysuru,4.92,Industrial,Dry Crop,3968000.0,5534000.0,5615000.0,67989000.0,3583000.0,5.68,77.7,0.0608,7,2,83,0.915,0.727,Rehabilitation Scheme (Sec 16),0,normal
BS-PARCEL-03113,Odisha,Cuttack,6.51,Agricultural,Dry Crop,1358000.0,1442000.0,1405000.0,17894000.0,1393000.0,0.78,60.1,0.0683,8,0,225,0.772,0.774,Rehabilitation Scheme (Sec 16),0,normal
BS-PARCEL-03114,Odisha,Jharsuguda,1.14,Agricultural,Dry Crop,1522000.0,2040000.0,1957000.0,5297000.0,1731000.0,0.1,74.8,0.0819,1,7,111,0.651,0.847,Rehabilitation Scheme (Sec 16),0,normal
BS-PARCEL-03115,Tamil Nadu,Salem,5.74,Agricultural,Irrigated Crop,1467000.0,1725000.0,1805000.0,54508000.0,1497000.0,0.38,64.7,0.0216,9,40,828,0.353,0.151,Compensation Disbursement,1,strong_anomaly
BS-PARCEL-03116,Maharashtra,Nashik,1.78,Non-Agricultural,Infrastructure Corridor,3671000.0,5086000.0,5128000.0,11502000.0,3927000.0,0.27,75.6,0.0429,1,4,175,0.857,0.77,Possession Handover,1,moderate_anomaly
BS-PARCEL-03117,Odisha,Sambalpur,4.35,Agricultural,Irrigated Crop,1419000.0,1533000.0,1480000.0,14843000.0,1286000.0,5.38,57.6,0.0625,11,2,223,0.871,0.599,Declaration (Sec 19),0,normal
BS-PARCEL-03118,Madhya Pradesh,Jabalpur,2.74,Agricultural,Irrigated Crop,1184000.0,1504000.0,1488000.0,49225000.0,1331000.0,3.26,50.8,0.1223,4,3,199,0.395,0.514,Declaration (Sec 19),1,strong_anomaly
BS-PARCEL-03119,Madhya Pradesh,Jabalpur,5.08,Agricultural,Irrigated Crop,1563000.0,1984000.0,1881000.0,22119000.0,1355000.0,0.46,72.7,0.0905,9,3,173,0.941,0.493,Rehabilitation Scheme (Sec 16),0,normal
BS-PARCEL-03120,Karnataka,Belagavi,3.67,Agricultural,Residential Zone,1062000.0,1254000.0,1250000.0,10753000.0,993000.0,0.5,56.1,0.1209,3,4,215,0.908,0.513,Preliminary Notification (Sec 11),0,normal
BS-PARCEL-03121,Tamil Nadu,Salem,0.24,Agricultural,Residential Zone,1320000.0,1898000.0,1881000.0,1233000.0,1302000.0,3.91,91.3,0.0751,1,3,272,0.844,0.515,SIA Survey (Sec 4),0,normal
BS-PARCEL-03122,Odisha,Cuttack,3.87,Agricultural,Irrigated Crop,1451000.0,1586000.0,1516000.0,12280000.0,1332000.0,0.1,66.2,0.08,6,1,193,0.596,0.703,Preliminary Notification (Sec 11),0,normal
BS-PARCEL-03123,Karnataka,Belagavi,5.73,Non-Agricultural,Irrigated Crop,3565000.0,3938000.0,3912000.0,56573000.0,3740000.0,1.47,40.3,0.1,10,1,191,0.903,0.395,Preliminary Notification (Sec 11),0,normal
BS-PARCEL-03124,Karnataka,Bengaluru Rural,4.85,Agricultural,Dry Crop,1560000.0,2040000.0,2074000.0,19286000.0,1644000.0,1.66,54.5,0.0729,7,3,141,0.638,0.504,Enquiry & Award (Sec 23),0,normal
BS-PARCEL-03125,Tamil Nadu,Coimbatore,3.04,Agricultural,Irrigated Crop,961000.0,1207000.0,1269000.0,8472000.0,878000.0,0.1,47.0,0.055,5,3,10,0.906,0.821,Preliminary Notification (Sec 11),0,normal
BS-PARCEL-03126,Maharashtra,Pune,13.41,Non-Agricultural,Commercial Hub,3320000.0,3837000.0,3931000.0,110489000.0,2831000.0,1.99,84.3,0.0204,26,5,183,0.66,0.531,Preliminary Notification (Sec 11),0,normal
BS-PARCEL-03127,Gujarat,Ahmedabad,4.33,Agricultural,Irrigated Crop,1047000.0,1227000.0,1227000.0,13535000.0,913000.0,0.1,78.9,0.0561,6,3,40,0.897,0.78,Rehabilitation Scheme (Sec 16),0,normal
BS-PARCEL-03128,Karnataka,Bengaluru Rural,4.82,Commercial,Dry Crop,7914000.0,8807000.0,9092000.0,200168000.0,6728000.0,2.51,63.9,0.1134,6,1,117,0.899,0.624,SIA Survey (Sec 4),1,moderate_anomaly
BS-PARCEL-03129,Uttar Pradesh,Prayagraj,8.07,Barren,Irrigated Crop,761000.0,1063000.0,1035000.0,20143000.0,854000.0,1.18,70.2,0.1304,14,2,84,0.778,0.288,Preliminary Notification (Sec 11),0,normal
BS-PARCEL-03130,Gujarat,Surat,4.52,Agricultural,Dry Crop,1031000.0,1317000.0,1344000.0,12322000.0,1069000.0,0.89,63.4,0.0491,9,1,101,0.795,0.788,Preliminary Notification (Sec 11),0,normal
BS-PARCEL-03131,Tamil Nadu,Kanchipuram,1.55,Industrial,Dry Crop,5999000.0,6886000.0,6477000.0,58190000.0,5348000.0,1.02,80.5,0.0107,3,1,107,0.904,0.49,SIA Survey (Sec 4),1,moderate_anomaly
BS-PARCEL-03132,Odisha,Sambalpur,0.42,Non-Agricultural,Irrigated Crop,2876000.0,3472000.0,3294000.0,3090000.0,2524000.0,4.6,74.4,0.1171,1,2,233,0.749,0.523,Declaration (Sec 19),0,normal
BS-PARCEL-03133,Madhya Pradesh,Indore,2.21,Non-Agricultural,Irrigated Crop,3014000.0,4258000.0,4321000.0,20543000.0,3301000.0,0.69,77.6,0.0828,2,5,216,0.497,0.37,Enquiry & Award (Sec 23),0,normal
BS-PARCEL-03134,Gujarat,Ahmedabad,6.34,Agricultural,Irrigated Crop,1599000.0,2246000.0,2163000.0,32434000.0,1748000.0,0.1,61.5,0.0261,7,0,192,0.94,0.491,Compensation Disbursement,0,normal
BS-PARCEL-03135,Madhya Pradesh,Bhopal,2.46,Agricultural,Irrigated Crop,1373000.0,1480000.0,1514000.0,7534000.0,1549000.0,9.97,53.6,-0.0444,2,2,313,0.845,0.388,Enquiry & Award (Sec 23),0,normal
BS-PARCEL-03136,Karnataka,Belagavi,6.56,Agricultural,Infrastructure Corridor,1324000.0,1737000.0,1766000.0,24917000.0,1189000.0,0.17,77.0,0.0415,6,1,516,0.733,0.402,Declaration (Sec 19),0,normal
BS-PARCEL-03137,Madhya Pradesh,Gwalior,3.77,Barren,Irrigated Crop,494000.0,549000.0,520000.0,4908000.0,497000.0,0.4,92.9,0.0615,5,2,235,0.752,0.673,Possession Handover,0,normal
BS-PARCEL-03138,Uttar Pradesh,Agra,9.92,Non-Agricultural,Irrigated Crop,2435000.0,2762000.0,2726000.0,59415000.0,2158000.0,0.34,84.9,0.0339,11,1,279,0.853,0.312,Declaration (Sec 19),0,normal
BS-PARCEL-03139,Madhya Pradesh,Jabalpur,2.58,Agricultural,Irrigated Crop,919000.0,1283000.0,1300000.0,6703000.0,1001000.0,1.57,93.5,0.1077,3,1,210,0.905,0.655,Declaration (Sec 19),0,normal
BS-PARCEL-03140,Gujarat,Bharuch,4.94,Agricultural,Commercial Hub,1140000.0,1605000.0,1646000.0,41327000.0,1110000.0,0.49,67.9,0.0475,9,38,897,0.452,0.082,Rehabilitation Scheme (Sec 16),1,strong_anomaly
BS-PARCEL-03141,Karnataka,Belagavi,5.1,Agricultural,Infrastructure Corridor,1148000.0,1243000.0,1290000.0,14774000.0,1215000.0,1.28,47.5,0.0805,10,2,10,0.559,0.58,Rehabilitation Scheme (Sec 16),0,normal
BS-PARCEL-03142,Odisha,Khordha,11.9,Agricultural,Commercial Hub,1282000.0,1794000.0,1757000.0,29167000.0,1101000.0,2.35,49.1,0.1749,29,1,10,0.731,0.88,Rehabilitation Scheme (Sec 16),1,moderate_anomaly
BS-PARCEL-03143,Odisha,Cuttack,0.78,Non-Agricultural,Dry Crop,3259000.0,4372000.0,4549000.0,7984000.0,3531000.0,0.67,89.8,0.0847,1,2,10,0.937,0.457,Preliminary Notification (Sec 11),0,normal
BS-PARCEL-03144,Karnataka,Bengaluru Rural,2.25,Agricultural,Residential Zone,1029000.0,1400000.0,1376000.0,7335000.0,945000.0,1.94,31.5,0.0754,2,4,111,0.689,0.503,Enquiry & Award (Sec 23),0,normal
BS-PARCEL-03145,Gujarat,Ahmedabad,6.83,Commercial,Dry Crop,7221000.0,9869000.0,9285000.0,172525000.0,7964000.0,2.93,92.1,0.0763,15,2,330,0.868,0.71,Preliminary Notification (Sec 11),0,normal
BS-PARCEL-03146,Madhya Pradesh,Indore,12.35,Non-Agricultural,Residential Zone,3641000.0,4562000.0,4622000.0,138534000.0,3298000.0,0.3,50.8,0.1068,22,4,208,0.829,0.77,Enquiry & Award (Sec 23),0,normal
BS-PARCEL-03147,Maharashtra,Thane,4.07,Non-Agricultural,Commercial Hub,2411000.0,3445000.0,3338000.0,32959000.0,2621000.0,2.71,99.0,0.1018,9,1,137,0.764,0.615,Compensation Disbursement,0,normal
BS-PARCEL-03148,Odisha,Khordha,2.59,Commercial,Irrigated Crop,7445000.0,8414000.0,8035000.0,56226000.0,6628000.0,0.1,63.7,0.0399,2,0,242,0.743,0.606,Declaration (Sec 19),0,normal
BS-PARCEL-03149,Tamil Nadu,Coimbatore,6.32,Agricultural,Dry Crop,933000.0,1168000.0,1134000.0,14843000.0,979000.0,1.04,78.0,0.0636,12,0,218,0.928,0.372,Preliminary Notification (Sec 11),0,normal
BS-PARCEL-03150,Tamil Nadu,Coimbatore,6.95,Non-Agricultural,Irrigated Crop,2992000.0,3523000.0,3662000.0,60613000.0,3243000.0,0.4,99.0,0.0533,10,4,30,0.848,0.406,Rehabilitation Scheme (Sec 16),0,normal
BS-PARCEL-03151,Gujarat,Surat,2.45,Non-Agricultural,Irrigated Crop,3346000.0,4614000.0,4843000.0,16305000.0,3232000.0,0.2,59.1,0.0687,1,2,231,0.8,0.367,Rehabilitation Scheme (Sec 16),1,moderate_anomaly
BS-PARCEL-03152,Gujarat,Bharuch,4.4,Agricultural,Residential Zone,925000.0,1002000.0,1058000.0,10842000.0,854000.0,0.54,58.8,0.1531,5,1,271,0.955,0.735,Possession Handover,0,normal
BS-PARCEL-03153,Tamil Nadu,Coimbatore,9.06,Agricultural,Irrigated Crop,1140000.0,1395000.0,1362000.0,28876000.0,1087000.0,1.36,52.5,0.1047,19,4,411,0.846,0.612,Enquiry & Award (Sec 23),0,normal
BS-PARCEL-03154,Madhya Pradesh,Bhopal,16.56,Agricultural,Commercial Hub,1532000.0,2083000.0,2072000.0,81288000.0,1439000.0,1.84,47.0,0.0768,31,2,171,0.933,0.469,Enquiry & Award (Sec 23),0,normal
BS-PARCEL-03155,Karnataka,Bengaluru Rural,6.24,Agricultural,Infrastructure Corridor,1062000.0,1248000.0,1293000.0,17241000.0,1104000.0,2.38,59.1,0.1298,14,4,366,0.941,0.679,Declaration (Sec 19),0,normal
BS-PARCEL-03156,Madhya Pradesh,Bhopal,3.45,Agricultural,Dry Crop,1420000.0,1628000.0,1592000.0,12647000.0,1226000.0,4.99,55.0,0.0875,8,3,135,0.812,0.511,Enquiry & Award (Sec 23),0,normal
BS-PARCEL-03157,Madhya Pradesh,Bhopal,3.17,Agricultural,Irrigated Crop,1341000.0,1549000.0,1528000.0,3117000.0,1157000.0,1.44,42.5,0.0145,4,22,435,0.685,0.773,Enquiry & Award (Sec 23),1,strong_anomaly
BS-PARCEL-03158,Karnataka,Tumakuru,5.33,Non-Agricultural,Dry Crop,2375000.0,3172000.0,3072000.0,24807000.0,2224000.0,0.99,61.2,0.1466,10,0,114,0.617,0.711,Preliminary Notification (Sec 11),1,moderate_anomaly
BS-PARCEL-03159,Tamil Nadu,Coimbatore,3.01,Agricultural,Residential Zone,1434000.0,1670000.0,1685000.0,3967000.0,1338000.0,5.9,73.1,0.0737,3,37,250,0.815,0.446,SIA Survey (Sec 4),1,strong_anomaly
BS-PARCEL-03160,Gujarat,Surat,3.9,Agricultural,Irrigated Crop,1283000.0,1554000.0,1584000.0,15548000.0,1159000.0,0.6,48.9,-0.0102,8,3,211,0.912,0.534,Preliminary Notification (Sec 11),0,normal
BS-PARCEL-03161,Tamil Nadu,Madurai,1.35,Agricultural,Irrigated Crop,981000.0,1244000.0,1217000.0,6663000.0,1045000.0,0.49,62.1,0.016,1,3,343,0.743,0.712,Declaration (Sec 19),1,moderate_anomaly
BS-PARCEL-03162,Maharashtra,Nashik,10.0,Agricultural,Dry Crop,1584000.0,2259000.0,2130000.0,29048000.0,1358000.0,1.41,90.3,0.1251,17,1,329,0.665,0.691,Compensation Disbursement,1,moderate_anomaly
BS-PARCEL-03163,Gujarat,Ahmedabad,1.26,Barren,Infrastructure Corridor,679000.0,929000.0,955000.0,2550000.0,765000.0,0.77,39.4,0.0167,1,4,65,0.855,0.557,Declaration (Sec 19),0,normal
BS-PARCEL-03164,Odisha,Sambalpur,2.3,Agricultural,Irrigated Crop,1436000.0,1614000.0,1637000.0,9460000.0,1547000.0,0.12,99.0,0.134,2,4,143,0.767,0.713,Declaration (Sec 19),0,normal
BS-PARCEL-03165,Odisha,Sambalpur,3.61,Agricultural,Irrigated Crop,1057000.0,1483000.0,1433000.0,12742000.0,1026000.0,0.34,52.9,0.0832,6,2,413,0.948,0.654,Possession Handover,0,normal
BS-PARCEL-03166,Odisha,Cuttack,18.04,Agricultural,Infrastructure Corridor,999000.0,1387000.0,1356000.0,48184000.0,1107000.0,1.91,68.6,0.1086,36,1,190,0.79,0.499,SIA Survey (Sec 4),0,normal
BS-PARCEL-03167,Gujarat,Surat,2.32,Agricultural,Irrigated Crop,1434000.0,1933000.0,2039000.0,9170000.0,1485000.0,2.49,88.0,0.0697,6,1,269,0.801,0.83,Preliminary Notification (Sec 11),0,normal
BS-PARCEL-03168,Tamil Nadu,Kanchipuram,1.88,Non-Agricultural,Irrigated Crop,3232000.0,4062000.0,4125000.0,18560000.0,3300000.0,1.34,93.5,0.1009,1,0,62,0.512,0.625,Possession Handover,0,normal
BS-PARCEL-03169,Odisha,Jharsuguda,2.08,Commercial,Dry Crop,5944000.0,6407000.0,6480000.0,33560000.0,5611000.0,0.1,73.5,0.0927,4,1,152,0.822,0.44,Possession Handover,0,normal
BS-PARCEL-03170,Odisha,Sambalpur,13.6,Agricultural,Irrigated Crop,1437000.0,1918000.0,1950000.0,60618000.0,1507000.0,0.59,52.5,0.0785,28,4,102,0.618,0.495,Enquiry & Award (Sec 23),0,normal
BS-PARCEL-03171,Uttar Pradesh,Varanasi,0.3,Non-Agricultural,Irrigated Crop,2948000.0,3707000.0,3909000.0,2464000.0,2629000.0,1.45,50.9,0.0374,2,2,281,0.651,0.713,SIA Survey (Sec 4),0,normal
BS-PARCEL-03172,Tamil Nadu,Salem,1.42,Agricultural,Dry Crop,1151000.0,1351000.0,1325000.0,6031000.0,1160000.0,0.63,54.7,0.0943,5,14,421,0.806,0.348,Possession Handover,1,moderate_anomaly
BS-PARCEL-03173,Odisha,Khordha,33.84,Commercial,Dry Crop,7944000.0,8373000.0,8153000.0,1418041000.0,7029000.0,1.16,99.0,0.0073,68,4,314,0.916,0.701,Enquiry & Award (Sec 23),1,moderate_anomaly
BS-PARCEL-03174,Tamil Nadu,Madurai,5.49,Non-Agricultural,Dry Crop,3136000.0,3583000.0,3530000.0,87055000.0,3084000.0,0.5,58.1,0.1173,6,34,1031,0.449,0.179,Enquiry & Award (Sec 23),1,strong_anomaly
BS-PARCEL-03175,Maharashtra,Aurangabad,1.3,Agricultural,Irrigated Crop,1265000.0,1635000.0,1694000.0,12403000.0,1309000.0,2.06,70.8,0.0879,0,50,821,0.528,0.206,SIA Survey (Sec 4),1,strong_anomaly
BS-PARCEL-03176,Tamil Nadu,Coimbatore,3.2,Non-Agricultural,Dry Crop,3399000.0,3722000.0,3553000.0,29921000.0,3048000.0,0.66,46.2,0.0986,9,4,182,0.895,0.414,Declaration (Sec 19),0,normal
BS-PARCEL-03177,Uttar Pradesh,Agra,3.52,Commercial,Dry Crop,7000000.0,9185000.0,8862000.0,71957000.0,6416000.0,1.26,44.2,-0.0247,10,3,10,0.923,0.771,Compensation Disbursement,0,normal
BS-PARCEL-03178,Madhya Pradesh,Jabalpur,6.82,Agricultural,Residential Zone,1576000.0,2172000.0,2101000.0,37529000.0,1724000.0,0.59,65.5,0.035,13,5,230,0.68,0.609,Compensation Disbursement,0,normal
BS-PARCEL-03179,Karnataka,Tumakuru,15.86,Barren,Commercial Hub,807000.0,950000.0,966000.0,35118000.0,748000.0,0.27,59.2,0.0598,33,7,322,0.579,0.532,Declaration (Sec 19),0,normal
BS-PARCEL-03180,Madhya Pradesh,Bhopal,4.62,Industrial,Dry Crop,4632000.0,5016000.0,5101000.0,52833000.0,4070000.0,0.1,60.5,0.1069,8,2,352,0.835,0.574,Declaration (Sec 19),0,normal
BS-PARCEL-03181,Karnataka,Mysuru,2.1,Agricultural,Residential Zone,1235000.0,1366000.0,1345000.0,15163000.0,1172000.0,2.92,38.4,0.0423,3,40,754,0.428,0.219,Enquiry & Award (Sec 23),1,strong_anomaly
BS-PARCEL-03182,Maharashtra,Nagpur,6.48,Commercial,Residential Zone,8609000.0,10272000.0,9996000.0,66207000.0,9733000.0,2.08,63.7,0.1819,5,42,271,0.824,0.548,Declaration (Sec 19),1,strong_anomaly
BS-PARCEL-03183,Karnataka,Tumakuru,1.83,Non-Agricultural,Irrigated Crop,3604000.0,4957000.0,5108000.0,18607000.0,3814000.0,0.82,92.9,0.0695,2,2,239,0.955,0.661,Rehabilitation Scheme (Sec 16),0,normal
BS-PARCEL-03184,Karnataka,Bengaluru Rural,1.38,Agricultural,Infrastructure Corridor,1038000.0,1353000.0,1277000.0,4318000.0,1061000.0,5.65,49.6,0.0394,3,1,96,0.838,0.718,Preliminary Notification (Sec 11),0,normal
BS-PARCEL-03185,Karnataka,Tumakuru,0.74,Agricultural,Residential Zone,1097000.0,1533000.0,1577000.0,2487000.0,1209000.0,2.98,81.2,0.0725,0,1,81,0.544,0.425,Preliminary Notification (Sec 11),0,normal
BS-PARCEL-03186,Gujarat,Vadodara,0.88,Commercial,Irrigated Crop,6296000.0,9115000.0,8798000.0,19679000.0,6599000.0,1.68,5.0,0.042,0,2,174,0.902,0.749,Enquiry & Award (Sec 23),0,normal
BS-PARCEL-03187,Gujarat,Bharuch,1.55,Non-Agricultural,Irrigated Crop,3578000.0,4047000.0,4243000.0,14455000.0,3912000.0,1.0,50.6,0.0326,1,2,154,0.935,0.902,Preliminary Notification (Sec 11),0,normal
BS-PARCEL-03188,Maharashtra,Pune,1.22,Agricultural,Dry Crop,1568000.0,2082000.0,2060000.0,5992000.0,1642000.0,1.3,30.6,0.1204,2,0,189,0.761,0.69,Preliminary Notification (Sec 11),0,normal
BS-PARCEL-03189,Madhya Pradesh,Bhopal,4.33,Agricultural,Dry Crop,1478000.0,1828000.0,1859000.0,19537000.0,1640000.0,1.77,87.3,0.1005,6,0,134,0.732,0.488,Possession Handover,0,normal
BS-PARCEL-03190,Karnataka,Tumakuru,1.2,Agricultural,Commercial Hub,1099000.0,1371000.0,1309000.0,3297000.0,1140000.0,0.7,80.8,0.1006,0,1,203,0.877,0.413,Enquiry & Award (Sec 23),0,normal
BS-PARCEL-03191,Gujarat,Ahmedabad,0.23,Industrial,Dry Crop,6155000.0,7264000.0,7049000.0,12191000.0,5721000.0,1.7,46.4,0.1311,3,39,974,0.289,0.12,Preliminary Notification (Sec 11),1,strong_anomaly
BS-PARCEL-03192,Gujarat,Ahmedabad,1.37,Non-Agricultural,Irrigated Crop,2155000.0,2558000.0,2620000.0,8528000.0,1858000.0,0.25,70.2,0.0995,0,2,347,0.595,0.715,Rehabilitation Scheme (Sec 16),0,normal
BS-PARCEL-03193,Gujarat,Bharuch,2.22,Agricultural,Irrigated Crop,1204000.0,1590000.0,1600000.0,7237000.0,1061000.0,4.23,86.6,0.0373,2,3,10,0.866,0.478,Enquiry & Award (Sec 23),0,normal
BS-PARCEL-03194,Maharashtra,Aurangabad,1.98,Industrial,Residential Zone,4688000.0,6087000.0,6285000.0,27915000.0,4706000.0,1.33,89.4,0.1083,3,1,171,0.883,0.474,Rehabilitation Scheme (Sec 16),0,normal
BS-PARCEL-03195,Karnataka,Tumakuru,12.08,Commercial,Irrigated Crop,6962000.0,8197000.0,8259000.0,244682000.0,7947000.0,0.18,57.7,0.0349,24,5,157,0.808,0.435,Declaration (Sec 19),0,normal
BS-PARCEL-03196,Tamil Nadu,Madurai,1.97,Agricultural,Commercial Hub,1304000.0,1431000.0,1443000.0,11912000.0,1406000.0,4.67,25.2,0.0609,3,3,165,0.873,0.727,Declaration (Sec 19),1,moderate_anomaly
BS-PARCEL-03197,Gujarat,Ahmedabad,7.02,Agricultural,Irrigated Crop,1062000.0,1361000.0,1420000.0,38992000.0,1150000.0,0.87,48.8,0.0782,13,5,87,0.783,0.477,SIA Survey (Sec 4),1,moderate_anomaly
BS-PARCEL-03198,Odisha,Khordha,3.27,Non-Agricultural,Dry Crop,2444000.0,3289000.0,3259000.0,24490000.0,2564000.0,0.18,78.8,0.0741,9,2,13,0.915,0.441,Enquiry & Award (Sec 23),0,normal
BS-PARCEL-03199,Madhya Pradesh,Indore,3.2,Agricultural,Dry Crop,1479000.0,1883000.0,1972000.0,16740000.0,1658000.0,0.1,99.0,0.0084,3,2,206,0.825,0.676,Preliminary Notification (Sec 11),0,normal
BS-PARCEL-03200,Maharashtra,Nagpur,1.63,Agricultural,Irrigated Crop,955000.0,1004000.0,989000.0,3423000.0,1022000.0,4.61,64.0,0.0413,1,7,157,0.742,0.655,Declaration (Sec 19),0,normal
BS-PARCEL-03201,Gujarat,Bharuch,3.16,Non-Agricultural,Dry Crop,2929000.0,3406000.0,3336000.0,55850000.0,2717000.0,0.42,54.1,0.0791,5,29,761,0.338,0.126,SIA Survey (Sec 4),1,strong_anomaly
BS-PARCEL-03202,Uttar Pradesh,Varanasi,1.73,Industrial,Dry Crop,4152000.0,5653000.0,5843000.0,19715000.0,4151000.0,1.04,99.0,0.0556,3,0,10,0.654,0.551,Preliminary Notification (Sec 11),0,normal
BS-PARCEL-03203,Uttar Pradesh,Agra,3.84,Agricultural,Irrigated Crop,1130000.0,1522000.0,1433000.0,16373000.0,1098000.0,0.63,72.3,0.1251,6,23,442,0.947,0.648,Preliminary Notification (Sec 11),1,moderate_anomaly
BS-PARCEL-03204,Gujarat,Bharuch,2.72,Commercial,Irrigated Crop,5956000.0,6279000.0,6032000.0,51815000.0,5358000.0,0.42,42.9,0.1319,1,24,720,0.733,0.579,Compensation Disbursement,1,moderate_anomaly
BS-PARCEL-03205,Madhya Pradesh,Jabalpur,1.49,Industrial,Commercial Hub,5641000.0,6984000.0,6625000.0,44316000.0,5171000.0,1.75,62.9,0.0352,4,1,10,0.832,0.551,SIA Survey (Sec 4),1,moderate_anomaly
BS-PARCEL-03206,Tamil Nadu,Kanchipuram,7.71,Agricultural,Commercial Hub,1228000.0,1504000.0,1506000.0,22987000.0,1149000.0,0.55,83.0,0.0824,15,0,200,0.755,0.884,SIA Survey (Sec 4),0,normal
BS-PARCEL-03207,Uttar Pradesh,Agra,4.77,Agricultural,Dry Crop,1116000.0,1463000.0,1485000.0,16038000.0,1007000.0,1.32,63.7,0.1433,6,6,128,0.79,0.777,Preliminary Notification (Sec 11),0,normal
BS-PARCEL-03208,Tamil Nadu,Salem,2.27,Non-Agricultural,Commercial Hub,3497000.0,3847000.0,3621000.0,21365000.0,3200000.0,1.71,79.3,0.0746,3,2,55,0.745,0.867,Enquiry & Award (Sec 23),0,normal
BS-PARCEL-03209,Maharashtra,Thane,3.76,Commercial,Irrigated Crop,5210000.0,6766000.0,6491000.0,57045000.0,5861000.0,3.69,36.1,0.0637,5,1,315,0.713,0.391,Rehabilitation Scheme (Sec 16),0,normal
BS-PARCEL-03210,Uttar Pradesh,Agra,3.09,Agricultural,Irrigated Crop,1452000.0,2075000.0,2026000.0,15509000.0,1384000.0,0.1,39.2,0.1144,4,2,282,0.713,0.614,Possession Handover,0,normal
BS-PARCEL-03211,Karnataka,Mysuru,1.59,Non-Agricultural,Dry Crop,2517000.0,3017000.0,2943000.0,10261000.0,2764000.0,1.07,51.8,0.069,2,3,217,0.811,0.564,Enquiry & Award (Sec 23),0,normal
BS-PARCEL-03212,Tamil Nadu,Madurai,3.53,Non-Agricultural,Dry Crop,3642000.0,4316000.0,4107000.0,34673000.0,3166000.0,0.27,59.9,0.1308,3,2,188,0.936,0.581,Declaration (Sec 19),0,normal
BS-PARCEL-03213,Karnataka,Belagavi,1.96,Non-Agricultural,Residential Zone,2109000.0,2238000.0,2150000.0,19029000.0,2414000.0,1.72,71.0,0.0562,5,38,890,0.402,0.146,Enquiry & Award (Sec 23),1,strong_anomaly
BS-PARCEL-03214,Uttar Pradesh,Agra,1.49,Non-Agricultural,Irrigated Crop,3035000.0,3256000.0,3392000.0,10491000.0,3276000.0,2.36,76.5,0.061,2,4,10,0.604,0.636,Preliminary Notification (Sec 11),0,normal
BS-PARCEL-03215,Uttar Pradesh,Varanasi,0.84,Agricultural,Dry Crop,1348000.0,1918000.0,1964000.0,4005000.0,1512000.0,0.4,99.0,0.1116,0,3,201,0.892,0.922,Possession Handover,0,normal
BS-PARCEL-03216,Gujarat,Vadodara,2.45,Agricultural,Dry Crop,1316000.0,1895000.0,1849000.0,10582000.0,1326000.0,1.17,51.7,0.084,4,4,316,0.884,0.518,Possession Handover,0,normal
BS-PARCEL-03217,Madhya Pradesh,Gwalior,5.38,Agricultural,Irrigated Crop,1487000.0,1565000.0,1521000.0,19270000.0,1547000.0,2.23,59.3,0.0843,12,2,294,0.901,0.348,SIA Survey (Sec 4),0,normal
BS-PARCEL-03218,Odisha,Cuttack,1.84,Industrial,Dry Crop,3923000.0,5532000.0,5253000.0,20578000.0,3759000.0,0.58,52.2,0.0036,5,1,64,0.888,0.557,Declaration (Sec 19),0,normal
BS-PARCEL-03219,Gujarat,Surat,28.29,Industrial,Dry Crop,4797000.0,5371000.0,5274000.0,364270000.0,4699000.0,1.66,84.4,0.0659,46,4,200,0.794,0.73,SIA Survey (Sec 4),0,normal
BS-PARCEL-03220,Maharashtra,Nagpur,7.05,Commercial,Irrigated Crop,8244000.0,10507000.0,10378000.0,182861000.0,8864000.0,1.36,85.4,0.1146,6,4,56,0.506,0.498,Declaration (Sec 19),0,normal
BS-PARCEL-03221,Odisha,Jharsuguda,10.06,Agricultural,Irrigated Crop,1540000.0,2035000.0,2134000.0,44453000.0,1332000.0,3.32,56.9,0.0487,13,1,197,0.944,0.613,Enquiry & Award (Sec 23),0,normal
BS-PARCEL-03222,Maharashtra,Aurangabad,6.53,Non-Agricultural,Irrigated Crop,2937000.0,3506000.0,3608000.0,58354000.0,2529000.0,1.48,99.0,0.108,15,4,97,0.905,0.572,Possession Handover,0,normal
BS-PARCEL-03223,Uttar Pradesh,Gorakhpur,16.04,Agricultural,Infrastructure Corridor,1302000.0,1643000.0,1639000.0,58351000.0,1448000.0,0.61,52.2,0.0907,24,2,84,0.807,0.584,Rehabilitation Scheme (Sec 16),0,normal
BS-PARCEL-03224,Gujarat,Ahmedabad,1.7,Agricultural,Irrigated Crop,1450000.0,1886000.0,1803000.0,7553000.0,1280000.0,0.61,83.5,0.072,2,2,219,0.902,0.545,Enquiry & Award (Sec 23),0,normal
BS-PARCEL-03225,Gujarat,Surat,0.38,Agricultural,Irrigated Crop,1461000.0,1647000.0,1678000.0,7852000.0,1558000.0,2.76,91.2,0.1343,1,2,100,0.31,0.872,Enquiry & Award (Sec 23),1,strong_anomaly
BS-PARCEL-03226,Karnataka,Mysuru,2.27,Commercial,Irrigated Crop,8339000.0,12072000.0,12704000.0,58570000.0,7587000.0,4.09,40.5,0.0664,6,8,92,0.975,0.852,SIA Survey (Sec 4),0,normal
BS-PARCEL-03227,Odisha,Khordha,5.34,Agricultural,Irrigated Crop,1508000.0,1706000.0,1620000.0,20373000.0,1447000.0,0.41,75.4,0.0692,8,2,218,0.928,0.76,Declaration (Sec 19),0,normal
BS-PARCEL-03228,Odisha,Cuttack,3.78,Non-Agricultural,Irrigated Crop,2796000.0,2947000.0,3070000.0,28736000.0,2623000.0,5.62,15.9,0.0716,4,4,17,0.9,0.663,Enquiry & Award (Sec 23),0,normal
BS-PARCEL-03229,Gujarat,Ahmedabad,4.2,Barren,Dry Crop,741000.0,1058000.0,1017000.0,9810000.0,739000.0,0.75,79.8,0.0832,10,1,144,0.823,0.75,Enquiry & Award (Sec 23),0,normal
BS-PARCEL-03230,Odisha,Jharsuguda,10.2,Non-Agricultural,Irrigated Crop,2912000.0,3557000.0,3643000.0,180414000.0,3197000.0,0.63,45.2,0.1107,11,43,897,0.329,0.132,Possession Handover,1,strong_anomaly
BS-PARCEL-03231,Karnataka,Belagavi,4.59,Agricultural,Irrigated Crop,985000.0,1191000.0,1146000.0,12464000.0,1096000.0,0.46,75.2,0.0211,5,2,30,0.835,0.604,Preliminary Notification (Sec 11),0,normal
BS-PARCEL-03232,Uttar Pradesh,Prayagraj,6.55,Industrial,Irrigated Crop,5966000.0,6922000.0,7005000.0,104767000.0,5469000.0,0.91,78.6,0.1147,14,4,308,0.649,0.613,SIA Survey (Sec 4),0,normal
BS-PARCEL-03233,Odisha,Cuttack,1.49,Non-Agricultural,Dry Crop,3111000.0,3299000.0,3195000.0,13386000.0,2959000.0,1.38,85.2,0.0827,2,3,134,0.941,0.443,Preliminary Notification (Sec 11),0,normal
BS-PARCEL-03234,Uttar Pradesh,Lucknow,1.31,Agricultural,Irrigated Crop,942000.0,1089000.0,1094000.0,3589000.0,1037000.0,6.33,81.0,0.1022,3,1,101,0.749,0.548,SIA Survey (Sec 4),0,normal
BS-PARCEL-03235,Karnataka,Belagavi,13.09,Non-Agricultural,Dry Crop,3237000.0,3908000.0,3955000.0,137751000.0,2838000.0,1.8,66.0,0.1757,18,5,273,0.829,0.685,Declaration (Sec 19),0,normal
BS-PARCEL-03236,Tamil Nadu,Coimbatore,3.62,Industrial,Dry Crop,4415000.0,5555000.0,5634000.0,49288000.0,3908000.0,0.25,58.2,0.0595,4,3,357,0.597,0.492,Compensation Disbursement,0,normal
BS-PARCEL-03237,Maharashtra,Nagpur,1.95,Agricultural,Commercial Hub,950000.0,1171000.0,1197000.0,5344000.0,944000.0,2.5,63.7,0.031,7,2,207,0.711,0.754,Rehabilitation Scheme (Sec 16),0,normal
BS-PARCEL-03238,Maharashtra,Pune,1.96,Agricultural,Irrigated Crop,1337000.0,1874000.0,1777000.0,8828000.0,1453000.0,0.3,44.9,0.0878,7,3,292,0.758,0.685,Enquiry & Award (Sec 23),0,normal
BS-PARCEL-03239,Madhya Pradesh,Indore,1.91,Agricultural,Residential Zone,1427000.0,2019000.0,2068000.0,9182000.0,1357000.0,2.18,61.2,0.0941,5,3,119,0.623,0.715,Rehabilitation Scheme (Sec 16),0,normal
BS-PARCEL-03240,Odisha,Jharsuguda,1.82,Agricultural,Dry Crop,1272000.0,1497000.0,1435000.0,6211000.0,1108000.0,0.61,59.8,0.1149,4,4,185,0.898,0.885,Rehabilitation Scheme (Sec 16),0,normal
BS-PARCEL-03241,Maharashtra,Pune,1.12,Commercial,Irrigated Crop,4897000.0,7021000.0,7170000.0,17049000.0,5584000.0,0.75,50.8,0.0585,2,4,180,0.656,0.639,Compensation Disbursement,0,normal
BS-PARCEL-03242,Karnataka,Mysuru,0.93,Agricultural,Dry Crop,1315000.0,1836000.0,1753000.0,3574000.0,1488000.0,0.92,33.7,0.0468,1,5,215,0.674,0.376,Enquiry & Award (Sec 23),0,normal
BS-PARCEL-03243,Madhya Pradesh,Indore,2.81,Agricultural,Commercial Hub,905000.0,1286000.0,1283000.0,9644000.0,946000.0,2.54,42.0,0.0187,7,2,286,0.76,0.501,Rehabilitation Scheme (Sec 16),0,normal
BS-PARCEL-03244,Uttar Pradesh,Lucknow,2.01,Agricultural,Irrigated Crop,1567000.0,2088000.0,2060000.0,9516000.0,1653000.0,0.99,8.3,0.0253,1,4,18,0.742,0.721,Possession Handover,0,normal
BS-PARCEL-03245,Karnataka,Tumakuru,8.51,Agricultural,Irrigated Crop,1092000.0,1233000.0,1302000.0,26448000.0,1234000.0,6.21,59.5,0.0634,14,4,82,0.608,0.445,Declaration (Sec 19),0,normal
BS-PARCEL-03246,Tamil Nadu,Coimbatore,4.26,Agricultural,Dry Crop,1527000.0,1723000.0,1750000.0,15024000.0,1593000.0,0.74,71.5,0.0753,4,5,126,0.828,0.501,SIA Survey (Sec 4),0,normal
BS-PARCEL-03247,Karnataka,Belagavi,4.16,Non-Agricultural,Irrigated Crop,2120000.0,2997000.0,2849000.0,26254000.0,2303000.0,0.19,16.7,0.1626,6,5,73,0.946,0.238,Declaration (Sec 19),0,normal
BS-PARCEL-03248,Maharashtra,Pune,1.77,Agricultural,Infrastructure Corridor,970000.0,1215000.0,1244000.0,4637000.0,959000.0,4.76,69.3,0.0123,7,4,205,0.916,0.674,Enquiry & Award (Sec 23),0,normal
BS-PARCEL-03249,Maharashtra,Aurangabad,3.0,Agricultural,Irrigated Crop,1225000.0,1723000.0,1660000.0,12265000.0,1125000.0,4.15,62.8,0.0934,8,2,203,0.867,0.761,Rehabilitation Scheme (Sec 16),0,normal
BS-PARCEL-03250,Gujarat,Surat,4.51,Commercial,Irrigated Crop,7834000.0,10484000.0,10215000.0,100793000.0,8616000.0,0.8,43.8,0.051,11,3,186,0.736,0.927,Compensation Disbursement,0,normal
BS-PARCEL-03251,Madhya Pradesh,Bhopal,6.1,Barren,Irrigated Crop,855000.0,970000.0,956000.0,26134000.0,902000.0,0.14,57.2,0.0889,9,2,135,0.708,0.779,Declaration (Sec 19),1,moderate_anomaly
BS-PARCEL-03252,Madhya Pradesh,Bhopal,3.07,Agricultural,Irrigated Crop,1275000.0,1535000.0,1586000.0,12154000.0,1195000.0,0.41,83.9,0.0579,10,2,328,0.942,0.604,Declaration (Sec 19),0,normal
BS-PARCEL-03253,Maharashtra,Aurangabad,8.31,Agricultural,Residential Zone,1156000.0,1661000.0,1750000.0,30739000.0,1199000.0,1.52,47.5,0.1214,18,4,203,0.854,0.645,Compensation Disbursement,0,normal
BS-PARCEL-03254,Madhya Pradesh,Gwalior,3.34,Agricultural,Residential Zone,932000.0,986000.0,1036000.0,6714000.0,1020000.0,0.85,66.4,0.1212,7,3,163,0.945,0.401,Declaration (Sec 19),0,normal
BS-PARCEL-03255,Gujarat,Ahmedabad,6.51,Agricultural,Infrastructure Corridor,1320000.0,1763000.0,1693000.0,27519000.0,1229000.0,5.33,71.2,0.0755,10,3,187,0.843,0.751,Rehabilitation Scheme (Sec 16),0,normal
BS-PARCEL-03256,Karnataka,Tumakuru,2.19,Agricultural,Dry Crop,1174000.0,1692000.0,1603000.0,37682000.0,1268000.0,2.13,50.2,0.1376,7,5,261,0.367,0.819,Preliminary Notification (Sec 11),1,strong_anomaly
BS-PARCEL-03257,Tamil Nadu,Salem,0.71,Industrial,Dry Crop,6218000.0,6788000.0,7056000.0,11150000.0,5420000.0,0.86,83.1,0.1104,3,1,203,0.59,0.723,Rehabilitation Scheme (Sec 16),0,normal
BS-PARCEL-03258,Karnataka,Bengaluru Rural,4.17,Non-Agricultural,Irrigated Crop,2906000.0,3367000.0,3281000.0,31837000.0,3015000.0,0.1,72.3,0.1357,8,0,84,0.756,0.359,Rehabilitation Scheme (Sec 16),0,normal
BS-PARCEL-03259,Uttar Pradesh,Agra,6.15,Agricultural,Irrigated Crop,1451000.0,1841000.0,1859000.0,116384000.0,1668000.0,9.54,60.5,0.0783,9,6,373,0.372,0.608,SIA Survey (Sec 4),1,strong_anomaly
BS-PARCEL-03260,Odisha,Jharsuguda,5.41,Barren,Infrastructure Corridor,818000.0,1135000.0,1200000.0,89236000.0,908000.0,1.03,99.0,0.1181,6,1,230,0.452,0.565,Declaration (Sec 19),1,strong_anomaly
BS-PARCEL-03261,Uttar Pradesh,Gorakhpur,4.75,Agricultural,Dry Crop,971000.0,1216000.0,1170000.0,11739000.0,1080000.0,3.2,83.2,0.0493,8,1,53,0.938,0.737,Preliminary Notification (Sec 11),0,normal
BS-PARCEL-03262,Odisha,Cuttack,2.47,Agricultural,Dry Crop,1217000.0,1307000.0,1287000.0,6933000.0,1283000.0,0.5,34.6,0.0452,5,3,10,0.763,0.696,SIA Survey (Sec 4),0,normal
BS-PARCEL-03263,Uttar Pradesh,Varanasi,1.67,Agricultural,Dry Crop,1543000.0,1699000.0,1774000.0,2440000.0,1525000.0,0.13,58.0,0.1672,4,38,255,0.78,0.527,Declaration (Sec 19),1,strong_anomaly
BS-PARCEL-03264,Madhya Pradesh,Bhopal,5.31,Agricultural,Commercial Hub,1206000.0,1448000.0,1474000.0,18317000.0,1270000.0,0.34,99.0,0.0366,9,9,322,0.919,0.662,SIA Survey (Sec 4),0,normal
BS-PARCEL-03265,Uttar Pradesh,Agra,4.77,Industrial,Irrigated Crop,5228000.0,6164000.0,6488000.0,72971000.0,4948000.0,3.17,47.3,0.0626,7,16,627,0.821,0.416,Declaration (Sec 19),1,moderate_anomaly
BS-PARCEL-03266,Uttar Pradesh,Varanasi,2.06,Agricultural,Commercial Hub,1529000.0,1740000.0,1768000.0,8394000.0,1553000.0,0.24,66.2,0.0041,5,2,247,0.706,0.492,Enquiry & Award (Sec 23),0,normal
BS-PARCEL-03267,Karnataka,Tumakuru,8.53,Non-Agricultural,Commercial Hub,2491000.0,3453000.0,3372000.0,150117000.0,2521000.0,4.83,87.2,0.0462,19,4,250,0.763,0.43,Rehabilitation Scheme (Sec 16),1,moderate_anomaly
BS-PARCEL-03268,Tamil Nadu,Kanchipuram,1.57,Agricultural,Residential Zone,1544000.0,1638000.0,1698000.0,6137000.0,1564000.0,3.09,76.7,0.0402,1,4,180,0.977,0.537,Preliminary Notification (Sec 11),0,normal
BS-PARCEL-03269,Uttar Pradesh,Varanasi,2.02,Industrial,Irrigated Crop,4743000.0,6554000.0,6758000.0,45994000.0,4618000.0,1.63,79.3,0.0532,2,24,409,0.909,0.629,Declaration (Sec 19),1,moderate_anomaly
BS-PARCEL-03270,Odisha,Khordha,13.34,Non-Agricultural,Irrigated Crop,3096000.0,4392000.0,4621000.0,137278000.0,2959000.0,0.41,78.3,0.092,21,2,103,0.9,0.743,Preliminary Notification (Sec 11),0,normal
BS-PARCEL-03271,Gujarat,Surat,6.95,Agricultural,Dry Crop,1136000.0,1479000.0,1475000.0,71266000.0,1078000.0,0.27,65.5,0.1016,13,32,814,0.392,0.088,Declaration (Sec 19),1,strong_anomaly
BS-PARCEL-03272,Gujarat,Bharuch,2.45,Agricultural,Residential Zone,1280000.0,1664000.0,1665000.0,10263000.0,1174000.0,0.57,50.7,0.0397,7,1,244,0.86,0.808,Enquiry & Award (Sec 23),0,normal
BS-PARCEL-03273,Gujarat,Ahmedabad,4.24,Industrial,Infrastructure Corridor,3742000.0,4152000.0,4064000.0,41213000.0,3673000.0,1.84,72.8,0.0484,7,2,158,0.899,0.897,Declaration (Sec 19),0,normal
BS-PARCEL-03274,Madhya Pradesh,Gwalior,3.79,Agricultural,Dry Crop,947000.0,1210000.0,1176000.0,10478000.0,838000.0,1.07,57.8,0.1233,8,3,119,0.646,0.499,Rehabilitation Scheme (Sec 16),0,normal
BS-PARCEL-03275,Maharashtra,Pune,0.32,Agricultural,Irrigated Crop,1199000.0,1439000.0,1525000.0,905000.0,1343000.0,1.2,56.3,0.1482,0,1,199,0.784,0.498,Possession Handover,0,normal
BS-PARCEL-03276,Gujarat,Ahmedabad,1.54,Industrial,Irrigated Crop,4565000.0,5211000.0,5509000.0,19821000.0,3976000.0,2.73,91.7,0.1302,1,0,142,0.975,0.432,Preliminary Notification (Sec 11),0,normal
BS-PARCEL-03277,Maharashtra,Pune,3.18,Agricultural,Dry Crop,1343000.0,1724000.0,1730000.0,13076000.0,1479000.0,0.77,58.1,0.0141,9,1,171,0.939,0.864,Compensation Disbursement,0,normal
BS-PARCEL-03278,Uttar Pradesh,Prayagraj,2.45,Agricultural,Irrigated Crop,927000.0,974000.0,1027000.0,5168000.0,855000.0,1.55,95.7,0.1276,5,4,194,0.787,0.741,Compensation Disbursement,0,normal
BS-PARCEL-03279,Gujarat,Ahmedabad,4.1,Agricultural,Dry Crop,1021000.0,1185000.0,1165000.0,10741000.0,1129000.0,0.49,69.6,0.1541,8,2,94,0.632,0.542,Rehabilitation Scheme (Sec 16),0,normal
BS-PARCEL-03280,Karnataka,Bengaluru Rural,8.67,Agricultural,Residential Zone,1051000.0,1379000.0,1437000.0,25666000.0,1120000.0,0.92,62.1,0.0122,13,1,268,0.971,0.694,SIA Survey (Sec 4),0,normal
BS-PARCEL-03281,Tamil Nadu,Madurai,2.53,Agricultural,Irrigated Crop,1217000.0,1499000.0,1523000.0,8813000.0,1371000.0,0.1,32.3,0.1233,1,2,161,0.844,0.666,SIA Survey (Sec 4),0,normal
BS-PARCEL-03282,Gujarat,Vadodara,1.35,Agricultural,Irrigated Crop,1078000.0,1195000.0,1226000.0,2996000.0,1198000.0,0.1,99.0,0.089,0,2,233,0.68,0.804,Possession Handover,0,normal
BS-PARCEL-03283,Gujarat,Surat,4.38,Agricultural,Irrigated Crop,999000.0,1049000.0,1076000.0,9243000.0,1059000.0,0.2,64.9,0.0669,10,0,186,0.878,0.596,SIA Survey (Sec 4),0,normal
BS-PARCEL-03284,Tamil Nadu,Madurai,2.52,Agricultural,Irrigated Crop,1330000.0,1540000.0,1565000.0,9077000.0,1191000.0,0.4,24.1,0.0842,7,7,349,0.79,0.227,Compensation Disbursement,0,normal
BS-PARCEL-03285,Karnataka,Belagavi,2.91,Agricultural,Dry Crop,1436000.0,1823000.0,1900000.0,14480000.0,1457000.0,0.11,82.8,0.0977,5,23,624,0.599,0.652,Declaration (Sec 19),1,moderate_anomaly
BS-PARCEL-03286,Tamil Nadu,Coimbatore,2.59,Barren,Irrigated Crop,755000.0,954000.0,942000.0,23101000.0,719000.0,1.96,64.1,0.1263,5,5,224,0.327,0.728,Declaration (Sec 19),1,strong_anomaly
BS-PARCEL-03287,Odisha,Jharsuguda,22.32,Non-Agricultural,Irrigated Crop,2564000.0,2827000.0,2945000.0,179425000.0,2861000.0,3.53,48.2,0.1242,46,18,720,0.903,0.635,Declaration (Sec 19),1,moderate_anomaly
BS-PARCEL-03288,Tamil Nadu,Kanchipuram,0.49,Agricultural,Irrigated Crop,1515000.0,1963000.0,1888000.0,2197000.0,1684000.0,0.1,81.8,0.0197,0,3,409,0.455,0.536,SIA Survey (Sec 4),0,normal
BS-PARCEL-03289,Odisha,Sambalpur,2.39,Agricultural,Irrigated Crop,1341000.0,1944000.0,1874000.0,10201000.0,1266000.0,3.6,19.1,0.0541,4,3,175,0.958,0.811,Rehabilitation Scheme (Sec 16),0,normal
BS-PARCEL-03290,Gujarat,Vadodara,3.31,Non-Agricultural,Dry Crop,3133000.0,4023000.0,4128000.0,36527000.0,3294000.0,0.1,52.1,0.0837,3,1,198,0.962,0.865,Possession Handover,0,normal
BS-PARCEL-03291,Gujarat,Ahmedabad,1.71,Agricultural,Dry Crop,1053000.0,1328000.0,1368000.0,5198000.0,1002000.0,0.36,59.6,0.1429,2,1,191,0.783,0.859,SIA Survey (Sec 4),0,normal
BS-PARCEL-03292,Gujarat,Bharuch,7.13,Agricultural,Dry Crop,1074000.0,1395000.0,1462000.0,28992000.0,1131000.0,4.53,80.3,-0.0291,15,14,412,0.637,0.344,Possession Handover,1,moderate_anomaly
BS-PARCEL-03293,Maharashtra,Aurangabad,6.63,Non-Agricultural,Dry Crop,2898000.0,4063000.0,3953000.0,108418000.0,2997000.0,1.08,99.0,0.0556,18,3,190,0.97,0.663,Possession Handover,1,moderate_anomaly
BS-PARCEL-03294,Tamil Nadu,Coimbatore,3.19,Agricultural,Irrigated Crop,1071000.0,1530000.0,1448000.0,10815000.0,1075000.0,0.1,60.6,0.0189,5,1,291,0.975,0.306,Preliminary Notification (Sec 11),0,normal
BS-PARCEL-03295,Tamil Nadu,Coimbatore,2.64,Commercial,Dry Crop,7559000.0,8061000.0,8068000.0,49925000.0,8417000.0,2.79,73.3,0.0252,1,2,236,0.947,0.437,Declaration (Sec 19),0,normal
BS-PARCEL-03296,Tamil Nadu,Kanchipuram,3.02,Industrial,Irrigated Crop,4489000.0,5082000.0,5311000.0,38245000.0,4147000.0,0.86,99.0,0.1194,7,1,346,0.797,0.396,SIA Survey (Sec 4),0,normal
BS-PARCEL-03297,Maharashtra,Nashik,3.04,Commercial,Infrastructure Corridor,5467000.0,5994000.0,6333000.0,47277000.0,5955000.0,1.9,65.1,0.0587,1,1,266,0.641,0.507,Declaration (Sec 19),0,normal
BS-PARCEL-03298,Madhya Pradesh,Bhopal,3.11,Agricultural,Irrigated Crop,1009000.0,1371000.0,1430000.0,10522000.0,1066000.0,2.41,73.4,-0.0133,9,3,235,0.58,0.446,Possession Handover,0,normal
BS-PARCEL-03299,Maharashtra,Pune,2.83,Agricultural,Dry Crop,992000.0,1060000.0,1059000.0,7952000.0,927000.0,0.68,42.7,0.0737,6,5,277,0.796,0.494,Compensation Disbursement,0,normal
BS-PARCEL-03300,Odisha,Jharsuguda,4.11,Agricultural,Irrigated Crop,1217000.0,1717000.0,1792000.0,17088000.0,1188000.0,8.13,99.0,0.1614,10,3,220,0.858,0.613,Possession Handover,0,normal
BS-PARCEL-03301,Maharashtra,Thane,6.3,Commercial,Commercial Hub,4887000.0,5172000.0,4994000.0,85467000.0,4255000.0,0.33,52.2,0.0077,12,3,149,0.919,0.368,SIA Survey (Sec 4),0,normal
BS-PARCEL-03302,Maharashtra,Nashik,1.17,Industrial,Irrigated Crop,5162000.0,6664000.0,7001000.0,17739000.0,5313000.0,6.21,69.8,0.1013,2,3,165,0.872,0.551,Declaration (Sec 19),0,normal
BS-PARCEL-03303,Madhya Pradesh,Bhopal,1.36,Industrial,Infrastructure Corridor,4459000.0,5173000.0,5214000.0,15247000.0,4978000.0,2.87,69.3,0.1427,2,1,10,0.863,0.837,SIA Survey (Sec 4),0,normal
BS-PARCEL-03304,Odisha,Cuttack,0.75,Agricultural,Irrigated Crop,1298000.0,1607000.0,1586000.0,3148000.0,1149000.0,0.25,66.5,0.078,2,5,355,0.968,0.452,Compensation Disbursement,0,normal
BS-PARCEL-03305,Odisha,Jharsuguda,6.93,Commercial,Residential Zone,8523000.0,10456000.0,10558000.0,153090000.0,7582000.0,0.1,57.2,0.1571,10,4,158,0.872,0.579,SIA Survey (Sec 4),0,normal
BS-PARCEL-03306,Uttar Pradesh,Prayagraj,4.11,Agricultural,Dry Crop,1526000.0,2059000.0,2129000.0,19570000.0,1514000.0,0.47,69.3,0.0536,3,0,65,0.595,0.774,SIA Survey (Sec 4),0,normal
BS-PARCEL-03307,Gujarat,Surat,5.1,Commercial,Irrigated Crop,7123000.0,8894000.0,8617000.0,64236000.0,6656000.0,0.24,96.6,0.1378,5,3,139,0.969,0.65,Preliminary Notification (Sec 11),1,moderate_anomaly
BS-PARCEL-03308,Maharashtra,Aurangabad,0.99,Agricultural,Irrigated Crop,1201000.0,1463000.0,1393000.0,3282000.0,1121000.0,0.1,99.0,0.1284,1,0,373,0.86,0.602,SIA Survey (Sec 4),0,normal
BS-PARCEL-03309,Gujarat,Surat,15.14,Agricultural,Irrigated Crop,1403000.0,1883000.0,1936000.0,100666000.0,1461000.0,2.43,61.8,0.0787,35,2,187,0.498,0.275,SIA Survey (Sec 4),1,moderate_anomaly
BS-PARCEL-03310,Madhya Pradesh,Gwalior,1.98,Agricultural,Residential Zone,1565000.0,2223000.0,2344000.0,33664000.0,1523000.0,2.77,56.9,0.0205,4,3,208,0.608,0.569,Preliminary Notification (Sec 11),1,strong_anomaly
BS-PARCEL-03311,Maharashtra,Pune,3.83,Barren,Residential Zone,678000.0,927000.0,942000.0,7813000.0,748000.0,0.13,50.4,0.0399,3,1,409,0.775,0.406,Compensation Disbursement,0,normal
BS-PARCEL-03312,Uttar Pradesh,Lucknow,6.86,Agricultural,Irrigated Crop,972000.0,1307000.0,1251000.0,24801000.0,951000.0,0.26,99.0,-0.0138,8,3,271,0.462,0.597,Enquiry & Award (Sec 23),0,normal
BS-PARCEL-03313,Madhya Pradesh,Jabalpur,1.43,Agricultural,Irrigated Crop,1452000.0,1808000.0,1839000.0,5791000.0,1502000.0,3.58,67.3,0.1038,2,2,148,0.674,0.508,SIA Survey (Sec 4),0,normal
BS-PARCEL-03314,Uttar Pradesh,Agra,2.09,Agricultural,Irrigated Crop,908000.0,1280000.0,1221000.0,5591000.0,880000.0,1.18,85.1,0.099,4,4,10,0.992,0.767,Enquiry & Award (Sec 23),0,normal
BS-PARCEL-03315,Maharashtra,Thane,3.87,Agricultural,Irrigated Crop,1451000.0,1806000.0,1763000.0,16376000.0,1345000.0,3.96,77.5,0.0832,5,0,250,0.918,0.662,Rehabilitation Scheme (Sec 16),0,normal
BS-PARCEL-03316,Uttar Pradesh,Lucknow,37.67,Industrial,Dry Crop,3845000.0,5468000.0,5161000.0,976398000.0,3812000.0,0.16,99.0,0.0751,76,8,105,0.784,0.805,Enquiry & Award (Sec 23),1,moderate_anomaly
BS-PARCEL-03317,Uttar Pradesh,Gorakhpur,4.29,Agricultural,Irrigated Crop,977000.0,1340000.0,1338000.0,12898000.0,1042000.0,4.44,60.5,0.1343,9,2,252,0.796,0.718,Rehabilitation Scheme (Sec 16),0,normal
BS-PARCEL-03318,Madhya Pradesh,Indore,13.01,Agricultural,Irrigated Crop,1463000.0,1624000.0,1589000.0,48182000.0,1662000.0,0.79,45.1,0.0919,24,2,174,0.555,0.839,Declaration (Sec 19),0,normal
BS-PARCEL-03319,Tamil Nadu,Salem,9.25,Commercial,Residential Zone,7564000.0,8084000.0,7694000.0,171850000.0,6525000.0,1.07,98.5,0.0578,27,3,224,0.6,0.781,Rehabilitation Scheme (Sec 16),0,normal
BS-PARCEL-03320,Tamil Nadu,Madurai,4.54,Agricultural,Commercial Hub,1305000.0,1757000.0,1717000.0,20917000.0,1317000.0,0.81,81.3,0.0859,10,2,278,0.577,0.584,SIA Survey (Sec 4),0,normal
BS-PARCEL-03321,Uttar Pradesh,Agra,1.43,Agricultural,Commercial Hub,1491000.0,1975000.0,2010000.0,6281000.0,1552000.0,0.1,73.2,0.1619,2,1,10,0.631,0.74,Declaration (Sec 19),0,normal
BS-PARCEL-03322,Uttar Pradesh,Prayagraj,8.17,Agricultural,Irrigated Crop,1513000.0,1953000.0,1904000.0,35555000.0,1325000.0,0.25,92.6,0.1049,16,1,194,0.904,0.754,Enquiry & Award (Sec 23),0,normal
BS-PARCEL-03323,Gujarat,Bharuch,0.93,Agricultural,Infrastructure Corridor,1229000.0,1770000.0,1694000.0,3967000.0,1350000.0,0.75,74.2,0.0644,0,2,177,0.829,0.579,Enquiry & Award (Sec 23),0,normal
BS-PARCEL-03324,Karnataka,Belagavi,12.95,Agricultural,Dry Crop,1617000.0,2051000.0,2062000.0,58002000.0,1508000.0,0.55,93.3,0.0782,21,3,211,0.759,0.514,Rehabilitation Scheme (Sec 16),0,normal
BS-PARCEL-03325,Tamil Nadu,Coimbatore,3.94,Agricultural,Dry Crop,1157000.0,1376000.0,1418000.0,7518000.0,1287000.0,2.37,69.4,0.0985,8,2,235,0.88,0.68,Declaration (Sec 19),1,moderate_anomaly
BS-PARCEL-03326,Tamil Nadu,Coimbatore,0.35,Agricultural,Irrigated Crop,1023000.0,1305000.0,1357000.0,933000.0,1039000.0,0.38,81.2,0.0632,3,4,196,0.834,0.831,Enquiry & Award (Sec 23),0,normal
BS-PARCEL-03327,Gujarat,Ahmedabad,2.49,Non-Agricultural,Residential Zone,3521000.0,3737000.0,3724000.0,21999000.0,3153000.0,3.69,74.5,0.0596,4,2,108,0.568,0.722,Preliminary Notification (Sec 11),0,normal
BS-PARCEL-03328,Maharashtra,Nashik,5.79,Commercial,Dry Crop,6496000.0,8326000.0,8537000.0,97821000.0,6962000.0,0.12,59.1,0.0795,9,2,55,0.507,0.636,Preliminary Notification (Sec 11),0,normal
BS-PARCEL-03329,Uttar Pradesh,Gorakhpur,2.71,Industrial,Residential Zone,6119000.0,8634000.0,8979000.0,59208000.0,5490000.0,0.76,61.3,0.1408,4,0,10,0.754,0.533,Rehabilitation Scheme (Sec 16),0,normal
BS-PARCEL-03330,Maharashtra,Nashik,6.1,Agricultural,Dry Crop,944000.0,993000.0,1014000.0,61047000.0,1006000.0,2.89,57.9,0.1116,14,3,193,0.514,0.572,SIA Survey (Sec 4),1,strong_anomaly
BS-PARCEL-03331,Uttar Pradesh,Lucknow,1.61,Agricultural,Commercial Hub,980000.0,1360000.0,1364000.0,4786000.0,1071000.0,0.26,69.8,0.0636,0,1,237,0.856,0.542,Rehabilitation Scheme (Sec 16),0,normal
BS-PARCEL-03332,Odisha,Khordha,1.09,Barren,Dry Crop,503000.0,689000.0,653000.0,1769000.0,514000.0,4.41,56.8,0.1148,3,4,142,0.912,0.667,Preliminary Notification (Sec 11),0,normal
BS-PARCEL-03333,Maharashtra,Pune,3.12,Commercial,Infrastructure Corridor,7223000.0,7891000.0,7692000.0,55347000.0,6727000.0,1.35,72.8,0.0803,2,0,271,0.735,0.645,Declaration (Sec 19),0,normal
BS-PARCEL-03334,Tamil Nadu,Kanchipuram,3.41,Agricultural,Irrigated Crop,1499000.0,2082000.0,2037000.0,41854000.0,1471000.0,3.55,72.2,0.0938,6,53,1022,0.264,0.055,Enquiry & Award (Sec 23),1,strong_anomaly
BS-PARCEL-03335,Madhya Pradesh,Gwalior,2.47,Agricultural,Irrigated Crop,1190000.0,1613000.0,1593000.0,9533000.0,1200000.0,0.99,68.7,0.0901,6,1,170,0.888,0.85,Enquiry & Award (Sec 23),0,normal
BS-PARCEL-03336,Madhya Pradesh,Jabalpur,9.42,Agricultural,Commercial Hub,965000.0,1203000.0,1268000.0,33567000.0,1013000.0,1.43,69.0,-0.0044,13,18,501,0.949,0.661,Enquiry & Award (Sec 23),1,moderate_anomaly
BS-PARCEL-03337,Madhya Pradesh,Bhopal,1.61,Agricultural,Dry Crop,1169000.0,1342000.0,1295000.0,7030000.0,1216000.0,1.52,54.8,-0.0419,2,12,519,0.857,0.711,Rehabilitation Scheme (Sec 16),1,moderate_anomaly
BS-PARCEL-03338,Tamil Nadu,Kanchipuram,4.33,Agricultural,Dry Crop,1151000.0,1341000.0,1348000.0,14075000.0,1117000.0,1.35,59.9,0.0891,9,1,281,0.949,0.638,Possession Handover,0,normal
BS-PARCEL-03339,Uttar Pradesh,Gorakhpur,3.52,Agricultural,Commercial Hub,1363000.0,1765000.0,1869000.0,9136000.0,1469000.0,0.96,34.9,0.0459,4,2,333,0.864,0.758,Enquiry & Award (Sec 23),1,moderate_anomaly
BS-PARCEL-03340,Uttar Pradesh,Gorakhpur,0.88,Barren,Dry Crop,742000.0,852000.0,864000.0,1507000.0,802000.0,2.47,62.8,0.0144,0,3,159,0.653,0.402,Declaration (Sec 19),0,normal
BS-PARCEL-03341,Gujarat,Bharuch,1.08,Non-Agricultural,Commercial Hub,2273000.0,2682000.0,2588000.0,35598000.0,2407000.0,3.56,47.3,0.0471,0,2,275,0.625,0.756,SIA Survey (Sec 4),1,strong_anomaly
BS-PARCEL-03342,Gujarat,Ahmedabad,3.35,Non-Agricultural,Irrigated Crop,2806000.0,3991000.0,4211000.0,27063000.0,2614000.0,1.42,66.8,0.117,4,1,335,0.984,0.823,Declaration (Sec 19),0,normal
BS-PARCEL-03343,Madhya Pradesh,Bhopal,17.89,Agricultural,Residential Zone,1363000.0,1829000.0,1793000.0,79488000.0,1350000.0,3.46,52.1,0.0943,28,2,76,0.933,0.26,Declaration (Sec 19),0,normal
BS-PARCEL-03344,Tamil Nadu,Kanchipuram,5.43,Commercial,Irrigated Crop,5885000.0,7912000.0,7483000.0,89939000.0,5766000.0,1.33,28.1,0.1109,9,4,214,0.876,0.593,Enquiry & Award (Sec 23),0,normal
BS-PARCEL-03345,Karnataka,Belagavi,0.77,Non-Agricultural,Dry Crop,2784000.0,3988000.0,3955000.0,6887000.0,3049000.0,3.6,99.0,0.0981,0,6,200,0.819,0.648,Enquiry & Award (Sec 23),0,normal
BS-PARCEL-03346,Maharashtra,Thane,0.24,Agricultural,Residential Zone,1342000.0,1412000.0,1368000.0,767000.0,1466000.0,0.7,60.8,0.0432,1,3,298,0.797,0.502,Possession Handover,0,normal
BS-PARCEL-03347,Gujarat,Bharuch,6.19,Non-Agricultural,Irrigated Crop,2777000.0,3187000.0,3309000.0,50606000.0,3082000.0,0.76,91.0,0.1111,12,1,88,0.853,0.439,Possession Handover,0,normal
BS-PARCEL-03348,Tamil Nadu,Kanchipuram,3.06,Non-Agricultural,Irrigated Crop,2152000.0,2826000.0,2731000.0,18297000.0,1978000.0,1.21,55.5,0.1034,3,2,214,0.908,0.436,Declaration (Sec 19),0,normal
BS-PARCEL-03349,Maharashtra,Nagpur,8.76,Commercial,Irrigated Crop,5743000.0,7037000.0,7307000.0,293408000.0,6171000.0,0.1,95.6,0.0753,13,6,151,0.93,0.843,Possession Handover,1,moderate_anomaly
BS-PARCEL-03350,Madhya Pradesh,Gwalior,1.57,Agricultural,Dry Crop,1459000.0,1598000.0,1509000.0,5424000.0,1621000.0,4.19,44.3,0.0824,2,3,226,0.856,0.69,Possession Handover,0,normal
BS-PARCEL-03351,Madhya Pradesh,Gwalior,4.47,Industrial,Dry Crop,4316000.0,5881000.0,6184000.0,56889000.0,3884000.0,1.93,68.2,0.1117,8,1,314,0.64,0.475,Preliminary Notification (Sec 11),0,normal
BS-PARCEL-03352,Tamil Nadu,Salem,6.82,Agricultural,Irrigated Crop,1489000.0,1591000.0,1504000.0,85876000.0,1283000.0,1.22,45.3,0.05,7,3,342,0.601,0.677,Declaration (Sec 19),1,strong_anomaly
BS-PARCEL-03353,Tamil Nadu,Kanchipuram,2.27,Agricultural,Residential Zone,1236000.0,1567000.0,1649000.0,7169000.0,1090000.0,0.1,99.0,0.1235,4,2,315,0.867,0.483,SIA Survey (Sec 4),0,normal
BS-PARCEL-03354,Madhya Pradesh,Bhopal,2.31,Agricultural,Irrigated Crop,1241000.0,1582000.0,1501000.0,8595000.0,1281000.0,1.84,60.5,0.1026,5,3,71,0.919,0.278,SIA Survey (Sec 4),0,normal
BS-PARCEL-03355,Gujarat,Ahmedabad,3.39,Agricultural,Dry Crop,1455000.0,1898000.0,1983000.0,16122000.0,1421000.0,0.1,79.9,0.0801,4,3,127,0.768,0.617,SIA Survey (Sec 4),0,normal
BS-PARCEL-03356,Gujarat,Vadodara,5.27,Agricultural,Dry Crop,1176000.0,1383000.0,1438000.0,74701000.0,1068000.0,0.21,73.1,0.1412,10,2,290,0.428,0.788,Declaration (Sec 19),1,strong_anomaly
BS-PARCEL-03357,Gujarat,Bharuch,3.28,Agricultural,Irrigated Crop,1072000.0,1136000.0,1149000.0,2578000.0,1081000.0,1.49,64.5,0.0282,4,49,246,0.955,0.982,Preliminary Notification (Sec 11),1,strong_anomaly
BS-PARCEL-03358,Maharashtra,Thane,7.6,Non-Agricultural,Irrigated Crop,2276000.0,3199000.0,3021000.0,48594000.0,2471000.0,0.24,74.3,0.0616,17,4,151,0.81,0.455,SIA Survey (Sec 4),0,normal
BS-PARCEL-03359,Karnataka,Mysuru,2.24,Agricultural,Infrastructure Corridor,1384000.0,1968000.0,1997000.0,8916000.0,1532000.0,0.53,89.5,0.0527,2,3,79,0.729,0.8,Preliminary Notification (Sec 11),0,normal
BS-PARCEL-03360,Maharashtra,Thane,1.07,Barren,Dry Crop,671000.0,834000.0,846000.0,2095000.0,722000.0,2.56,77.0,0.0943,0,4,10,0.736,0.433,Enquiry & Award (Sec 23),0,normal
BS-PARCEL-03361,Karnataka,Bengaluru Rural,17.82,Agricultural,Irrigated Crop,1483000.0,1569000.0,1580000.0,56675000.0,1655000.0,17.08,67.9,0.1273,50,0,10,0.779,0.91,Compensation Disbursement,0,normal
BS-PARCEL-03362,Tamil Nadu,Madurai,1.99,Non-Agricultural,Commercial Hub,2869000.0,3679000.0,3737000.0,16677000.0,2959000.0,1.79,74.3,0.0407,1,0,146,0.931,0.402,Possession Handover,0,normal
BS-PARCEL-03363,Odisha,Cuttack,2.05,Industrial,Dry Crop,4795000.0,5641000.0,5958000.0,24823000.0,5280000.0,2.95,99.0,0.2122,6,0,148,0.807,0.748,Rehabilitation Scheme (Sec 16),0,normal
BS-PARCEL-03364,Uttar Pradesh,Prayagraj,3.14,Commercial,Irrigated Crop,6041000.0,6784000.0,7187000.0,54505000.0,5891000.0,0.59,57.5,0.0535,4,16,421,0.948,0.401,SIA Survey (Sec 4),1,moderate_anomaly
BS-PARCEL-03365,Tamil Nadu,Madurai,3.52,Non-Agricultural,Dry Crop,2435000.0,2721000.0,2728000.0,26497000.0,2692000.0,0.7,31.6,0.0944,7,12,686,0.935,0.686,Compensation Disbursement,1,moderate_anomaly
BS-PARCEL-03366,Uttar Pradesh,Agra,2.39,Non-Agricultural,Dry Crop,3495000.0,3920000.0,3728000.0,23542000.0,3910000.0,3.42,45.3,0.0801,5,19,557,0.894,0.613,Preliminary Notification (Sec 11),1,moderate_anomaly
BS-PARCEL-03367,Gujarat,Surat,3.27,Agricultural,Irrigated Crop,969000.0,1146000.0,1096000.0,8338000.0,1023000.0,1.97,46.6,0.0818,4,0,95,0.749,0.79,Possession Handover,0,normal
BS-PARCEL-03368,Maharashtra,Pune,3.21,Agricultural,Residential Zone,1550000.0,1801000.0,1849000.0,12534000.0,1518000.0,4.76,49.1,0.0483,1,3,10,0.937,0.854,Enquiry & Award (Sec 23),0,normal
BS-PARCEL-03369,Maharashtra,Aurangabad,3.85,Agricultural,Irrigated Crop,919000.0,1272000.0,1346000.0,4609000.0,859000.0,0.82,49.8,0.1227,4,44,77,0.633,0.806,Declaration (Sec 19),1,strong_anomaly
BS-PARCEL-03370,Maharashtra,Thane,0.45,Agricultural,Irrigated Crop,1276000.0,1593000.0,1581000.0,1681000.0,1209000.0,0.95,64.6,0.0458,2,0,364,0.942,0.72,Preliminary Notification (Sec 11),0,normal
BS-PARCEL-03371,Uttar Pradesh,Varanasi,16.42,Agricultural,Irrigated Crop,942000.0,1150000.0,1095000.0,42698000.0,838000.0,2.25,69.5,0.0092,32,2,181,0.884,0.441,Preliminary Notification (Sec 11),0,normal
BS-PARCEL-03372,Tamil Nadu,Madurai,2.93,Agricultural,Commercial Hub,1461000.0,1619000.0,1590000.0,10936000.0,1263000.0,1.0,69.3,0.0351,4,2,291,0.864,0.787,Declaration (Sec 19),0,normal
BS-PARCEL-03373,Uttar Pradesh,Varanasi,5.44,Industrial,Commercial Hub,4209000.0,5894000.0,5813000.0,79571000.0,4101000.0,0.19,51.9,0.1378,5,4,118,0.959,0.438,Rehabilitation Scheme (Sec 16),0,normal
BS-PARCEL-03374,Gujarat,Vadodara,1.03,Industrial,Infrastructure Corridor,5230000.0,5606000.0,5940000.0,13736000.0,4512000.0,4.36,82.9,0.13,0,4,124,0.892,0.495,Compensation Disbursement,0,normal
BS-PARCEL-03375,Karnataka,Bengaluru Rural,2.22,Commercial,Irrigated Crop,8449000.0,9681000.0,9898000.0,50889000.0,9414000.0,2.78,74.6,-0.0003,4,2,10,0.812,0.523,Declaration (Sec 19),0,normal
BS-PARCEL-03376,Odisha,Jharsuguda,1.87,Non-Agricultural,Commercial Hub,3191000.0,4144000.0,3954000.0,19295000.0,3335000.0,0.11,93.5,0.1125,3,3,143,0.873,0.52,Rehabilitation Scheme (Sec 16),0,normal
BS-PARCEL-03377,Tamil Nadu,Coimbatore,11.58,Agricultural,Dry Crop,1028000.0,1368000.0,1341000.0,34216000.0,1134000.0,1.76,80.2,0.0007,17,1,181,0.645,0.593,SIA Survey (Sec 4),0,normal
BS-PARCEL-03378,Uttar Pradesh,Agra,2.02,Agricultural,Irrigated Crop,1474000.0,2020000.0,1911000.0,8625000.0,1449000.0,1.44,58.7,0.0789,0,4,275,0.632,0.763,Declaration (Sec 19),0,normal
BS-PARCEL-03379,Odisha,Jharsuguda,6.32,Non-Agricultural,Irrigated Crop,2842000.0,3451000.0,3514000.0,44038000.0,2607000.0,3.98,88.5,0.0317,13,1,241,0.916,0.793,SIA Survey (Sec 4),0,normal
BS-PARCEL-03380,Karnataka,Belagavi,1.91,Non-Agricultural,Residential Zone,2122000.0,2522000.0,2574000.0,10483000.0,1988000.0,0.86,69.9,0.1156,2,4,398,0.76,0.878,Enquiry & Award (Sec 23),0,normal
BS-PARCEL-03381,Maharashtra,Pune,2.26,Agricultural,Irrigated Crop,1250000.0,1457000.0,1380000.0,7866000.0,1383000.0,0.24,79.4,0.1022,3,3,163,0.718,0.555,Declaration (Sec 19),0,normal
BS-PARCEL-03382,Madhya Pradesh,Gwalior,2.69,Agricultural,Dry Crop,1485000.0,1897000.0,1860000.0,12582000.0,1317000.0,1.95,78.0,0.1192,2,1,206,0.923,0.705,Compensation Disbursement,0,normal
BS-PARCEL-03383,Odisha,Sambalpur,9.89,Agricultural,Dry Crop,1210000.0,1439000.0,1509000.0,36515000.0,1282000.0,1.31,62.8,0.0682,19,7,178,0.913,0.835,Rehabilitation Scheme (Sec 16),0,normal
BS-PARCEL-03384,Gujarat,Ahmedabad,0.67,Agricultural,Irrigated Crop,1446000.0,1708000.0,1775000.0,2761000.0,1327000.0,0.77,66.9,0.0723,0,4,103,0.93,0.297,SIA Survey (Sec 4),0,normal
BS-PARCEL-03385,Maharashtra,Nagpur,1.09,Agricultural,Infrastructure Corridor,1408000.0,1488000.0,1501000.0,3525000.0,1346000.0,13.2,62.6,0.02,0,4,225,0.602,0.807,Compensation Disbursement,0,normal
BS-PARCEL-03386,Odisha,Khordha,0.63,Agricultural,Residential Zone,1229000.0,1757000.0,1754000.0,1093000.0,1046000.0,1.76,49.6,0.0388,0,30,149,0.95,0.719,Enquiry & Award (Sec 23),1,strong_anomaly
BS-PARCEL-03387,Odisha,Jharsuguda,1.32,Non-Agricultural,Dry Crop,2643000.0,2839000.0,3007000.0,9855000.0,2626000.0,0.8,26.4,0.1179,2,1,362,0.937,0.606,Enquiry & Award (Sec 23),0,normal
BS-PARCEL-03388,Odisha,Jharsuguda,1.67,Barren,Dry Crop,771000.0,893000.0,917000.0,3670000.0,685000.0,0.47,52.5,0.0947,4,5,93,0.883,0.469,Declaration (Sec 19),0,normal
BS-PARCEL-03389,Odisha,Sambalpur,0.84,Agricultural,Dry Crop,1166000.0,1654000.0,1744000.0,3212000.0,1292000.0,4.32,68.6,0.0842,0,2,142,0.801,0.733,Compensation Disbursement,0,normal
BS-PARCEL-03390,Odisha,Sambalpur,1.78,Non-Agricultural,Commercial Hub,2386000.0,3207000.0,3042000.0,13800000.0,2098000.0,0.12,84.5,0.1305,3,2,43,0.979,0.559,SIA Survey (Sec 4),0,normal
BS-PARCEL-03391,Madhya Pradesh,Gwalior,0.6,Commercial,Irrigated Crop,6126000.0,7849000.0,7578000.0,9944000.0,5667000.0,3.51,79.3,0.028,0,2,217,0.759,0.4,Rehabilitation Scheme (Sec 16),0,normal
BS-PARCEL-03392,Maharashtra,Nashik,1.4,Agricultural,Dry Crop,1531000.0,2012000.0,1899000.0,10510000.0,1308000.0,0.23,60.0,0.1088,1,0,33,0.718,0.356,Enquiry & Award (Sec 23),1,moderate_anomaly
BS-PARCEL-03393,Karnataka,Bengaluru Rural,9.21,Non-Agricultural,Irrigated Crop,2576000.0,2805000.0,2929000.0,57864000.0,2957000.0,0.15,52.8,0.0328,23,0,179,0.721,0.958,Preliminary Notification (Sec 11),0,normal
BS-PARCEL-03394,Maharashtra,Nagpur,4.68,Agricultural,Dry Crop,1069000.0,1468000.0,1502000.0,15452000.0,1114000.0,0.99,61.8,0.1391,7,2,51,0.943,0.611,Compensation Disbursement,0,normal
BS-PARCEL-03395,Madhya Pradesh,Indore,3.89,Non-Agricultural,Dry Crop,2324000.0,2673000.0,2570000.0,22233000.0,2424000.0,1.78,47.4,0.1018,5,3,71,0.932,0.44,Rehabilitation Scheme (Sec 16),0,normal
BS-PARCEL-03396,Karnataka,Mysuru,1.42,Agricultural,Irrigated Crop,940000.0,1347000.0,1424000.0,4917000.0,945000.0,5.24,26.9,0.1186,1,1,95,0.831,0.517,Preliminary Notification (Sec 11),0,normal
BS-PARCEL-03397,Odisha,Cuttack,0.9,Industrial,Infrastructure Corridor,6413000.0,7327000.0,7728000.0,22164000.0,7121000.0,0.39,37.2,0.0519,3,21,548,0.667,0.698,Preliminary Notification (Sec 11),1,moderate_anomaly
BS-PARCEL-03398,Gujarat,Vadodara,1.26,Barren,Irrigated Crop,697000.0,906000.0,876000.0,2653000.0,623000.0,0.1,89.7,0.1673,3,1,169,0.842,0.725,Compensation Disbursement,0,normal
BS-PARCEL-03399,Maharashtra,Thane,3.2,Agricultural,Irrigated Crop,1425000.0,1807000.0,1839000.0,12406000.0,1550000.0,0.1,98.4,0.1599,7,1,166,0.926,0.37,Enquiry & Award (Sec 23),0,normal
BS-PARCEL-03400,Tamil Nadu,Salem,6.94,Agricultural,Irrigated Crop,1457000.0,1613000.0,1646000.0,116236000.0,1591000.0,0.76,78.6,0.0972,12,1,241,0.521,0.317,SIA Survey (Sec 4),1,strong_anomaly
BS-PARCEL-03401,Uttar Pradesh,Lucknow,7.15,Agricultural,Dry Crop,1154000.0,1379000.0,1297000.0,25822000.0,993000.0,0.75,64.0,0.127,14,2,107,0.947,0.233,Preliminary Notification (Sec 11),0,normal
BS-PARCEL-03402,Madhya Pradesh,Jabalpur,5.67,Commercial,Irrigated Crop,7991000.0,10888000.0,11135000.0,140734000.0,7110000.0,1.06,39.9,0.0679,11,4,10,0.846,0.738,SIA Survey (Sec 4),0,normal
BS-PARCEL-03403,Tamil Nadu,Salem,1.77,Non-Agricultural,Dry Crop,3715000.0,4217000.0,4076000.0,18379000.0,3768000.0,0.24,62.1,0.0293,3,1,59,0.961,0.421,SIA Survey (Sec 4),0,normal
BS-PARCEL-03404,Madhya Pradesh,Jabalpur,3.39,Agricultural,Commercial Hub,1434000.0,2058000.0,2157000.0,15616000.0,1258000.0,3.25,76.0,0.1118,6,3,148,0.855,0.935,Enquiry & Award (Sec 23),0,normal
BS-PARCEL-03405,Gujarat,Ahmedabad,2.53,Commercial,Irrigated Crop,7651000.0,8938000.0,9301000.0,55946000.0,7151000.0,0.98,79.9,0.0432,5,2,174,0.883,0.779,SIA Survey (Sec 4),0,normal
BS-PARCEL-03406,Tamil Nadu,Salem,2.8,Agricultural,Infrastructure Corridor,1211000.0,1575000.0,1652000.0,8397000.0,1176000.0,0.15,77.4,0.1324,3,3,241,0.982,0.751,SIA Survey (Sec 4),0,normal
BS-PARCEL-03407,Gujarat,Surat,18.76,Agricultural,Irrigated Crop,1506000.0,1954000.0,2014000.0,181726000.0,1351000.0,3.36,86.8,0.1219,36,29,1016,0.502,0.05,Preliminary Notification (Sec 11),1,strong_anomaly
BS-PARCEL-03408,Karnataka,Belagavi,0.74,Agricultural,Dry Crop,964000.0,1194000.0,1146000.0,2300000.0,1023000.0,0.77,99.0,0.0894,0,1,291,0.598,0.411,Declaration (Sec 19),0,normal
BS-PARCEL-03409,Madhya Pradesh,Gwalior,2.72,Agricultural,Irrigated Crop,1440000.0,1889000.0,1857000.0,12514000.0,1438000.0,1.6,57.7,0.0872,2,5,219,0.902,0.735,Enquiry & Award (Sec 23),0,normal
BS-PARCEL-03410,Uttar Pradesh,Prayagraj,9.3,Agricultural,Commercial Hub,1161000.0,1564000.0,1603000.0,37062000.0,1210000.0,4.51,99.0,0.1196,14,3,25,0.801,0.467,Enquiry & Award (Sec 23),0,normal
BS-PARCEL-03411,Madhya Pradesh,Gwalior,0.96,Agricultural,Residential Zone,1308000.0,1697000.0,1661000.0,2171000.0,1298000.0,1.28,28.6,0.091,1,1,10,0.759,0.258,Declaration (Sec 19),1,moderate_anomaly
BS-PARCEL-03412,Uttar Pradesh,Agra,1.92,Agricultural,Irrigated Crop,1543000.0,1966000.0,2016000.0,9056000.0,1502000.0,0.1,51.0,0.0638,3,1,69,0.637,0.343,Possession Handover,0,normal
BS-PARCEL-03413,Odisha,Khordha,2.12,Industrial,Irrigated Crop,5342000.0,6905000.0,6769000.0,30777000.0,5330000.0,0.1,68.6,0.0194,5,2,195,0.844,0.73,Declaration (Sec 19),0,normal
BS-PARCEL-03414,Karnataka,Tumakuru,2.75,Agricultural,Irrigated Crop,918000.0,1111000.0,1068000.0,21934000.0,1028000.0,10.97,74.9,0.1184,2,32,848,0.27,0.179,Compensation Disbursement,1,strong_anomaly
BS-PARCEL-03415,Gujarat,Bharuch,0.86,Industrial,Irrigated Crop,5681000.0,6126000.0,6139000.0,72697000.0,5504000.0,0.98,61.7,0.0947,1,1,168,0.405,0.853,Declaration (Sec 19),1,strong_anomaly
BS-PARCEL-03416,Madhya Pradesh,Bhopal,5.51,Non-Agricultural,Infrastructure Corridor,3661000.0,4078000.0,4169000.0,58185000.0,3817000.0,0.74,56.1,0.1902,8,4,193,0.762,0.801,Preliminary Notification (Sec 11),0,normal
BS-PARCEL-03417,Karnataka,Bengaluru Rural,5.85,Commercial,Dry Crop,7379000.0,9539000.0,9559000.0,85334000.0,8118000.0,0.1,99.0,0.0762,8,4,325,0.878,0.835,Compensation Disbursement,1,moderate_anomaly
BS-PARCEL-03418,Maharashtra,Pune,5.11,Agricultural,Dry Crop,1520000.0,2160000.0,2197000.0,28289000.0,1575000.0,1.1,55.2,0.0921,6,2,181,0.618,0.359,Declaration (Sec 19),0,normal
BS-PARCEL-03419,Gujarat,Bharuch,1.58,Commercial,Infrastructure Corridor,8094000.0,8582000.0,8518000.0,31617000.0,7429000.0,1.98,46.7,0.093,3,3,218,0.842,0.78,Enquiry & Award (Sec 23),0,normal
BS-PARCEL-03420,Gujarat,Vadodara,3.57,Agricultural,Residential Zone,1520000.0,1927000.0,1991000.0,16715000.0,1348000.0,6.93,95.4,0.106,3,3,355,0.725,0.712,SIA Survey (Sec 4),0,normal
BS-PARCEL-03421,Maharashtra,Aurangabad,1.55,Agricultural,Residential Zone,1148000.0,1321000.0,1345000.0,6059000.0,1179000.0,0.1,80.3,0.0413,5,13,595,0.937,0.818,Rehabilitation Scheme (Sec 16),1,moderate_anomaly
BS-PARCEL-03422,Tamil Nadu,Madurai,2.5,Agricultural,Irrigated Crop,1241000.0,1582000.0,1596000.0,9477000.0,1326000.0,1.64,84.7,0.0769,6,5,368,0.702,0.415,Compensation Disbursement,0,normal
BS-PARCEL-03423,Uttar Pradesh,Agra,20.71,Agricultural,Irrigated Crop,1511000.0,2040000.0,2024000.0,361248000.0,1633000.0,1.08,68.5,0.1131,39,4,10,0.489,0.849,SIA Survey (Sec 4),1,strong_anomaly
BS-PARCEL-03424,Tamil Nadu,Salem,3.6,Industrial,Irrigated Crop,6222000.0,8363000.0,8399000.0,73653000.0,6584000.0,0.4,40.2,0.0667,10,2,89,0.88,0.685,Preliminary Notification (Sec 11),0,normal
BS-PARCEL-03425,Gujarat,Surat,1.21,Barren,Irrigated Crop,545000.0,730000.0,691000.0,2089000.0,464000.0,0.61,66.5,0.1116,0,1,118,0.67,0.813,SIA Survey (Sec 4),0,normal
BS-PARCEL-03426,Madhya Pradesh,Bhopal,3.87,Commercial,Irrigated Crop,5583000.0,7602000.0,7754000.0,130437000.0,6042000.0,2.61,37.8,0.0839,2,2,10,0.932,0.637,Declaration (Sec 19),1,moderate_anomaly
BS-PARCEL-03427,Maharashtra,Pune,1.05,Agricultural,Irrigated Crop,1150000.0,1241000.0,1197000.0,3563000.0,1186000.0,1.82,69.4,0.0961,0,2,161,0.69,0.925,Compensation Disbursement,0,normal
BS-PARCEL-03428,Gujarat,Vadodara,1.2,Industrial,Irrigated Crop,5818000.0,7295000.0,7610000.0,21742000.0,6670000.0,0.42,76.8,0.126,5,2,174,0.932,0.665,Declaration (Sec 19),0,normal
BS-PARCEL-03429,Tamil Nadu,Kanchipuram,1.37,Non-Agricultural,Dry Crop,3570000.0,4122000.0,4276000.0,11950000.0,3853000.0,1.11,84.4,0.0709,1,2,261,0.781,0.364,Possession Handover,0,normal
BS-PARCEL-03430,Maharashtra,Pune,2.28,Agricultural,Irrigated Crop,1318000.0,1870000.0,1876000.0,8665000.0,1290000.0,0.3,63.3,0.0219,4,3,257,0.839,0.648,Declaration (Sec 19),0,normal
BS-PARCEL-03431,Uttar Pradesh,Varanasi,7.36,Agricultural,Irrigated Crop,982000.0,1339000.0,1395000.0,26268000.0,1034000.0,2.07,78.5,0.0693,19,3,199,0.83,0.45,Rehabilitation Scheme (Sec 16),0,normal
BS-PARCEL-03432,Madhya Pradesh,Jabalpur,5.43,Non-Agricultural,Irrigated Crop,2610000.0,2853000.0,2911000.0,39187000.0,2701000.0,0.28,48.7,0.047,8,1,303,0.884,0.789,SIA Survey (Sec 4),0,normal
BS-PARCEL-03433,Maharashtra,Aurangabad,5.18,Agricultural,Dry Crop,1517000.0,1740000.0,1665000.0,95915000.0,1443000.0,1.76,82.4,-0.005,8,2,250,0.435,0.637,SIA Survey (Sec 4),1,strong_anomaly
BS-PARCEL-03434,Gujarat,Bharuch,1.3,Agricultural,Commercial Hub,1150000.0,1417000.0,1458000.0,4715000.0,1162000.0,0.96,77.1,0.0757,2,2,144,0.567,0.474,Enquiry & Award (Sec 23),0,normal
BS-PARCEL-03435,Madhya Pradesh,Indore,2.1,Non-Agricultural,Commercial Hub,2273000.0,3262000.0,3456000.0,89004000.0,2071000.0,1.36,50.6,0.088,6,2,193,0.507,0.932,Preliminary Notification (Sec 11),1,strong_anomaly
BS-PARCEL-03436,Madhya Pradesh,Jabalpur,4.18,Agricultural,Irrigated Crop,1117000.0,1222000.0,1155000.0,12297000.0,979000.0,2.83,74.5,0.1208,13,2,110,0.962,0.514,SIA Survey (Sec 4),0,normal
BS-PARCEL-03437,Karnataka,Belagavi,1.95,Agricultural,Irrigated Crop,1481000.0,1892000.0,1834000.0,8418000.0,1585000.0,2.08,84.6,0.0344,6,2,45,0.981,0.746,Compensation Disbursement,0,normal
BS-PARCEL-03438,Karnataka,Tumakuru,2.62,Agricultural,Irrigated Crop,1255000.0,1489000.0,1506000.0,8523000.0,1211000.0,1.1,66.4,0.0835,4,4,227,0.921,0.315,Declaration (Sec 19),0,normal
BS-PARCEL-03439,Tamil Nadu,Coimbatore,4.83,Non-Agricultural,Irrigated Crop,2388000.0,3125000.0,3093000.0,33575000.0,2571000.0,0.1,50.2,0.1251,17,2,15,0.647,0.785,Preliminary Notification (Sec 11),0,normal
BS-PARCEL-03440,Uttar Pradesh,Lucknow,2.47,Barren,Irrigated Crop,609000.0,797000.0,810000.0,4053000.0,607000.0,1.95,68.2,0.057,5,0,159,0.872,0.451,Enquiry & Award (Sec 23),0,normal
BS-PARCEL-03441,Gujarat,Vadodara,4.02,Commercial,Infrastructure Corridor,8594000.0,9851000.0,9953000.0,100961000.0,9393000.0,3.0,74.9,0.1014,5,3,10,0.811,0.61,Declaration (Sec 19),0,normal
BS-PARCEL-03442,Uttar Pradesh,Agra,12.86,Non-Agricultural,Irrigated Crop,2826000.0,3856000.0,3989000.0,108976000.0,3029000.0,3.88,50.1,0.1439,12,1,187,0.803,0.866,Compensation Disbursement,0,normal
BS-PARCEL-03443,Uttar Pradesh,Gorakhpur,2.87,Non-Agricultural,Irrigated Crop,2842000.0,3088000.0,2929000.0,17697000.0,3067000.0,1.41,46.9,0.0055,3,2,100,0.765,0.703,Enquiry & Award (Sec 23),0,normal
BS-PARCEL-03444,Maharashtra,Aurangabad,9.05,Non-Agricultural,Commercial Hub,2357000.0,3246000.0,3223000.0,56922000.0,2307000.0,0.1,74.4,0.0909,12,5,242,0.889,0.726,Preliminary Notification (Sec 11),0,normal
BS-PARCEL-03445,Karnataka,Bengaluru Rural,5.34,Agricultural,Dry Crop,1119000.0,1270000.0,1325000.0,15840000.0,1274000.0,0.89,79.8,0.1265,11,4,155,0.839,0.66,SIA Survey (Sec 4),0,normal
BS-PARCEL-03446,Odisha,Jharsuguda,0.95,Agricultural,Irrigated Crop,1487000.0,1912000.0,1881000.0,4455000.0,1445000.0,0.34,99.0,0.066,1,2,165,0.831,0.741,SIA Survey (Sec 4),0,normal
BS-PARCEL-03447,Tamil Nadu,Coimbatore,1.3,Non-Agricultural,Irrigated Crop,3421000.0,4067000.0,4069000.0,12880000.0,3722000.0,0.29,77.0,0.1355,4,1,185,0.768,0.404,Enquiry & Award (Sec 23),0,normal
BS-PARCEL-03448,Karnataka,Tumakuru,1.63,Non-Agricultural,Infrastructure Corridor,2832000.0,3664000.0,3454000.0,14991000.0,2823000.0,3.03,43.2,0.1054,1,3,112,0.853,0.739,Declaration (Sec 19),0,normal
BS-PARCEL-03449,Tamil Nadu,Coimbatore,1.61,Agricultural,Irrigated Crop,1543000.0,1785000.0,1726000.0,7451000.0,1420000.0,0.1,99.0,0.1508,4,3,117,0.765,0.499,Enquiry & Award (Sec 23),0,normal
BS-PARCEL-03450,Maharashtra,Pune,3.07,Industrial,Dry Crop,4695000.0,5998000.0,5972000.0,82907000.0,4877000.0,0.5,84.0,0.1033,3,2,117,0.845,0.768,Declaration (Sec 19),1,moderate_anomaly
BS-PARCEL-03451,Tamil Nadu,Coimbatore,5.6,Non-Agricultural,Commercial Hub,3552000.0,3741000.0,3696000.0,115445000.0,3519000.0,0.23,28.9,0.1541,6,1,166,0.855,0.679,Rehabilitation Scheme (Sec 16),1,moderate_anomaly
BS-PARCEL-03452,Odisha,Khordha,9.65,Agricultural,Irrigated Crop,923000.0,1107000.0,1136000.0,23678000.0,858000.0,2.53,46.5,0.092,16,2,118,0.839,0.583,Preliminary Notification (Sec 11),0,normal
BS-PARCEL-03453,Uttar Pradesh,Prayagraj,4.31,Agricultural,Commercial Hub,1150000.0,1588000.0,1609000.0,14148000.0,1109000.0,5.42,56.2,0.0253,6,3,229,0.892,0.816,SIA Survey (Sec 4),0,normal
BS-PARCEL-03454,Madhya Pradesh,Bhopal,2.27,Agricultural,Irrigated Crop,1516000.0,1873000.0,1958000.0,3120000.0,1361000.0,0.62,80.1,0.0548,4,38,10,0.565,0.896,Rehabilitation Scheme (Sec 16),1,strong_anomaly
BS-PARCEL-03455,Tamil Nadu,Coimbatore,0.57,Agricultural,Irrigated Crop,1549000.0,1936000.0,2018000.0,2985000.0,1775000.0,0.83,22.2,0.1207,3,3,15,0.573,0.387,Declaration (Sec 19),0,normal
BS-PARCEL-03456,Madhya Pradesh,Bhopal,3.53,Agricultural,Irrigated Crop,1445000.0,1877000.0,1819000.0,14414000.0,1507000.0,0.34,62.9,0.1199,6,4,387,0.851,0.625,Possession Handover,0,normal
BS-PARCEL-03457,Tamil Nadu,Kanchipuram,3.39,Agricultural,Infrastructure Corridor,1382000.0,1691000.0,1593000.0,14489000.0,1247000.0,2.56,79.1,0.0676,6,5,132,0.597,0.736,SIA Survey (Sec 4),0,normal
BS-PARCEL-03458,Odisha,Sambalpur,3.88,Agricultural,Irrigated Crop,1487000.0,2077000.0,2165000.0,20455000.0,1605000.0,2.97,14.0,0.1522,8,3,68,0.913,0.773,Enquiry & Award (Sec 23),0,normal
BS-PARCEL-03459,Madhya Pradesh,Gwalior,19.89,Agricultural,Irrigated Crop,1409000.0,1707000.0,1672000.0,86342000.0,1452000.0,1.64,78.4,0.0658,38,2,177,0.785,0.762,SIA Survey (Sec 4),0,normal
BS-PARCEL-03460,Uttar Pradesh,Gorakhpur,9.53,Commercial,Infrastructure Corridor,5866000.0,8371000.0,8217000.0,950098000.0,6258000.0,0.47,80.6,0.0985,15,2,264,0.425,0.684,Enquiry & Award (Sec 23),1,strong_anomaly
BS-PARCEL-03461,Gujarat,Surat,6.47,Commercial,Irrigated Crop,6693000.0,9375000.0,8991000.0,158188000.0,6863000.0,0.36,49.8,0.0974,11,3,250,0.965,0.527,Preliminary Notification (Sec 11),0,normal
BS-PARCEL-03462,Maharashtra,Nashik,1.47,Agricultural,Residential Zone,1376000.0,1677000.0,1716000.0,5875000.0,1195000.0,1.74,44.2,0.0268,2,3,97,0.691,0.594,Enquiry & Award (Sec 23),0,normal
BS-PARCEL-03463,Madhya Pradesh,Gwalior,2.15,Agricultural,Dry Crop,1323000.0,1583000.0,1541000.0,7666000.0,1205000.0,3.77,49.5,0.0756,1,5,123,0.766,0.54,SIA Survey (Sec 4),0,normal
BS-PARCEL-03464,Karnataka,Bengaluru Rural,3.06,Agricultural,Dry Crop,1537000.0,2030000.0,1951000.0,14377000.0,1661000.0,13.23,16.9,0.1752,8,2,143,0.876,0.464,SIA Survey (Sec 4),0,normal
BS-PARCEL-03465,Madhya Pradesh,Gwalior,1.72,Agricultural,Commercial Hub,1241000.0,1678000.0,1679000.0,6898000.0,1336000.0,3.03,59.1,0.0431,4,2,214,0.67,0.248,Declaration (Sec 19),0,normal
BS-PARCEL-03466,Maharashtra,Nagpur,5.08,Agricultural,Commercial Hub,1028000.0,1156000.0,1191000.0,14609000.0,1106000.0,2.11,69.0,0.105,6,1,185,0.954,0.499,Rehabilitation Scheme (Sec 16),0,normal
BS-PARCEL-03467,Gujarat,Ahmedabad,4.5,Agricultural,Irrigated Crop,1054000.0,1208000.0,1175000.0,10239000.0,901000.0,0.72,43.1,0.0338,8,1,79,0.848,0.86,Declaration (Sec 19),0,normal
BS-PARCEL-03468,Karnataka,Mysuru,1.32,Agricultural,Infrastructure Corridor,1509000.0,1673000.0,1718000.0,5128000.0,1647000.0,1.18,82.5,0.0427,2,4,123,0.83,0.848,Rehabilitation Scheme (Sec 16),0,normal
BS-PARCEL-03469,Uttar Pradesh,Varanasi,9.18,Barren,Infrastructure Corridor,491000.0,665000.0,662000.0,13747000.0,482000.0,2.64,66.8,0.0234,21,1,150,0.794,0.809,Possession Handover,0,normal
BS-PARCEL-03470,Maharashtra,Aurangabad,3.62,Agricultural,Residential Zone,1526000.0,2038000.0,2014000.0,16913000.0,1615000.0,9.38,69.7,0.1176,4,3,343,0.7,0.84,SIA Survey (Sec 4),0,normal
BS-PARCEL-03471,Odisha,Cuttack,0.76,Commercial,Dry Crop,5092000.0,5732000.0,5635000.0,9979000.0,4744000.0,1.53,57.8,0.0451,1,4,160,0.738,0.7,Declaration (Sec 19),0,normal
BS-PARCEL-03472,Uttar Pradesh,Lucknow,3.18,Agricultural,Dry Crop,1182000.0,1495000.0,1431000.0,12156000.0,1278000.0,1.02,78.4,0.1307,6,3,543,0.855,0.842,Compensation Disbursement,0,normal
BS-PARCEL-03473,Gujarat,Bharuch,4.22,Agricultural,Dry Crop,1476000.0,2001000.0,1961000.0,20597000.0,1690000.0,1.29,88.2,0.0587,6,2,150,0.873,0.691,Enquiry & Award (Sec 23),0,normal
BS-PARCEL-03474,Maharashtra,Thane,7.59,Industrial,Irrigated Crop,4774000.0,6821000.0,7131000.0,135904000.0,4421000.0,0.98,57.7,0.0851,18,2,10,0.767,0.703,Rehabilitation Scheme (Sec 16),0,normal
BS-PARCEL-03475,Uttar Pradesh,Gorakhpur,2.49,Agricultural,Dry Crop,1492000.0,1673000.0,1593000.0,8905000.0,1619000.0,0.98,78.7,0.0965,0,2,218,0.585,0.658,Declaration (Sec 19),0,normal
BS-PARCEL-03476,Gujarat,Bharuch,6.71,Non-Agricultural,Dry Crop,2269000.0,2659000.0,2805000.0,37085000.0,2340000.0,0.54,78.9,0.0153,10,3,295,0.721,0.376,Preliminary Notification (Sec 11),0,normal
BS-PARCEL-03477,Madhya Pradesh,Jabalpur,3.89,Barren,Dry Crop,687000.0,817000.0,779000.0,7593000.0,640000.0,0.94,72.5,0.0881,9,1,232,0.82,0.661,Declaration (Sec 19),0,normal
BS-PARCEL-03478,Maharashtra,Nagpur,1.09,Non-Agricultural,Irrigated Crop,3079000.0,4003000.0,3937000.0,9262000.0,2889000.0,1.54,95.2,0.094,3,4,201,0.646,0.576,Rehabilitation Scheme (Sec 16),0,normal
BS-PARCEL-03479,Uttar Pradesh,Gorakhpur,1.0,Agricultural,Dry Crop,1541000.0,1702000.0,1724000.0,3729000.0,1648000.0,1.46,51.9,0.1256,0,2,138,0.709,0.907,Enquiry & Award (Sec 23),0,normal
BS-PARCEL-03480,Uttar Pradesh,Prayagraj,8.62,Agricultural,Dry Crop,967000.0,1090000.0,1134000.0,25367000.0,904000.0,0.91,57.4,0.0416,9,3,148,0.925,0.606,Compensation Disbursement,0,normal
BS-PARCEL-03481,Karnataka,Belagavi,9.18,Agricultural,Dry Crop,1144000.0,1558000.0,1491000.0,34008000.0,989000.0,1.77,51.0,0.0473,13,0,10,0.91,0.501,SIA Survey (Sec 4),0,normal
BS-PARCEL-03482,Odisha,Cuttack,4.37,Agricultural,Infrastructure Corridor,1375000.0,1742000.0,1667000.0,16582000.0,1529000.0,0.6,78.1,0.1064,12,4,274,0.893,0.63,Preliminary Notification (Sec 11),0,normal
BS-PARCEL-03483,Maharashtra,Nagpur,11.84,Agricultural,Commercial Hub,1606000.0,1789000.0,1817000.0,49201000.0,1649000.0,0.27,60.1,0.1365,30,5,138,0.843,0.605,Rehabilitation Scheme (Sec 16),0,normal
BS-PARCEL-03484,Gujarat,Surat,8.15,Industrial,Irrigated Crop,6043000.0,7284000.0,7103000.0,129497000.0,6512000.0,0.52,52.5,0.0563,18,2,306,0.921,0.821,Declaration (Sec 19),0,normal
BS-PARCEL-03485,Gujarat,Ahmedabad,5.94,Non-Agricultural,Irrigated Crop,3522000.0,3888000.0,3955000.0,49834000.0,3631000.0,1.15,94.9,0.0306,12,1,121,0.799,0.248,Rehabilitation Scheme (Sec 16),0,normal
BS-PARCEL-03486,Gujarat,Ahmedabad,1.53,Agricultural,Dry Crop,1272000.0,1520000.0,1578000.0,6186000.0,1278000.0,1.51,97.6,0.0673,1,5,174,0.713,0.712,Declaration (Sec 19),0,normal
BS-PARCEL-03487,Maharashtra,Aurangabad,14.46,Agricultural,Dry Crop,1306000.0,1580000.0,1500000.0,45381000.0,1412000.0,0.71,59.1,0.0395,24,2,317,0.907,0.873,Declaration (Sec 19),0,normal
BS-PARCEL-03488,Uttar Pradesh,Gorakhpur,5.24,Non-Agricultural,Residential Zone,3542000.0,3878000.0,4038000.0,46703000.0,3045000.0,3.01,40.4,0.0959,12,2,326,0.759,0.634,Possession Handover,0,normal
BS-PARCEL-03489,Madhya Pradesh,Gwalior,2.39,Industrial,Irrigated Crop,6105000.0,6556000.0,6192000.0,35181000.0,5760000.0,1.31,98.5,0.0368,5,2,272,0.71,0.691,Rehabilitation Scheme (Sec 16),0,normal
BS-PARCEL-03490,Gujarat,Bharuch,1.88,Agricultural,Irrigated Crop,1478000.0,2073000.0,2172000.0,8564000.0,1535000.0,3.2,73.5,0.1189,2,4,10,0.857,0.65,Preliminary Notification (Sec 11),0,normal
BS-PARCEL-03491,Gujarat,Vadodara,4.13,Agricultural,Irrigated Crop,1489000.0,2092000.0,2211000.0,23068000.0,1687000.0,3.14,72.6,0.0885,6,6,39,0.928,0.512,Rehabilitation Scheme (Sec 16),0,normal
BS-PARCEL-03492,Maharashtra,Nashik,0.8,Commercial,Commercial Hub,8306000.0,8730000.0,8905000.0,17013000.0,8041000.0,3.48,66.9,0.1202,0,2,257,0.736,0.698,Declaration (Sec 19),0,normal
BS-PARCEL-03493,Odisha,Cuttack,6.02,Industrial,Infrastructure Corridor,3928000.0,5132000.0,5430000.0,58306000.0,4488000.0,1.74,50.6,-0.0169,7,1,103,0.847,0.771,SIA Survey (Sec 4),0,normal
BS-PARCEL-03494,Karnataka,Tumakuru,1.48,Industrial,Residential Zone,4443000.0,4832000.0,5019000.0,16711000.0,4783000.0,3.0,57.6,0.0097,2,1,188,0.891,0.436,SIA Survey (Sec 4),0,normal
BS-PARCEL-03495,Gujarat,Vadodara,4.55,Agricultural,Dry Crop,1603000.0,2203000.0,2083000.0,26128000.0,1596000.0,8.06,77.2,0.1317,11,2,202,0.932,0.627,Rehabilitation Scheme (Sec 16),0,normal
BS-PARCEL-03496,Maharashtra,Pune,2.13,Agricultural,Residential Zone,1292000.0,1811000.0,1703000.0,19849000.0,1265000.0,2.33,56.9,0.0512,7,40,1015,0.392,0.279,Enquiry & Award (Sec 23),1,strong_anomaly
BS-PARCEL-03497,Tamil Nadu,Salem,2.65,Agricultural,Irrigated Crop,1027000.0,1332000.0,1255000.0,8167000.0,913000.0,0.13,72.8,0.0213,7,0,63,0.9,0.686,Possession Handover,0,normal
BS-PARCEL-03498,Odisha,Cuttack,1.74,Agricultural,Dry Crop,1262000.0,1635000.0,1626000.0,6697000.0,1306000.0,0.39,65.2,0.0719,2,3,292,0.792,0.862,Rehabilitation Scheme (Sec 16),0,normal
BS-PARCEL-03499,Uttar Pradesh,Prayagraj,2.89,Industrial,Infrastructure Corridor,5460000.0,6544000.0,6641000.0,26176000.0,4727000.0,3.77,46.0,0.0897,7,2,122,0.775,0.758,SIA Survey (Sec 4),1,moderate_anomaly
BS-PARCEL-03500,Odisha,Sambalpur,16.54,Agricultural,Irrigated Crop,1496000.0,1720000.0,1716000.0,143298000.0,1464000.0,0.45,94.2,0.0737,33,0,244,0.902,0.715,Rehabilitation Scheme (Sec 16),1,moderate_anomaly
